message_id,date,message,label
COM_007,28/05/2026,"Ma OTP xac thuc GD la 066595, hieu luc [TIME]. Chi tiet GD: Chuyen khoan nhanh qua so TK, so tien [MONEY] tren kenh Mobile cua dich vu VCB Digibank.",0
TE_027,28/05/2026,"[TB] CMND đăng ký thuê bao của Quý khách đã hết hiệu lực từ [DATE] (theo quy định luật Căn cước). Quý khách vui lòng truy cập https://viettel.vn/doigiayto và cập nhật thông tin CC/CCCD mới nhất hoặc đến cửa hàng giao dịch Viettel để được hỗ trợ.
Tặng [MONEY] vào tài khoản khuyến mại khi thực hiện online qua My Viettel trước [DATE], ưu đãi cộng vào ngày hôm sau. Chi tiết liên hệ 198 ([MONEY]). Trân trọng.
",0
TE_030,28/05/2026,[TB] Số điện thoại của Quý khách đã được xác thực thông tin theo quy định của Thông tư 08/[NUMBER]/ TT-BKHCN. Quý khách KHÔNG CẦN thực hiện thêm bất kỳ thao tác xác thực nào và yên tâm tiếp tục sử dụng dịch vụ. Viettel trân trọng cảm ơn Quý khách đã đồng hành!,0
TE_036,28/05/2026,"Theo thông tư 08/TT-BKHCN của Bộ KH&CN, để đảm bảo quyền lợi & tránh gián đoạn dịch vụ, QK cần cập nhật thông tin thuê bao chính chủ trên ứng dụng Vietnamobile (mục Cập nhật thông tin bao):
https://www.vietnamobile.com.vn/app Hướng dẫn chi tiết: https://vietnamobile.com.vn/cntt CTLH [NUMBER] ([MONEY]). QK vui lòng bỏ qua tin nhằn nếu đã thực hiện. Trân trọng",0
TE_045,28/05/2026,Xác thực NGAY để không bị TẠM NGỪNG dịch vụ data! - Truy cập https://viettel.vn/xacthucTB (app My Viettel) để thực hiện và nhận [MONEY] (cộng ngày hôm sau) khi hoàn thành. - Hoặc truy cập VNeID để xác nhận sử dụng. Chi tiết liên hệ 198 ([MONEY]). Trân trọng,0
COM_085,18/06/2026,"Quy khach co [MONEY] trong tai khoan. Bam goi *098*3# de co 3GB voi [MONEY]/3 ngay hoac *098*989# ([MONEY]/3 ngay) co 15GB (5GB/ngay), mien phi [TIME]/cuoc noi mang, [TIME] ngoai mang, SMS noi mang va [NUMBER].
Goi cuoc gia han khi het chu ky. De biet thong tin cac uu dai khac, bam goi *098# hoac truy cap My Viettel tai https://myvt.page.link/goidata . Chi tiet LH 198 ([MONEY]). Tran trong.",0
COM_086,18/06/2026,"Ban co [MONEY] qua Nap Dien Thoai & [MONEY] qua khac trong MoMo, het han 31/8. Mo Vi > UU DAI > QUA CUA TOI hoac https://momo.vn/qua-cua-toi dung ngay!",0
COM_087,18/06/2026,"[TB] MỪNG QUỐC KHÁNH! Viettel khuyến mại 20% giá trị tất cả thẻ nạp trong ngày 31/08. Tiền KM sử dụng nội mạng đến hết [DATE]. Giảm thêm 2,5% khi nạp thẻ tại https://viettel.vn/pay/tt . Chi tiết gọi 197 bấm phím 19 ([MONEY]). Trân trọng.",0
COM_088,18/06/2026,"Quy khach dang thuc hien
Lien ket the/TK Sacombank
Ma OTP: 587437 hieu luc [TIME]
Quy khach se MAT TIEN va THONG TIN neu cung cap Ma OTP cho bat ky ai",0
COM_089,18/06/2026,"Quy khach da hoan tat xac thuc thanh cong Sacombank Pay. Neu Quy khach KHONG thuc hien, vui long soan STBPAY KHOA gui [NUMBER], hoac lien he ngay [NUMBER]",0
COM_090,18/06/2026,"Quý khách đã đăng ký thành công gói ST30K: [MONEY]/7 ngày có 7GB, hết lưu lượng truy cập theo gói Mobile Internet đang sử dụng (nếu có). Gói cước gia hạn sau 7 ngày, lưu lượng còn lại sẽ được bảo lưu khi gia hạn thành công. 
Truy cập My Viettel tại https://viettel.vn/kttk để kiểm tra ưu đãi. Soạn HUY ST30K gửi 191 để hủy gia hạn. Chi tiết LH 198 ([MONEY]). Trân trọng.",0
COM_091,18/06/2026,"Quy khach dang thuc hien
Chuyen tien nhanh 247 den TK
Nguoi nhan: [NAME]
So tien: [MONEY]
Ma OTP: 136452 hieu luc [TIME]",0
COM_092,18/06/2026,"[TB] CHỈ [MONEY], CÓ DATA SIÊU TỐC!
Soạn ST5K gửi 191: Chỉ [MONEY]/ngày có ngay 500MB tốc độ cao sử dụng đến [TIME]. Gói cước gia hạn hàng ngày. ĐẶC BIỆT: TẶNG THÊM 500MB khi mua lần thứ 2 trong ngày. LH 198 ([MONEY]).",0
COM_093,18/06/2026,Viettel TB: Cuoc goi cua Quy khach vua thuc hien duoc tinh gia cuoc ngoai vung khuyen mai. Tran trong.,0
COM_094,18/06/2026,"[QC] TẶNG ngay Modem Wifi 2 băng tần cùng 1-2 tháng cước khi đăng ký mới DV Internet Cáp quang Viettel và đóng trước cước từ 6-12 tháng tại https://viettel.vn/s/ftth. Quý khách sẽ có ngay đường truyền Internet siêu nhanh, 
tốc độ từ 100Mbps với cước TB chỉ từ [MONEY]/tháng. Phí hòa mạng [MONEY]. Chi tiết LH [NUMBER] ([MONEY]). Từ chối QC, soạn TC3 gửi 199.",0
COM_095,18/06/2026,"(QC) Tang 200MB truy cap internet va co hoi NHAN [MONEY] vao tai khoan goc khi soan XN1 gui [NUMBER] dang ky goi data giai tri ngay Mydata. KHONG GIOI HAN data toc do cao luot Facebook, TikTok, Youtube, Spotify, Instagram... 
voi ung dung Mydata. Uu dai data su dung trong [TIME]. Cuoc phi chi [MONEY]/ngay, gia han theo ngay. Chi tiet truy cap http://mydata.viettel.vn hoac LH 198 ([MONEY]). Tu choi QC, soan TC4 gui 199.",0
COM_096,18/06/2026,"[TB] Để đảm bảo an toàn khi tham gia giao thông dịp Quốc khánh [DATE], đề nghị người dân chấp hành pháp luật về trật tự, an toàn giao thông, điều khiển phương tiện đúng tốc độ, giữ khoảng cách an toàn,
không tránh/vượt sai quy định, tuyệt đối không điều khiển phương tiện khi đã sử dụng rượu, bia.",0
COM_097,18/06/2026,"[TB] Toàn dân tích cực hưởng ứng tham gia cuộc thi Tìm hiểu Luật phòng, chống ma túy. Thông tin chi tiết truy cập địa chỉ: https://thitimhieuluatphongchongmatuy.vn",0
COM_098,18/06/2026,"Quy khach dang thuc hien
Chuyen tien nhanh 247 den TK
Nguoi nhan: [NAME]
So tien: [MONEY]
Ma OTP: 710760 hieu luc [TIME]",0
COM_099,18/06/2026,"Quy khach dang thuc hien
Chuyen tien nhanh 247 den TK
Nguoi nhan: [NAME]
So tien: [MONEY]
Ma OTP: 563239 hieu luc [TIME]",0
COM_100,18/06/2026,"[TB] Để duy trì liên lạc và kết nối trong thời gian di chuyển, mời Quý khách tham khảo các gói cước:
1. Soạn 1N gửi 191: [MONEY]/ngày có 5GB, miễn phí gọi điện (10p/cuộc nội mạng, 5p ngoại mạng), SMS nội mạng, [NUMBER]
2. Soạn 3N gửi 191: [MONEY]/3 ngày có 15GB (5GB/ngày), miễn phí gọi điện (10p/cuộc nội mạng, 15p ngoại mạng), SMS nội mạng, [NUMBER]
Gói cước gia hạn khi hết chu kỳ. LH 198 ([MONEY]).",0
COM_101,18/06/2026,"Quy khach duoc cong them [POINT] Viettel++ boi giao dich Tieu dung vien thong thang 08/[NUMBER]. Thoi han su dung diem den [DATE]. Hay truy cap https://myvt.page.link/vtplus tren My Viettel hoac *098# de doi diem sang Data, 
SMS, Phut goi cung nhieu uu dai gia tri khac. Chi tiet LH 198. Tran trong.",0
COM_102,18/06/2026,"[TB] TRỌN GÓI [MONEY] - BAO DATA, GỌI CẢ NGÀY!
1. Soạn 1N gửi 191: [MONEY]/ngày có 5GB, miễn phí gọi điện (10p/cuộc nội mạng, 5p ngoại mạng), SMS nội mạng, [NUMBER]
2. Soạn 3N gửi 191: [MONEY]/3 ngày có 15GB (5GB/ngày), miễn phí gọi điện (10p/cuộc nội mạng, 15p ngoại mạng), SMS nội mạng, [NUMBER]
Gói cước gia hạn khi hết chu kỳ.
LH 198 ([MONEY]).",0
COM_103,18/06/2026,"[TB] Thoải mái liên lạc và kết nối khi di chuyển, mời Quý khách tham khảo các gói cước:
1. Soạn ST15K gửi 191: [MONEY]/3 ngày có 3GB
2. Soạn 3N gửi 191: [MONEY]/3 ngày có 5GB/ngày, miễn phí gọi điện, SMS nội mạng và [NUMBER]
Chi tiết các gói cước tại https://viettel.vn/s/3ngay . LH 198 ([MONEY]).",0
COM_104,18/06/2026,"[TB] CHÀO MỪNG ĐẾN VỚI TP. Hồ Chí Minh!
Mời Quý khách tham khảo các gói cước để lên mạng và liên lạc trong suốt chuyến đi:
1. Soạn ST15K gửi 191: [MONEY]/3 ngày có 3GB
2. Soạn 3N gửi 191: [MONEY]/3 ngày có 5GB/ngày, miễn phí gọi điện, SMS nội mạng và [NUMBER]
Chi tiết các gói cước tại https://viettel.vn/s/3ngay . LH 198 ([MONEY]).",0
COM_105,18/06/2026,"[TB] Viettel trân trọng thông báo đến Quý Khách hàng về Chính sách Bảo vệ dữ liệu cá nhân của Viettel khi cung cấp sản phẩm, hàng hóa, dịch vụ căn cứ Nghị định 13/[NUMBER]/NĐ-CP. Chi tiết xem tại đường link sau: https://viettel.vn/ThongbaochinhsachbaoveDLCN",0
COM_106,18/06/2026,"Viettel TB: Từ [TIME]-[TIME] ngày [DATE], gói ST30K sẽ gia hạn. Cước phí [MONEY]/7 ngày có 7GB. Quý khách đảm bảo tài khoản để gói cước gia hạn thành công và được bảo lưu lưu lượng còn lại của gói (nếu có). Để hủy gia hạn,
soạn HUY ST30K gửi 191. Đặc biệt: Cập nhật nhiều ưu đãi HOT khi Nạp thẻ/Mua data qua Viettel Money (chi tiết truy cập https://vt.vtmoney.vn/dataend1 ). LH 198 ([MONEY]). Trân trọng.",0
COM_107,18/06/2026,"Sau khi hủy gia hạn gói ST30K, ưu đãi còn lại sẽ được sử dụng đến hết chu kỳ. Để xác nhận, soạn Y gửi 191 trong [TIME]. Để từ chối, soạn N gửi 191. Yêu cầu của Quý khách sẽ tự động hủy bỏ sau [TIME] nếu không được xác nhận lại. Chi tiết LH 198 ([MONEY]). Trân trọng.",0
COM_108,18/06/2026,"Quý khách đã hủy gia hạn gói ST30K, ưu đãi còn lại của gói ST30K được sử dụng đến hết chu kỳ. Để biết các ưu đãi dành riêng cho TB của Quý khách, vui lòng bấm gọi *098#. Chi tiết LH 198 ([MONEY]). Trân trọng.",0
COM_109,18/06/2026,"Viettel TB: Gói ST30K đã gia hạn thành công, cước phí [MONEY]/7 ngày có 7GB (hết lưu lượng truy cập theo gói Mobile Internet đang sử dụng nếu có). Gói cước gia hạn sau 7 ngày, lưu lượng còn lại sẽ được bảo lưu khi gia hạn thành công. 
Truy cập My Viettel tại https://viettel.vn/kttk để kiểm tra ưu đãi. Soạn HUY ST30K gửi 191 để hủy gia hạn. Chi tiết LH 198 ([MONEY]). Trân trọng.",0
COM_110,18/06/2026,"Quy khach dang thuc hien
Thanh toan QR
Nguoi nhan: HAMBURGERHAPI 
So tien: [MONEY]
Ma OTP: 705755 hieu luc [TIME]",0
COM_111,18/06/2026,"[QC] Đừng tốn tiền mua data hàng ngày nữa, mở ngay Viettel Money nhận 500MB data MIỄN PHÍ khi đổi [POINT] Viettel++ nhé! Nhận ngay quà tại https://km.vtmoney.vn/314y/st5k1 . LH [NUMBER]([MONEY]). Từ chối QC, soạn TC3 gửi 199.",0
COM_112,18/06/2026,"Quy khach dang thuc hien
Chuyen tien nhanh 247 den TK
Nguoi nhan: [NAME]
So tien: [MONEY]
Ma OTP: 908605 hieu luc [TIME]",0
COM_113,18/06/2026,"[QC] MUA THẺ CÀO ĐIỆN TỬ DỄ DÀNG NGAY TRÊN MY VIETTEL VỚI CHIẾT KHẤU 3%. CT áp dụng khi thanh toán qua tài khoản ngân hàng, ví điện tử liên kết trên ứng dụng My Viettel tại https://myvt.page.link/muathecao. Chi tiết LH 198 ([MONEY]). Từ chối QC, soạn TC3 gửi 199.",0
COM_114,18/06/2026,"[TB] VIETTEL TẶNG 20% GIÁ TRỊ TẤT CẢ THẺ NẠP trong ngày 11/09. Tiền KM sử dụng nội mạng đến hết [DATE]. Giảm thêm 2,5% khi nạp thẻ tại https://myvt.page.link/km . Chi tiết gọi 197 bấm phím 19 ([MONEY]). Trân trọng.",0
COM_115,18/06/2026,"Quy khach dang thuc hien
Chuyen tien nhanh 247 den TK
Nguoi nhan: [NAME]
So tien: [MONEY]
Ma OTP: 602603 hieu luc [TIME]",0
COM_116,18/06/2026,"Quy khach dang thuc hien
Thanh toan QR
Nguoi nhan: WAYSSTATION19
So tien: [MONEY]
Ma OTP: 924148 hieu luc [TIME]",0
COM_117,18/06/2026,"(QC) Tang 200MB toc do cao va khong gioi han data 4G xem Facebook, YouTube, TikTok, Instagram, Zalo, Spotify... khi soan XNL gui [NUMBER]. Co hoi trung [MONEY] vao tai khoan goc khi trai nghiem goi data truc tuyen tong hop Mydata. 
Uu dai data su dung trong [TIME]. Cuoc phi chi [MONEY]/ngay, gia han theo ngay. Chi tiet truy cap http://mydata.viettel.vn hoac LH 198 ([MONEY]). Tu choi QC, soan TC4 gui 199.",0
COM_118,18/06/2026,"[TB] Kính gửi Quý khách, để cập nhật các chương trình chăm sóc Khách hàng và khuyến mại của Viettel, hãy bấm “Follow” kênh TikTok Viettel Chăm sóc Khách hàng tại https://www.tiktok.com/@viettelcskh để nhận thông tin nhanh nhất. Trân trọng.",0
COM_119,18/06/2026,"Quy khach dang thuc hien
Chuyen tien nhanh 247 den TK
Nguoi nhan: [NAME]
So tien: [MONEY]
Ma OTP: 823164 hieu luc [TIME]",0
COM_120,18/06/2026,"Viettel TB: Gói ST30K sẽ hết thời gian sử dụng vào [TIME] ngày [DATE]. Để tiếp tục sử dụng DV, soạn ST30K gửi 191, cước phí [MONEY]/7 ngày có 7GB. Để biết thêm thông tin về các gói Mobile Internet khác,
vui lòng bấm gọi *098# hoặc truy cập My Viettel tại https://viettel.vn/goidata . Chi tiết LH 198 ([MONEY]). Trân trọng.",0
COM_121,18/06/2026,"Quy khach dang thuc hien
Chuyen tien nhanh 247 den TK
Nguoi nhan: [NAME]
So tien: [MONEY]
Ma OTP: 854471 hieu luc [TIME]",0
COM_122,18/06/2026,"[TB] Tặng 20% giá trị tất cả thẻ nạp vào tài khoản viễn thông trong ngày [DATE]. CT áp dụng khi nạp thẻ online qua các ví điện tử, ứng dụng thanh toán hoặc tại https://viettel.vn/pay/tt . Tiền KM sử dụng liên lạc nội mạng trong 15 ngày. 
Chi tiết gọi 197 bấm phím 19 ([MONEY]). Trân trọng.",0
COM_123,18/06/2026,"Viettel TB: Gói ST30K đã kết thúc. Để đăng ký lại, Quý khách vui lòng soạn ST30K gửi 191 ([MONEY]/7 ngày có 7GB). Để biết thêm thông tin về các ưu đãi khác, bấm gọi *098# hoặc truy cập My Viettel tại https://viettel.vn/goidata . Chi tiết LH 198 ([MONEY]). Trân trọng.",0
COM_124,18/06/2026,"Em chào anh em là nhân viên shop vape x14, em nhận được 1 đơn hàng của mình như gọi cho mình k đc, anh nhân được tin nhắn gọi lại em để em lên đơn cho mình a nhé",0
COM_125,18/06/2026,"[TB] Phòng Cảnh sát giao thông đường bộ - đường sắt Công an Thành phố Hồ Chí Minh khuyến cáo: Điều khiển phương tiện sau khi đã sử dụng rượu bia là một trong những nguyên nhân hàng đầu dẫn đến các vụ tai nạn giao thông đặc biệt nghiêm trọng, 
để lại hậu quả thương tâm cho chính gia đình bạn và xã hội. Vì sức khỏe và an toàn của chính bạn: “Đã uống rượu bia - không lái xe"".",0
COM_126,18/06/2026,"Quy khach dang thuc hien
Chuyen tien nhanh 247 den TK
Nguoi nhan: [NAME]
So tien: [MONEY]
Ma OTP: 021553 hieu luc [TIME]",0
COM_127,18/06/2026,"Quy khach dang thuc hien
Chuyen tien nhanh 247 den TK
Nguoi nhan: [NAME]
So tien: [MONEY]
Ma OTP: 907381 hieu luc [TIME]",0
COM_128,18/06/2026,"[TB] Bộ TTTT khuyến cáo người dân nâng cao cảnh giác, không chuyển tiền hoặc cung cấp thông tin cá nhân cho người lạ qua điện thoại. Nếu có hiện tượng trên, đề nghị trình báo ngay cho cơ quan Công an để xử lý hoặc thông báo đến số điện
thoại trực ban hình sự [NUMBER] của Cục Cảnh sát hình sự để được hướng dẫn kịp thời.",0
COM_129,18/06/2026,"Quy khach dang thuc hien
Chuyen tien den TK Sacombank
Nguoi nhan: [NAME]
So tien: [MONEY]
Ma OTP: 829318 hieu luc [TIME]",0
COM_130,18/06/2026,"Quý khách đã hủy gia hạn gói ST5K, ưu đãi còn lại của gói ST5K được sử dụng đến hết chu kỳ. Để biết các ưu đãi dành riêng cho TB của Quý khách, vui lòng bấm gọi *098#. Chi tiết LH 198 ([MONEY]). Trân trọng.",0
COM_131,18/06/2026,"Viettel TB: Gói ST5K đã được hủy theo yêu cầu của Quý khách. Để biết thêm thông tin về các gói Mobile Internet khác, bấm gọi *098# hoặc truy cập My Viettel tại https://viettel.vn/goidata . Chi tiết LH 198 ([MONEY]). Trân trọng.",0
COM_132,18/06/2026,"Quy khach dang thuc hien
Chuyen tien nhanh 247 den TK
Nguoi nhan: [NAME]
So tien: [MONEY]
Ma OTP: 226211 hieu luc [TIME]",0
COM_133,18/06/2026,"Quy khach dang thuc hien
Chuyen tien nhanh 247 den TK
Nguoi nhan: [NAME]
So tien: [MONEY]
Ma OTP: 356920 hieu luc [TIME]",0
COM_134,18/06/2026,"Quy khach dang thuc hien
Chuyen tien nhanh 247 den TK
Nguoi nhan: [NAME]
So tien: [MONEY]
Ma OTP: 232329 hieu luc [TIME]",0
COM_135,18/06/2026,"Viettel TB: Gói ST5K đã gia hạn thành công. Cước phí [MONEY]/ngày có 500MB sử dụng đến [TIME], hết lưu lượng truy cập theo gói Mobile Internet đang sử dụng (nếu có). Đăng ký lần tiếp theo trong ngày, Quý khách sẽ được tặng thêm 500MB theo CT Mua 2 tặng 1. 
Gói cước gia hạn theo ngày, lưu lượng còn lại sẽ được bảo lưu khi gia hạn thành công. Truy cập My Viettel tại https://viettel.vn/kttk để kiểm tra ưu đãi. Soạn HUY ST5K gửi 191 để hủy gia hạn. Chi tiết LH 198 ([MONEY]). Trân trọng.",0
COM_136,18/06/2026,Quý khách đã hủy gia hạn gói ST5K trước đó. Chi tiết LH 198 ([MONEY]). Trân trọng.,0
COM_137,18/06/2026,"Quy khach dang thuc hien
Chuyen tien nhanh 247 den TK
Nguoi nhan: [NAME]
So tien: [MONEY]
Ma OTP: 344197 hieu luc [TIME]",0
COM_138,18/06/2026,"Moi Quy khach soan tin de tham gia DV Data Plus:
1 gui [NUMBER] de cong 2048MB (cuoc [MONEY], su dung trong 5 ngay).
2 gui [NUMBER] de cong 500MB (cuoc [MONEY], su dung trong vong [TIME] sau khi cong).
Tin nhan co hieu luc trong [TIME]. Chi tiet LH 198 (mien phi).",0
COM_139,18/06/2026,"Quy khach dang thuc hien
Chuyen tien nhanh 247 den TK
Nguoi nhan: [NAME]
So tien: [MONEY]
Ma OTP: 766557 hieu luc [TIME]",0
COM_140,18/06/2026,"[TB] Gọi điện miễn phí qua Mocha Call Out với gói ST5K. Tham gia, soạn ST5K gửi 191: [MONEY]/ngày có 500MB, tặng thêm [TIME] gọi nội mạng Mocha Call Out dùng đến [TIME]. DV gia hạn hàng ngày. LH 198 ([MONEY]). Trân trọng.",0
COM_141,18/06/2026,"Quy khach dang thuc hien
Chuyen tien nhanh 247 den TK
Nguoi nhan: [NAME]
So tien: [MONEY]
Ma OTP: 166458 hieu luc [TIME]",0
COM_142,18/06/2026,"Doi thanh cong [POINT] tieu dung Viettel++ thanh 20 MB Data de Quy khach trai nghiem dich vu. Han su dung truoc [DATE]. Tong diem tieu dung con lai trong tai khoan Viettel++ cua Quy khach la [POINT]. 
De kiem tra lich su doi diem va lua chon uu dai hap dan khac, vui long truy cap https://myvt.page.link/vtplus. Tran trong.",0
COM_143,18/06/2026,"[TB] Để bảo đảm an toàn PCCC và thoát nạn, Bộ Công an khuyến cáo: Quản lý chặt chẽ nguồn lửa, nguồn nhiệt; thường xuyên kiểm tra, kịp thời thay thế thiết bị điện và mạng điện hư hỏng; khi sử dụng bếp ga, bếp điện, bàn là… phải có người giám sát; ngắt các
thiết bị điện khi không sử dụng. Khi xảy ra cháy: Cần bình tĩnh thông báo cho mọi người biết và tìm cách thoát khỏi đám cháy nhanh nhất; không dùng thang máy để thoát nạn; khi di chuyển cần hạ thấp cơ thể, dùng khăn, vải ướt bịt mồm, mũi để tránh ngạt khói.
Mỗi hộ gia đình cần có bình chữa cháy và lối thoát nạn dự phòng.",0
COM_144,18/06/2026,"Quy khach dang thuc hien
Chuyen tien nhanh 247 den TK
Nguoi nhan: [NAME]
So tien: [MONEY]
Ma OTP: 580996 hieu luc [TIME]",0
COM_145,18/06/2026,"Quy khach dang thuc hien
Chuyen tien nhanh 247 den TK
Nguoi nhan: [NAME]
So tien: [MONEY]
Ma OTP: 336404 hieu luc [TIME]",0
COM_146,18/06/2026,"[TB] Để đảm bảo an toàn PCCC, CATP.HCM khuyến cáo: Thường xuyên kiểm tra, kiểm soát chặt chẽ nguồn lửa, nguồn nhiệt, thiết bị điện, đặc biệt vào ban đêm, trước khi đi ngủ hoặc trước khi rời khỏi nơi làm việc.
Trang bị thiết bị báo cháy, chữa cháy, thoát nạn, chống khói, khí độc. Khi có cháy, nổ, tai nạn, sự cố, gọi ngay 114 hoặc ứng dụng Help 114 để được cứu nạn, cứu hộ kịp thời.",0
COM_147,18/06/2026,"Quy khach duoc cong them [POINT] Viettel++ boi giao dich Tieu dung vien thong thang 09/[NUMBER]. Thoi han su dung diem den [DATE]. Hay truy cap https://myvt.page.link/vtplus tren My Viettel hoac *098# de doi diem sang Data, 
SMS, Phut goi cung nhieu uu dai gia tri khac. Chi tiet LH 198. Tran trong.",0
COM_148,18/06/2026,"Quy khach dang thuc hien
Thanh toan QR
Nguoi nhan: PAYOO
So tien: [MONEY]
Ma OTP: 308126 hieu luc [TIME]",0
COM_149,18/06/2026,"Viettel TB: Quy khach da su dung het luu luong cua goi ST5K va tiep tuc truy cap theo goi Mobile Internet dang su dung (neu co). De mua them luu luong, truy cap My Viettel tai https://myvt.page.link/6 . Chi tiet LH 198 ([MONEY]). Tran trong.",0
COM_150,18/06/2026,"[TB] Soạn tin ""BL"" gửi [NUMBER], Quý vị sẽ góp [MONEY] ủng hộ đồng bào vùng lũ khắc phục khó khăn. Chương trình do quỹ Tấm lòng vàng Lao động thực hiện. Phí nhắn tin [MONEY]/tin. Chi tiết liên hệ [NUMBER], nhánh 6 ([MONEY]/phút) hoặc truy cập http://[NUMBER].vn.",0
COM_151,18/06/2026,"[QC] Tai sao ban lai phai ton tien mua goi data hang ngay? Trong khi tren Viettel Money tang 500MB data MIEN PHi khi doi [POINT] Viettel++ nhe! Nhan qua ngay tai https://km.vtmoney.vn/314y/st5k1 . LH [NUMBER]([MONEY]). Tu choi QC, soan TC3 gui 199.",0
COM_152,18/06/2026,"Quy khach dang thuc hien
Chuyen tien nhanh 247 den TK
Nguoi nhan: [NAME]
So tien: [MONEY]
Ma OTP: 533889 hieu luc [TIME]",0
COM_153,18/06/2026,"[TB] Chào mừng Ngày Chuyển đổi số quốc gia [NUMBER] và Tháng 10. Tháng tiêu dùng số, người dân được miễn phí hoặc ưu đãi khi sử dụng sản phẩm, dịch vụ số. Chi tiết tại địa chỉ: https://dx.gov.vn",0
COM_154,18/06/2026,"Quy khach dang thuc hien
Chuyen tien nhanh 247 den TK
Nguoi nhan: [NAME]
So tien: [MONEY]
Ma OTP: 453108 hieu luc [TIME]",0
COM_155,18/06/2026,"[QC] Tặng thẻ nạp [MONEY] khi đăng ký gói V150B trên ứng dụng My Viettel tại https://myvt.page.link/v150b vào chủ nhật hàng tuần. Phí DV [MONEY]/30 ngày có 2GB/ngày, miễn phí 10p/cuộc gọi nội mạng và 80p gọi ngoại mạng. 
Gói cước gia hạn khi hết chu kỳ. LH 198 ([MONEY]). Từ chối QC, soạn TC3 gửi 199.",0
COM_156,18/06/2026,"Tai khoan cua Quy khach sap het. Soan:
1 gui 211 de cong [TIME] noi mang ([MONEY]/p), su dung trong 15 ngay
2 gui 211 de cong [TIME] ngoai mang ([MONEY]/p), su dung trong 15 ngay
3 gui 211 de cong 100 tin nhan noi mang ([MONEY]/tin), su dung trong 15 ngay
4 gui 211 de cong 100 tin nhan ngoai mang ([MONEY]/tin), su dung trong 15 ngay
5 gui 211 de cong 3.072 MB data voi gia [MONEY], su dung trong 7 ngay
Chi tiet LH 198 (mien phi).",0
COM_157,23/06/2026,"Doi thanh cong [POINT] tieu dung Viettel++ thanh 20 MB Data de Quy khach trai nghiem dich vu. Han su dung truoc [DATE]. Tong diem tieu dung con lai trong tai khoan Viettel++ cua Quy khach la [POINT]. 
De kiem tra lich su doi diem va lua chon uu dai hap dan khac, vui long truy cap https://myvt.page.link/vtplus. Tran trong.",0
COM_158,23/06/2026,"Quy khach dang thuc hien
Thanh toan QR
Nguoi nhan: [NUMBER]
So tien: [MONEY]
Ma OTP: 508867 hieu luc [TIME]",0
COM_159,23/06/2026,"Quy khach dang thuc hien
Chuyen tien nhanh 247 den TK
Nguoi nhan: [NAME]
So tien: [MONEY]
Ma OTP: 020302 hieu luc [TIME]",0
COM_160,23/06/2026,"(QC) MIỄN PHÍ 5 ngày chơi game Free Fire thả ga, KHÔNG GIỚI HẠN DATA và nhận giftcode hấp dẫn: Soạn FFF gửi [NUMBER]. Từ ngày thứ 6, phí DV chỉ [MONEY]/ngày, gia hạn theo ngày. CT dành cho TB đăng ký lần đầu. 
Truy cập https://freedataviettel.ff.garena.vn hoặc LH 198 ([MONEY]) để biết thêm chi tiết. Từ chối QC, soạn TC4 gửi 199.",0
COM_161,23/06/2026,"Quy khach dang thuc hien
Chuyen tien nhanh 247 den TK
Nguoi nhan: [NAME]
So tien: [MONEY]
Ma OTP: 618348 hieu luc [TIME]",0
COM_162,23/06/2026,"Quy khach dang thuc hien
Thanh toan QR
Nguoi nhan: [NUMBER]
So tien: [MONEY]
Ma OTP: 133207 hieu luc [TIME]",0
COM_163,23/06/2026,Quy khach da su dung het luu luong cua Viettel++ va tiep tuc truy cap theo goi Mobile Internet dang su dung (neu co). Chi tiet LH 198 ([MONEY]). Tran trong.,0
COM_164,23/06/2026,"Moi Quy khach soan tin de tham gia DV Data Plus:
1 gui [NUMBER] de cong 2048MB (cuoc [MONEY], su dung trong 5 ngay).
2 gui [NUMBER] de cong 1024MB (cuoc [MONEY], su dung trong vong [TIME] sau khi cong).
Tin nhan co hieu luc trong [TIME]. Chi tiet LH 198 (mien phi).",0
COM_165,23/06/2026,"[TB] Viettel TPHCM tran trong thong bao: Theo co so du lieu quoc gia, thong tin thue bao cua Quy khach chua chinh xac. De thue bao khong bi chan 1 chieu, Quy khach mang CMND/CCCD/Ho chieu den: Cong An P.Hiep Tan 77 To Hieu P.Hiep Tan Q.Tan Phu
tu ngay [DATE] den ngay [DATE] (cuoc di dong) de cap nhat lai thong tin hoac lien he nhan vien Viettel: To Thanh Minh - [NUMBER] de duoc phuc vu tai nha. Quy khach bo qua tin nhan nay neu da thuc hien.",0
COM_166,23/06/2026,"Quy khach dang thuc hien
Chuyen tien nhanh 247 den TK
Nguoi nhan: [NAME]
So tien: [MONEY]
Ma OTP: 418138 hieu luc [TIME]",0
COM_167,23/06/2026,"[TB] Hưởng ứng ngày Chuyển đổi số quốc gia, Viettel tặng 50% tất cả giá trị nạp tiền điện thoại trên kênh số trong 2 ngày 10 và [DATE], tiền KM sử dụng liên lạc nội mạng trong 15 ngày. CT áp dụng khi nạp qua app ngân hàng, app My Viettel,
Viettel Money, web viettel.vn hoặc tại https://viettel.vn/pay/tt . LH 198 ([MONEY]).",0
COM_168,23/06/2026,"[QC] Tổng đài Thông tin Kinh tế - Xã hội Viettel giải đáp thủ tục cấp giấy đăng ký xe, biển số xe cơ giới đường bộ (áp dụng từ [DATE]). Quý khách vui lòng gọi [NUMBER] (từ số điện thoại Viettel) hoặc [NUMBER] (từ số điện thoại mạng khác).
Giá cước: [MONEY]/p. Từ chối QC, soạn TC3 gửi 199.",0
COM_169,23/06/2026,Đăng ký không thành công. Tài khoản của Quý khách không đủ [MONEY] để đăng ký gói ST5K. Quý khách vui lòng nạp thêm tiền để đăng ký lại. Chi tiết LH 198 ([MONEY]). Trân trọng.,0
COM_170,23/06/2026,"Quy khach dang thuc hien
Nap tien dien thoai
Nguoi nhan: [NUMBER]
So tien: [MONEY]
Ma OTP: 518085 hieu luc [TIME]",0
COM_171,23/06/2026,"Quy khach da duoc thanh toan [MONEY] tu nhan vien [NUMBER], Ngay GD: [DATE] [TIME]. Ma GD 2310127301325113. LH [NUMBER] ([MONEY]). Tran trong.",0
COM_172,23/06/2026,"Quy khach co [MONEY] trong tai khoan. Bam goi *098*3# de co 3GB voi [MONEY]/3 ngay hoac *098*989# ([MONEY]/3 ngay) co 15GB (5GB/ngay), mien phi [TIME]/cuoc noi mang, [TIME] ngoai mang, SMS noi mang va [NUMBER].
Goi cuoc gia han khi het chu ky. De biet thong tin cac uu dai khac, bam goi *098# hoac truy cap My Viettel tai https://myvt.page.link/goidata . Chi tiet LH 198 ([MONEY]). Tran trong.",0
COM_173,23/06/2026,"Quy khach vua nap the thanh cong va duoc khuyen mai 20% gia tri the nap. Bam goi *102# de kiem tra. DAC BIET: Viettel Money dang co nhieu khuyen mai NAP THE/MUA DATA hap dan, truy cap ngay https://vt.vtmoney.vn/topup1 de biet chi tiet. LH 198 ([MONEY]). Tran trong.",0
COM_174,23/06/2026,[TB] Tặng 20% giá trị tất cả thẻ nạp vào tài khoản viễn thông trong ngày 12/10. Tiền KM sử dụng nội mạng không giới hạn thời gian. Nạp thẻ online tại https://viettel.vn/pay/tt . CT dành riêng cho TB của Quý khách. LH 198 ([MONEY]).,0
COM_175,23/06/2026,"Quy khach dang thuc hien
Chuyen tien den TK Sacombank
Nguoi nhan: [NAME]
So tien: [MONEY]
Ma OTP: 486200 hieu luc [TIME]",0
COM_176,23/06/2026,"[QC] Nhận ưu đãi giảm giá 50% (tối đa [MONEY]) dịch vụ di chuyển Grab khi đăng ký gói 1N trên My Viettel tại https://myvt.page.link/1N. Cước phí gói 1N: [MONEY]/ngày có 5GB, miễn phí 10p/cuộc gọi nội mạng, 
5p ngoại mạng, miễn phí SMS nội mạng và [NUMBER], gói cước gia hạn theo ngày. CT áp dụng đến hết ngày [DATE] cho TB nhận tin nhắn và chưa tải ứng dụng Grab. LH 198 ([MONEY]). Từ chối QC, soạn TC3 gửi 199.",0
COM_177,23/06/2026,"Quy khach dang thuc hien
Chuyen tien nhanh 247 den TK
Nguoi nhan: [NAME]
So tien: [MONEY]
Ma OTP: 059048 hieu luc [TIME]",0
COM_178,23/06/2026,"[TB] CẢM ƠN QUÝ KHÁCH ĐÃ ĐỒNG HÀNH CÙNG VIETTEL!
Nhân dịp Sinh nhật lần thứ 23 (15/10), Viettel Telecom gửi tặng Quý khách ưu đãi đặc biệt.
Soạn VT gửi 191 trước [DATE] để tra cứu ưu đãi nhận được. Chi tiết LH 198 ([MONEY]).",0
COM_179,23/06/2026,"Doi thanh cong [POINT] tieu dung Viettel++ thanh 20 MB Data de Quy khach trai nghiem dich vu. Han su dung truoc [DATE]. Tong diem tieu dung con lai trong tai khoan Viettel++ cua Quy khach la 5.[POINT]. 
De kiem tra lich su doi diem va lua chon uu dai hap dan khac, vui long truy cap https://myvt.page.link/vtplus. Tran trong.",0
COM_180,23/06/2026,"[TB] CHỈ [MONEY], CÓ DATA SIÊU TỐC!
Chỉ với [MONEY]/ngày có ngay 500MB sử dụng đến [TIME]. Tham gia, soạn ST5K gửi 191. Gói cước gia hạn hàng ngày. Chi tiết LH 198 ([MONEY]).",0
COM_181,23/06/2026,"Quy khach dang thuc hien
Chuyen tien nhanh 247 den TK
Nguoi nhan: [NAME]
So tien: [MONEY]
Ma OTP: 738945 hieu luc [TIME]",0
COM_182,23/06/2026,"Quy khach dang thuc hien
Chuyen tien nhanh 247 den TK
Nguoi nhan: [NAME]
So tien: [MONEY]
Ma OTP: 977424 hieu luc [TIME]",0
COM_183,23/06/2026,"Doi thanh cong [POINT] tieu dung Viettel++ thanh 20 MB Data de Quy khach trai nghiem dich vu. Han su dung truoc [DATE]. Tong diem tieu dung con lai trong tai khoan Viettel++ cua Quy khach la 5.[POINT]. 
De kiem tra lich su doi diem va lua chon uu dai hap dan khac, vui long truy cap https://myvt.page.link/vtplus. Tran trong.",0
COM_184,23/06/2026,"Quy khach dang thuc hien
Chuyen tien nhanh 247 den TK
Nguoi nhan: [NAME]
So tien: [MONEY]
Ma OTP: 266567 hieu luc [TIME]",0
COM_185,23/06/2026,"Doi thanh cong [POINT] tieu dung Viettel++ thanh 20 MB Data de Quy khach trai nghiem dich vu. Han su dung truoc [DATE]. Tong diem tieu dung con lai trong tai khoan Viettel++ cua Quy khach la 5.[POINT].
De kiem tra lich su doi diem va lua chon uu dai hap dan khac, vui long truy cap https://myvt.page.link/vtplus. Tran trong.",0
COM_186,23/06/2026,"Quy khach dang thuc hien
Chuyen tien nhanh 247 den TK
Nguoi nhan: [NAME]
So tien: [MONEY]
Ma OTP: 959599 hieu luc [TIME]",0
COM_187,23/06/2026,"Doi thanh cong [POINT] tieu dung Viettel++ thanh 20 MB Data de Quy khach trai nghiem dich vu. Han su dung truoc [DATE]. Tong diem tieu dung con lai trong tai khoan Viettel++ cua Quy khach la 4.[POINT]. 
De kiem tra lich su doi diem va lua chon uu dai hap dan khac, vui long truy cap https://myvt.page.link/vtplus. Tran trong.",0
COM_188,23/06/2026,"Quy khach dang thuc hien
Chuyen tien nhanh 247 den TK
Nguoi nhan: SPAY_TRA SUA TECHA
So tien: [MONEY]
Ma OTP: 332300 hieu luc [TIME]",0
COM_189,23/06/2026,"[QC] TANG NGAY 1 - 2 thang cuoc dich vu INTERNET VIETTEL khi dang ky moi va dong truoc cuoc tu 6 - 12 thang. Cuoc TB chi tu [MONEY]/thang. Phi hoa mang [MONEY], mien phi modem wifi, thu tuc don gian va nhanh chong. 
Chi tiet LH [NUMBER] ([MONEY]) hoac truy cap https://viettel.vn/s/HOMET1 . Tu choi QC, soan TC3 gui 199.",0
COM_190,23/06/2026,"Quy khach dang thuc hien
Chuyen tien nhanh 247 den TK
Nguoi nhan: [NAME]
So tien: [MONEY]
Ma OTP: 474459 hieu luc [TIME]",0
COM_191,23/06/2026,"[TB] Viettel trân trọng thông báo: Thuê bao của Quý khách sẽ bị chặn 1 chiều ngày [DATE] nếu chưa cập nhật thông tin. Để không bị chặn dịch vụ, Quý khách truy cập https://viettel.vn/s/chtt (tham khảo https://viettel.vn/hd) 
hoặc mang CMND/CCCD/Hộ chiếu đến điểm giao dịch Viettel cập nhật thông tin. Quý khách bỏ qua tin nhắn này nếu đã thực hiện. LH 198 ([MONEY]). Trân trọng!",0
COM_192,23/06/2026,"Quy khach dang thuc hien
Nap tien dien thoai
Nguoi nhan: [NUMBER]
So tien: [MONEY]
Ma OTP: 360072 hieu luc [TIME]",0
COM_193,23/06/2026,"Quy khach da duoc thanh toan [MONEY] tu nhan vien [NUMBER], Ngay GD: [DATE] [TIME]. Ma GD 2310207308718318. LH [NUMBER] ([MONEY]). Tran trong.",0
COM_194,23/06/2026,"[TB] Thuê bao của Quý khách đã bị chặn 1 chiều do chưa cập nhật thông tin. Để mở chặn, Quý khách truy cập https://viettel.vn/s/chtt (tham khảo https://viettel.vn/hd) hoặc mang CMND/CCCD/Hộ chiếu
đến điểm giao dịch Viettel cập nhật thông tin. Quý khách bỏ qua tin nhắn này nếu đã thực hiện. LH 198 ([MONEY]). Trân trọng!",0
COM_195,23/06/2026,"Quy khach dang thuc hien
Chuyen tien nhanh 247 den TK
Nguoi nhan: [NAME]
So tien: [MONEY]
Ma OTP: 010860 hieu luc [TIME]",0
COM_196,23/06/2026,"Quy khach dang thuc hien
Chuyen tien nhanh 247 den TK
Nguoi nhan: [NAME]
So tien: [MONEY]
Ma OTP: 287704 hieu luc [TIME]",0
COM_197,23/06/2026,"[TB] VIETTEL TẶNG 20% GIÁ TRỊ TẤT CẢ THẺ NẠP trong ngày 25/10. Tiền KM sử dụng nội mạng đến hết [DATE]. Giảm thêm 2,5% khi nạp thẻ tại https://viettel.vn/pay/tt . Chi tiết gọi 197 bấm phím 19 ([MONEY]). Trân trọng.",0
COM_198,23/06/2026,"Quy khach dang thuc hien
Chuyen tien nhanh 247 den TK
Nguoi nhan: [NAME]
So tien: [MONEY]
Ma OTP: 506793 hieu luc [TIME]",0
COM_199,23/06/2026,"Doi thanh cong [POINT] tieu dung Viettel++ thanh 20 MB Data de Quy khach trai nghiem dich vu. Han su dung truoc [DATE]. Tong diem tieu dung con lai trong tai khoan Viettel++ cua Quy khach la 4.[POINT]. 
De kiem tra lich su doi diem va lua chon uu dai hap dan khac, vui long truy cap https://myvt.page.link/vtplus. Tran trong.",0
COM_200,23/06/2026,"Quy khach dang thuc hien
Chuyen tien nhanh 247 den TK
Nguoi nhan: [NAME]
So tien: [MONEY]
Ma OTP: 917706 hieu luc [TIME]",0
COM_201,23/06/2026,"Doi thanh cong [POINT] tieu dung Viettel++ thanh 20 MB Data de Quy khach trai nghiem dich vu. Han su dung truoc [DATE]. Tong diem tieu dung con lai trong tai khoan Viettel++ cua Quy khach la 4.[POINT]. De kiem tra lich su doi diem
va lua chon uu dai hap dan khac, vui long truy cap https://myvt.page.link/vtplus. Tran trong.",0
COM_202,23/06/2026,Ban dang co [MONEY] trong tai khoan Viettel Money va se HET HAN vao [DATE]. Vui long su dung qua tang ngay tai https://km.vtmoney.vn/314y/vcdt50k .,0
COM_203,23/06/2026,"Quy khach dang thuc hien
Chuyen tien den TK Sacombank
Nguoi nhan: [NAME]
So tien: [MONEY]
Ma OTP: 325172 hieu luc [TIME]",0
COM_204,23/06/2026,"Quy khach dang thuc hien
Chuyen tien nhanh 247 den TK
Nguoi nhan: [NAME]
So tien: [MONEY]
Ma OTP: 076998 hieu luc [TIME]",0
COM_205,23/06/2026,"[QC] Tặng thẻ nạp [MONEY] khi đăng ký gói SD90 trên ứng dụng My Viettel tại https://myvt.page.link/sd90 vào chủ nhật hàng tuần. Phí DV [MONEY]/30 ngày có 1,5GB/ngày. Gói cước gia hạn khi hết chu kỳ. LH 198 ([MONEY]). Từ chối QC, soạn TC3 gửi 199.",0
COM_206,23/06/2026,"Quy khach dang thuc hien
Chuyen tien nhanh 247 den TK
Nguoi nhan: [NAME]
So tien: [MONEY]
Ma OTP: 092550 hieu luc [TIME]",0
COM_207,23/06/2026,"Quy khach dang thuc hien
Chuyen tien nhanh 247 den TK
Nguoi nhan: [NAME]
So tien: [MONEY]
Ma OTP: 312853 hieu luc [TIME]",0
COM_208,23/06/2026,"[QC] Quý khách được tặng từ [MONEY] đến [MONEY] ĐỒNG khi đăng ký mới Viettel Money và kích hoạt thành công tài khoản Mobile Money. Tải ứng dụng Viettel Money, đăng ký tài khoản và nhận ưu đãi tại https://km.vtmoney.vn/314y/smsvtt. 
Chi tiết LH [NUMBER] ([MONEY]). Từ chối QC, soạn TC7 VT_MALL gửi 197.",0
COM_209,23/06/2026,"Quy khach dang thuc hien
Chuyen tien nhanh 247 den TK
Nguoi nhan: [NAME]
So tien: [MONEY]
Ma OTP: 085252 hieu luc [TIME]",0
COM_210,23/06/2026,"Quy khach dang thuc hien
Chuyen tien nhanh 247 den TK
Nguoi nhan: [NAME]
So tien: [MONEY]
Ma OTP: 351238 hieu luc [TIME]",0
COM_211,23/06/2026,"[QC] Nhận ngay 1GB data chỉ với [MONEY] khi đăng ký gói ST5KM. Gói cước chỉ có trên My Viettel, đăng ký tại https://myvt.page.link/ST5KM. Gói cước dùng đến [TIME] ngày đăng ký và không gia hạn hàng ngày. Chi tiết LH 198 ([MONEY]). Từ chối QC, soạn TC3 gửi 199.",0
COM_212,23/06/2026,"Doi thanh cong [POINT] tieu dung Viettel++ thanh 20 MB Data de Quy khach trai nghiem dich vu. Han su dung truoc [DATE]. Tong diem tieu dung con lai trong tai khoan Viettel++ cua Quy khach la 4.[POINT]. De kiem tra 
lich su doi diem va lua chon uu dai hap dan khac, vui long truy cap https://myvt.page.link/vtplus. Tran trong.",0
COM_213,23/06/2026,"Quy khach dang thuc hien
Chuyen tien nhanh 247 den TK
Nguoi nhan: [NAME]
So tien: [MONEY]
Ma OTP: 316357 hieu luc [TIME]",0
COM_214,23/06/2026,"[TB] Hưởng ứng Ngày Pháp luật Việt Nam 09/11, toàn dân nâng cao ý thức tôn trọng, tuân theo Hiến pháp và pháp luật.",0
COM_215,23/06/2026,"[TB] VIETTEL TẶNG 20% GIÁ TRỊ TẤT CẢ THẺ NẠP trong ngày 10/11. Tiền KM sử dụng nội mạng đến hết [DATE]. Giảm thêm 2,5% khi nạp thẻ tại https://viettel.vn/pay/tt . Chi tiết gọi 197 bấm phím 19 ([MONEY]). Trân trọng.",0
COM_216,23/06/2026,"Doi thanh cong [POINT] tieu dung Viettel++ thanh 20 MB Data de Quy khach trai nghiem dich vu. Han su dung truoc [DATE]. Tong diem tieu dung con lai trong tai khoan Viettel++ cua Quy khach la 4.[POINT]. De kiem tra 
lich su doi diem va lua chon uu dai hap dan khac, vui long truy cap https://myvt.page.link/vtplus. Tran trong.",0
COM_217,23/06/2026,[TB] Quy khach dung quen doi diem Viettel++ de nhan luu luong data mien phi su dung trong ngay hoac 30 ngay. Bam goi *098# hoac truy cap ung dung My Viettel tai https://myvt.page.link/vt10 de doi diem. LH 198 ([MONEY]),0
COM_218,23/06/2026,"Quy khach dang thuc hien
Chuyen tien nhanh 247 den TK
Nguoi nhan: [NAME]
So tien: [MONEY]
Ma OTP: 292616 hieu luc [TIME]",0
COM_219,23/06/2026,"Doi thanh cong [POINT] tieu dung Viettel++ thanh 30 MB Data de Quy khach trai nghiem dich vu. Han su dung truoc [DATE]. Tong diem tieu dung con lai trong tai khoan Viettel++ cua Quy khach la 4.[POINT]. De kiem tra
lich su doi diem va lua chon uu dai hap dan khac, vui long truy cap https://myvt.page.link/vtplus. Tran trong.",0
COM_220,23/06/2026,"Quy khach dang thuc hien
Chuyen tien nhanh 247 den TK
Nguoi nhan: [NAME]
So tien: [MONEY]
Ma OTP: 259910 hieu luc [TIME]",0
COM_221,23/06/2026,"Quy khach dang thuc hien
Chuyen tien nhanh 247 den TK
Nguoi nhan: [NAME]
So tien: [MONEY]
Ma OTP: 486521 hieu luc [TIME]",0
COM_222,23/06/2026,"Quy khach dang thuc hien
Chuyen tien nhanh 247 den TK
Nguoi nhan: [NAME]
So tien: [MONEY]
Ma OTP: 521654 hieu luc [TIME]",0
COM_223,23/06/2026,"[TB] DATA SIEU RE, DANG KY CUC DE
Soan ST5K gui 191: Chi [MONEY]/lan co ngay 500MB toc do cao su dung den [TIME] ngay dang ky, DV gia han hang ngay. DAC BIET: TANG THEM 500MB khi mua lan 2 trong ngay. Chi tiet LH 198 ([MONEY]).",0
COM_224,23/06/2026,"Quy khach dang thuc hien
Chuyen tien nhanh 247 den TK
Nguoi nhan: [NAME]
So tien: [MONEY]
Ma OTP: 101224 hieu luc [TIME]",0
COM_225,23/06/2026,"[TB] Tặng 20% giá trị tất cả thẻ nạp vào tài khoản viễn thông trong ngày [DATE]. CT áp dụng khi nạp thẻ online qua các ví điện tử, ứng dụng thanh toán hoặc tại https://viettel.vn/pay/tt . Tiền KM sử dụng liên lạc nội mạng trong 15 ngày. 
Chi tiết gọi 197 bấm phím 19 ([MONEY]). Trân trọng.",0
COM_226,23/06/2026,"[TB] Tang 20% gia tri tat ca the nap trong ngay [DATE]. Tien KM su dung noi mang, khong gioi han thoi gian. Nap the online tai https://myvt.page.link/km . CT danh rieng cho TB cua Quy khach. LH 198 ([MONEY]).",0
COM_227,23/06/2026,Quy khach da dung het luu luong data cua CT Viettel++ va tiep tuc truy cap theo goi Mobile Internet dang su dung (neu co). Chi tiet LH 198 ([MONEY]). Tran trong.,0
COM_228,23/06/2026,"(QC) Giai tri tha ga - mien phi data 100% LUU LUONG TOC DO CAO tai http://myclip.vn/giaitri, soan XN gui [NUMBER] ([MONEY]/ngay, gia han theo ngay) de dang ky goi data MyClip. Chi tiet LH 198 ([MONEY]). Tu choi QC, soan TC4 gui 199.",0
COM_229,23/06/2026,"[TB] NHAN DOI LUU LUONG KHI DANG KY ST5K
Soan ST5K gui 191: Chi [MONEY] co 1.000MB su dung den [TIME] ngay dang ky (gia goc [MONEY] co 500MB, gia han hang ngay; tang them 500MB sau [TIME] dang ky). CT ap dung tu thoi diem TB nhan duoc tin nhan den [DATE] [TIME]. LH 198 ([MONEY]).",0
COM_230,23/06/2026,"Quy khach dang thuc hien
Chuyen tien nhanh 247 den TK
Nguoi nhan: [NAME]
So tien: [MONEY]
Ma OTP: 802361 hieu luc [TIME]",0
COM_231,23/06/2026,"[TB] Tang 20% gia tri tat ca the nap trong ngay [DATE]. Tien KM su dung noi mang, khong gioi han thoi gian. Nap the online tai https://myvt.page.link/km . CT danh rieng cho TB cua Quy khach. LH 198 ([MONEY]).",0
COM_232,23/06/2026,"Quy khach dang thuc hien
Chuyen tien nhanh 247 den TK
Nguoi nhan: [NAME]
So tien: [MONEY]
Ma OTP: 914052 hieu luc [TIME]",0
COM_233,23/06/2026,"[QC] Tai khoan cua Quy khach sap het, soan UT gui [NUMBER] de ung [MONEY], su dung trong [TIME] tu DV Ung tai khoan khong phi Fast Airtime. Tien ung se duoc tru khi Quy khach nap the. So tien chua su dung het 
se bi thu hoi khi het thoi gian su dung (tien ung chi su dung goi, nhan tin noi mang va ngoai mang). Chi tiet LH 198 ([MONEY]).",0
COM_234,23/06/2026,"Tai khoan vien thong cua Quy khach hien con duoi [MONEY]. Moi Quy khach nap them tien vao tai khoan vien thong. Neu tai khoan vien thong het tien, cuoc phat sinh tiep theo se duoc tru vao tai khoan Tien di dong (neu co).
DAC BIET: Viettel Money dang co nhieu khuyen mai NAP THE/MUA DATA hap dan (chi tiet truy cap https://vt.vtmoney.vn/tkg1k1 ). LH 198 ([MONEY]). Tran trong.",0
COM_235,23/06/2026,"Bam goi ngay 1530912021638 de tiep tuc lien lac voi so dien thoai [NUMBER] do tai khoan cua Quy khach khong du de thuc hien cuoc goi. Cuoc goi [MONEY]/p, tinh cuoc 6s+1, cuoc DV [MONEY]. Quy khach vui long soan 
HD gui [NUMBER] de duoc huong dan. Tu choi QC soan TC gui [NUMBER].",0
COM_236,23/06/2026,"Doi thanh cong [POINT] tieu dung Viettel++ thanh 20 MB Data de Quy khach trai nghiem dich vu. Han su dung truoc [DATE]. Tong diem tieu dung con lai trong tai khoan Viettel++ cua Quy khach la 4.[POINT]. De kiem tra lich su doi diem va lua chon uu dai hap dan khac, vui long truy cap https://myvt.page.link/vtplus. Tran trong.",0
COM_237,23/06/2026,"Quy khach dang thuc hien
Chuyen tien nhanh 247 den TK
Nguoi nhan: [NAME]
So tien: [MONEY]
Ma OTP: 837680 hieu luc [TIME]",0
COM_238,23/06/2026,"[TB] Tang 20% gia tri tat ca the nap trong ngay [DATE]. Tien KM su dung noi mang, khong gioi han thoi gian. Nap the online tai https://myvt.page.link/km . CT danh rieng cho TB cua Quy khach. LH 198 ([MONEY]).",0
COM_239,23/06/2026,"Quy khach dang thuc hien
Chuyen tien nhanh 247 den TK
Nguoi nhan: [NAME]
So tien: [MONEY]
Ma OTP: 688417 hieu luc [TIME]",0
COM_240,23/06/2026,"Doi thanh cong [POINT] tieu dung Viettel++ thanh 20 MB Data de Quy khach trai nghiem dich vu. Han su dung truoc [DATE]. Tong diem tieu dung con lai trong tai khoan Viettel++ cua Quy khach la 3.[POINT]. De kiem tra lich su doi diem va lua chon uu dai hap dan khac, vui long truy cap https://myvt.page.link/vtplus. Tran trong.",0
COM_241,23/06/2026,"Quy khach dang thuc hien
Chuyen tien nhanh 247 den TK
Nguoi nhan: [NAME]
So tien: [MONEY]
Ma OTP: 197539 hieu luc [TIME]",0
COM_242,23/06/2026,"[TB] VIETTEL TẶNG 20% GIÁ TRỊ TẤT CẢ THẺ NẠP trong ngày 25/11. Tiền KM sử dụng nội mạng đến hết [DATE]. Giảm thêm 2,5% khi nạp thẻ tại https://viettel.vn/pay/tt . Chi tiết gọi 197 bấm phím 19 ([MONEY]). Trân trọng.",0
COM_243,23/06/2026,"Quy khach dang thuc hien
Chuyen tien den TK Sacombank
Nguoi nhan: [NAME]
So tien: [MONEY]
Ma OTP: 866591 hieu luc [TIME]",0
COM_244,23/06/2026,"Quy khach dang thuc hien
Chuyen tien nhanh 247 den TK
Nguoi nhan: [NAME]
So tien: [MONEY]
Ma OTP: 086668 hieu luc [TIME]",0
COM_245,23/06/2026,"Quy khach dang thuc hien
Nap tien dien thoai
Nguoi nhan: [NUMBER]
So tien: [MONEY]
Ma OTP: 007273 hieu luc [TIME]",0
COM_246,23/06/2026,Quy khach co [MONEY] trong tai khoan.,0
COM_247,23/06/2026,"Quy khach da duoc thanh toan [MONEY] tu nhan vien [NUMBER], Ngay GD: [DATE] [TIME]. Ma GD 2311267341543918. LH [NUMBER] ([MONEY]). Tran trong.",0
COM_248,23/06/2026,Dich vu ung tai khoan *911# tru [MONEY] so tien Quy khach da ung (bao gom tien ung va 15% phi DV). Thoi gian ung [DATE]. So tien con no cua Dv ung tai khoan 911 la [MONEY]. Tran trong.,0
COM_249,23/06/2026,"Quy khach dang thuc hien
Nap tien dien thoai
Nguoi nhan: [NUMBER]
So tien: [MONEY]
Ma OTP: 043489 hieu luc [TIME]",0
COM_250,23/06/2026,Dich vu ung tai khoan *911# tru [MONEY] so tien Quy khach da ung (bao gom tien ung va 15% phi DV). Thoi gian ung [DATE]. So tien con no cua Dv ung tai khoan 911 la [MONEY]. Tran trong.,0
COM_251,23/06/2026,"Quy khach co [MONEY] trong tai khoan. Bam goi *098*3# de co 3GB voi [MONEY]/3 ngay hoac *098*989# ([MONEY]/3 ngay) co 15GB (5GB/ngay), mien phi [TIME]/cuoc noi mang, [TIME] ngoai mang, SMS noi mang va [NUMBER]. Goi cuoc gia han khi het chu ky. De biet thong tin cac uu dai khac, bam goi *098# hoac truy cap My Viettel tai https://myvt.page.link/goidata . Chi tiet LH 198 ([MONEY]). Tran trong.",0
COM_252,23/06/2026,"Doi thanh cong [POINT] tieu dung Viettel++ thanh 20 MB Data de Quy khach trai nghiem dich vu. Han su dung truoc [DATE]. Tong diem tieu dung con lai trong tai khoan Viettel++ cua Quy khach la 3.[POINT]. De kiem tra lich su doi diem va lua chon uu dai hap dan khac, vui long truy cap https://myvt.page.link/vtplus. Tran trong.",0
COM_253,23/06/2026,"Quy khach dang thuc hien
Chuyen tien nhanh 247 den TK
Nguoi nhan: [NAME]
So tien: [MONEY]
Ma OTP: 849600 hieu luc [TIME]",0
COM_254,23/06/2026,"Đăng ký không thành công. CT không áp dụng cho TB của Quý khách. Để biết thông tin các ưu đãi khác, vui lòng bấm gọi *098#. Chi tiết LH 198 ([MONEY]). Trân trọng.",0
COM_255,23/06/2026,"Quy khach dang thuc hien
Chuyen tien nhanh 247 den TK
Nguoi nhan: [NAME]
So tien: [MONEY]
Ma OTP: 385683 hieu luc [TIME]",0
COM_256,23/06/2026,"Doi thanh cong [POINT] tieu dung Viettel++ thanh 20 MB Data de Quy khach trai nghiem dich vu. Han su dung truoc [DATE]. Tong diem tieu dung con lai trong tai khoan Viettel++ cua Quy khach la 3.[POINT]. De kiem tra lich su doi diem va lua chon uu dai hap dan khac, vui long truy cap https://myvt.page.link/vtplus. Tran trong.",0
COM_257,23/06/2026,"[TB] Thực hiện Nghị quyết số 97/NQ-CP ngày 08 tháng 07 năm [NUMBER] của Chính phủ, Bộ Công thương phát động Chương trình Khuyến mại tập trung quốc gia [NUMBER] từ ngày [DATE] - [DATE], doanh nghiệp sẽ thực hiện khuyến mại có hạn mức lên đến 100%. Chi tiết truy cập https://kmttqg.vietrade.gov.vn",0
COM_259,23/06/2026,"Quy khach dang thuc hien
Thanh toan QR
Nguoi nhan: GS25 VIETNAM
So tien: [MONEY]
Ma OTP: 268454 hieu luc [TIME]",0
COM_260,23/06/2026,"Doi thanh cong [POINT] tieu dung Viettel++ thanh 20 MB Data de Quy khach trai nghiem dich vu. Han su dung truoc [DATE]. Tong diem tieu dung con lai trong tai khoan Viettel++ cua Quy khach la 3.[POINT]. De kiem tra lich su doi diem va lua chon uu dai hap dan khac, vui long truy cap https://myvt.page.link/vtplus. Tran trong.",0
COM_261,23/06/2026,"Quy khach dang thuc hien
Chuyen tien nhanh 247 den TK
Nguoi nhan: [NAME]
So tien: [MONEY]
Ma OTP: 926180 hieu luc [TIME]",0
COM_262,26/06/2026,"[QC] Tổng đài Thông tin Kinh tế - Xã hội Viettel giải đáp thông tin về lịch trình và giá vé tàu, máy bay, xe khách dịp Tết Dương lịch, Tết Nguyên đán [NUMBER]. Quý khách vui lòng gọi [NUMBER] (từ số điện thoại Viettel) hoặc [NUMBER] (từ số điện thoại mạng khác). Giá cước: [MONEY]/p. Từ chối QC, soạn TC3 gửi 199.",0
COM_263,26/06/2026,"Quy khach dang thuc hien
Chuyen tien nhanh 247 den TK
Nguoi nhan: [NAME]
So tien: [MONEY]
Ma OTP: 073309 hieu luc [TIME]",0
COM_264,26/06/2026,"Quy khach dang thuc hien
Chuyen tien nhanh 247 den TK
Nguoi nhan: [NAME]
So tien: [MONEY]
Ma OTP: 575501 hieu luc [TIME]",0
COM_265,26/06/2026,"Quy khach duoc cong them [POINT] Viettel++ boi giao dich Tieu dung vien thong thang 11/[NUMBER]. Thoi han su dung diem den [DATE]. Hay truy cap https://myvt.page.link/vtplus tren My Viettel hoac *098# de doi diem sang Data, SMS, Phut goi cung nhieu uu dai gia tri khac. Chi tiet LH 198. Tran trong.",0
COM_266,26/06/2026,"[TB] DATA MUÔN NƠI, GIÁ SIÊU HỜI!
1. Soạn ST5K gửi 191: [MONEY]/ngày có 500MB dùng đến [TIME]
2. Soạn ST30K gửi 191: [MONEY]/7 ngày có 7GB
Các gói cước gia hạn khi hết chu kỳ. Chi tiết LH 198 ([MONEY]).",0
COM_267,26/06/2026,"Coc coc, nguoi gui voi SDT [NUMBER] da gui cho Ban loi moi tham gia chuong trinh Dao Vang. Hang trieu giai thuong cung hang tram Loc vang dang tim kiem chu nhan. Truy cap https://km.vtmoney.vn/314y/daovang de tham gia ngay nhe.",0
COM_268,26/06/2026,"[TB] NHAN DOI LUU LUONG KHI DANG KY ST5K
Soan ST5K gui 191: Chi [MONEY] co 1.000MB su dung den [TIME] ngay dang ky (gia goc [MONEY] co 500MB, gia han hang ngay; tang them 500MB sau [TIME] dang ky). CT ap dung tu thoi diem TB nhan duoc tin nhan den [DATE] [TIME]. LH 198 ([MONEY]).",0
COM_269,26/06/2026,"Quy khach dang thuc hien
Chuyen tien den TK Sacombank
Nguoi nhan: [NAME]
So tien: [MONEY]
Ma OTP: 417274 hieu luc [TIME]",0
COM_270,26/06/2026,"[QC] THANH TOÁN KHOẢN VAY của Home Credit, Fe Credit, Mirae Asset, OCB, MCredit, LOTTE Finance, TPFico (TPBank), SHB Finance, Viet Credit vô cùng nhanh chóng, dễ dàng tại các CỬA HÀNG VIETTEL hoặc trên ứng dụng VIETTEL MONEY tại https://km.vtmoney.vn/314y/tcbh. Chi tiết LH [NUMBER] ([MONEY]). Từ chối QC, soạn TC3 gui 199.",0
COM_271,26/06/2026,"Quy khach dang thuc hien
Chuyen tien nhanh 247 den TK
Nguoi nhan: [NAME]
So tien: [MONEY]
Ma OTP: 758521 hieu luc [TIME]",0
COM_272,26/06/2026,Quy khach se MAT TIEN va THONG TIN neu cung cap Ma xac thuc giao dich (OTP) cho bat ky ai. Ma OTP (het han sau [TIME]) cua Quy khach la [NUMBER],0
COM_273,26/06/2026,"[TB] VIETTEL TẶNG 20% GIÁ TRỊ TẤT CẢ THẺ NẠP trong ngày 11/12. Tiền KM sử dụng nội mạng đến hết [DATE]. Giảm thêm 2,5% khi nạp thẻ tại https://viettel.vn/pay/tt . Chi tiết gọi 197 bấm phím 19 ([MONEY]). Trân trọng.",0
COM_274,26/06/2026,Quy khach se MAT TIEN va THONG TIN neu cung cap Ma xac thuc giao dich (OTP) cho bat ky ai. Ma OTP (het han sau [TIME]) cua Quy khach la [NUMBER],0
COM_275,26/06/2026,"[TB] NẠP THẺ HÔM NAY (11/12) - NHẬN NGAY KM: Tặng 20% giá trị tất cả thẻ nạp, tiền KM sử dụng nội mạng đến hết [DATE]. Nạp thẻ online tại https://km.vtmoney.vn/314y/kmdaitra . Chi tiết gọi 197 bấm phím 19 ([MONEY]). Trân trọng.",0
COM_276,26/06/2026,"Doi thanh cong [POINT] tieu dung Viettel++ thanh 20 MB Data de Quy khach trai nghiem dich vu. Han su dung truoc [DATE]. Tong diem tieu dung con lai trong tai khoan Viettel++ cua Quy khach la 3.[POINT]. De kiem tra lich su doi diem va lua chon uu dai hap dan khac, vui long truy cap https://myvt.page.link/vtplus. Tran trong.",0
COM_277,26/06/2026,"[TB] Tặng 20% giá trị tất cả thẻ nạp vào tài khoản viễn thông trong ngày [DATE]. CT áp dụng khi nạp thẻ online qua các ví điện tử, ứng dụng thanh toán hoặc tại https://viettel.vn/pay/tt . Tiền KM sử dụng liên lạc nội mạng trong 15 ngày. Chi tiết gọi 197 bấm phím 19 ([MONEY]). Trân trọng.",0
COM_278,26/06/2026,"Doi thanh cong [POINT] tieu dung Viettel++ thanh 20 MB Data de Quy khach trai nghiem dich vu. Han su dung truoc [DATE]. Tong diem tieu dung con lai trong tai khoan Viettel++ cua Quy khach la 3.[POINT]. De kiem tra lich su doi diem va lua chon uu dai hap dan khac, vui long truy cap https://myvt.page.link/vtplus. Tran trong.",0
COM_279,26/06/2026,"Quy khach dang thuc hien
Thanh toan QR
Nguoi nhan: GS25 VIETNAM
So tien: [MONEY]
Ma OTP: 727368 hieu luc [TIME]",0
COM_280,26/06/2026,"Quy khach dang thuc hien
Chuyen tien nhanh 247 den TK
Nguoi nhan: [NAME]
So tien: [MONEY]
Ma OTP: 293127 hieu luc [TIME]",0
COM_281,26/06/2026,"(QC)Ban co the vay den [MONEY] sau [TIME] tu EVNFinance hoac Mcredit qua MoMo. De biet them thong tin: https://momo.vn/s-vaynhanh . De tu choi, soan TC TenThuongHieu gui [NUMBER]",0
COM_282,26/06/2026,"[QC] Tổng đài Thông tin Kinh tế - Xã hội Viettel hướng dẫn cách đăng ký hộ chiếu online nhanh chóng và đơn giản nhất. Quý khách vui lòng gọi [NUMBER] (từ số điện thoại Viettel) hoặc [NUMBER] (từ số điện thoại mạng khác). Giá cước: [MONEY]/p. Từ chối QC, soạn TC3 gửi 199.",0
COM_283,26/06/2026,"Quy khach dang thuc hien
Chuyen tien nhanh 247 den TK
Nguoi nhan: [NAME]
So tien: [MONEY]
Ma OTP: 825293 hieu luc [TIME]",0
COM_284,26/06/2026,"[TB] Kính gửi Quý khách, để cập nhật các chương trình chăm sóc Khách hàng và khuyến mại của Viettel, hãy chọn “Follow” kênh TikTok Viettel Chăm sóc Khách hàng tại https://www.tiktok.com/@viettelcskh hoặc “Quan tâm” kênh Zalo tại https://zalo.me/1570758701534064697 để nhận thông tin nhanh nhất. Trân trọng.",0
COM_285,26/06/2026,"Quy khach dang thuc hien
Chuyen tien nhanh 247 den TK
Nguoi nhan: [NAME]
So tien: [MONEY]
Ma OTP: 210052 hieu luc [TIME]",0
COM_286,26/06/2026,"Trường ĐH FPT (HCM) thông báo khoản học phí Kỳ Spring [NUMBER] - Half 1 của SV chưa thanh toán. Vui lòng thanh toán đến hết [DATE] (đối với Chuyên ngành). Trong trường hợp cần được hỗ trợ, SV vui lòng liên hệ [NUMBER]. SV đã hoàn thành học phí, xin vui lòng bỏ qua nội dung này.",0
COM_287,26/06/2026,"Doi thanh cong [POINT] tieu dung Viettel++ thanh 20 MB Data de Quy khach trai nghiem dich vu. Han su dung truoc [DATE]. Tong diem tieu dung con lai trong tai khoan Viettel++ cua Quy khach la 3.[POINT]. De kiem tra lich su doi diem va lua chon uu dai hap dan khac, vui long truy cap https://myvt.page.link/vtplus. Tran trong.",0
COM_288,26/06/2026,"[TB] ĐỪNG QUÊN: BẠN VẪN ĐƯỢC THAM GIA GÓI ST60N!
Chỉ [MONEY]/30 ngày có 60GB (2GB/ngày).
LH nhân viên Viettel: Viễn Thông Hoàng Quế - [NUMBER] (cước gọi di động) để được hỗ trợ sử dụng gói cước.",0
COM_289,26/06/2026,"[QC] Đại chiến top đầu, Salah hay Odegaard sẽ giúp đội mình chiến thắng? Liverpool - Arsenal lúc 00h30 ngày 24/12. 
Ưu đãi giảm giá gói K+ SD trên [NUMBER] trong 30 ngày chỉ [MONEY]. Soạn DK KP1 gửi [NUMBER] để đăng ký với giá ưu đãi và đón xem trận đấu 100% Data tốc độ cao tại http://s.viettel.vn/ksport_1. CT áp dụng cho TB đăng ký lần đầu đến hết [DATE]. Sau khuyến mại, phí DV [MONEY]/30 ngày, gia hạn sau 30 ngày. 
Chi tiết LH 198 ([MONEY]). Từ chối QC, soạn TC4 gửi 199.",0
COM_290,26/06/2026,"Quy khach dang thuc hien
Chuyen tien nhanh 247 den TK
Nguoi nhan: [NAME]
So tien: [MONEY]
Ma OTP: 048873 hieu luc [TIME]",0
COM_291,26/06/2026,Dat hang thanh cong. DH cua ban la [NUMBER]. Cam on ban.,0
COM_292,26/06/2026,"[TB] GIÁNG SINH, NĂM MỚI - VIETTEL TẶNG BẠN!
Soạn QUA gửi 191 hoặc truy cập http://viettel.vn/tangqua để biết các voucher quà tặng hấp dẫn.
Chi tiết LH 198 ([MONEY]). Trân trọng.",0
COM_293,26/06/2026,"[TB] ĐÓN NĂM MỚI - KHUYẾN MẠI MỚI!
Tặng 20% giá trị tất cả thẻ nạp vào tài khoản viễn thông trong ngày [DATE]. Tiền KM sử dụng truy cập Data trong 15 ngày. Nạp thẻ online tại các ví điện tử, ứng dụng thanh toán hoặc tại https://viettel.vn/naptienkm . Chi tiết gọi 197 bấm phím 19 ([MONEY]). Trân trọng.",0
COM_294,26/06/2026,"[TB] Viettel kính chúc Quý khách Giáng sinh an lành, Năm mới hạnh phúc. Trân trọng cảm ơn Quý khách đã tin tưởng sử dụng dịch vụ của Viettel.",0
COM_295,26/06/2026,"Doi thanh cong [POINT] tieu dung Viettel++ thanh 20 MB Data de Quy khach trai nghiem dich vu. Han su dung truoc [DATE]. Tong diem tieu dung con lai trong tai khoan Viettel++ cua Quy khach la 3.[POINT]. De kiem tra lich su doi diem va lua chon uu dai hap dan khac, vui long truy cap https://myvt.page.link/vtplus. Tran trong.",0
COM_296,26/06/2026,"Quy khach dang thuc hien
Chuyen tien nhanh 247 den TK
Nguoi nhan: [NAME]
So tien: [MONEY]
Ma OTP: 581329 hieu luc [TIME]",0
COM_297,26/06/2026,"Doi thanh cong [POINT] tieu dung Viettel++ thanh 20 MB Data de Quy khach trai nghiem dich vu. Han su dung truoc [DATE]. Tong diem tieu dung con lai trong tai khoan Viettel++ cua Quy khach la 2.[POINT]. De kiem tra lich su doi diem va lua chon uu dai hap dan khac, vui long truy cap https://myvt.page.link/vtplus. Tran trong.",0
COM_298,26/06/2026,"Quy khach dang thuc hien
Thanh toan QR
Nguoi nhan: GS25 VIETNAM
So tien: [MONEY]
Ma OTP: 751002 hieu luc [TIME]",0
COM_299,26/06/2026,"[TB] MUNG NAM MOI! Tang 20% gia tri tat ca cac the nap vao tai khoan vien thong trong ngay 29/12, tien KM de goi va nhan tin noi mang trong 15 ngay. CT danh rieng cho Quy khach. LH 198 ([MONEY]).",0
COM_300,26/06/2026,VNDIRECT kinh chuc Quy khach [NAME] sinh nhat An - Khoe - Hanh Phuc. Cam on Quy khach da tin tuong va dong hanh cung VNDIRECT.,0
COM_301,26/06/2026,"Quy khach dang thuc hien
Chuyen tien nhanh 247 den TK
Nguoi nhan: [NAME]
So tien: [MONEY]
Ma OTP: 278586 hieu luc [TIME]",0
COM_302,26/06/2026,"Doi thanh cong [POINT] tieu dung Viettel++ thanh 40 MB Data de Quy khach trai nghiem dich vu. Han su dung truoc [DATE]. Tong diem tieu dung con lai trong tai khoan Viettel++ cua Quy khach la 2.[POINT]. De kiem tra lich su doi diem va lua chon uu dai hap dan khac,
vui long truy cap https://myvt.page.link/vtplus. Tran trong.",0
COM_303,26/06/2026,Sử dụng mã xác minh [NUMBER] để xác thực Microsoft.,0
COM_304,26/06/2026,"Doi thanh cong [POINT] tieu dung Viettel++ thanh 20 MB Data de Quy khach trai nghiem dich vu. Han su dung truoc [DATE]. Tong diem tieu dung con lai trong tai khoan Viettel++ cua Quy khach la 2.[POINT]. De kiem tra lich su doi diem va lua chon uu dai hap dan khac,
vui long truy cap https://myvt.page.link/vtplus. Tran trong.",0
COM_305,26/06/2026,"(QC) Chi voi [MONEY]/ngay co ngay DATA toc do cao KHONG GIOI HAN xem hang trieu noi dung giai tri tai http://myclip.vn/hot1, soan XN gui [NUMBER] de dang ky goi data MyClip. Goi cuoc gia han theo ngay. Chi tiet LH 198 ([MONEY]). Tu choi QC, soan TC4 gui 199.",0
COM_306,26/06/2026,"Quy khach dang thuc hien
Thanh toan QR
Nguoi nhan: 7ELEVEN
So tien: [MONEY]
Ma OTP: 927480 hieu luc [TIME]",0
COM_307,26/06/2026,"[QC] ƯU ĐÃI HOT - DÀNH TẶNG BẠN! Đổi điểm Viettel++ trên Viettel Money tại https://km.vtmoney.vn/314y/ktn20 để nhận ngay voucher giảm [MONEY] đến từ Katinat. LH [NUMBER] ([MONEY]). Từ chối QC, soạn TC3 gửi 199.",0
COM_308,26/06/2026,"[TB] Quý khách đừng quên sử dụng điểm Viettel++ để đổi lưu lượng data, phút gọi/tin nhắn nội mạng hoặc các ưu đãi giá trị khác. Truy cập My Viettel tại https://myvt.page.link/vt10 để đổi điểm. Chi tiết LH 198 ([MONEY]). Trân trọng!",0
COM_309,26/06/2026,"Quy khach dang thuc hien
Chuyen tien nhanh 247 den TK
Nguoi nhan: [NAME]
So tien: [MONEY]
Ma OTP: 047639 hieu luc [TIME]",0
COM_310,26/06/2026,Mã xác thực Discord của bạn là: [NUMBER],0
COM_311,26/06/2026,"[TB] Kính gửi Quý khách, để cập nhật các chương trình chăm sóc Khách hàng và khuyến mại của Viettel, hãy chọn “Follow” kênh TikTok Viettel Chăm sóc Khách hàng tại
https://www.tiktok.com/@viettelcskh để nhận thông tin nhanh nhất. Trân trọng.",0
COM_312,26/06/2026,"[TB] VIETTEL TẶNG 20% GIÁ TRỊ TẤT CẢ THẺ NẠP trong ngày 10/01. Tiền KM sử dụng nội mạng đến hết [DATE]. Giảm thêm 2,5% khi nạp thẻ tại https://viettel.vn/naptienkm . Chi tiết gọi 197 bấm phím 19 ([MONEY]). Trân trọng.",0
COM_313,26/06/2026,"Quy khach duoc cong them [POINT] Viettel++ boi giao dich Tieu dung vien thong thang 12/[NUMBER]. Thoi han su dung diem den [DATE]. Hay truy cap https://myvt.page.link/vtplus tren My Viettel hoac *098# de doi diem sang Data, SMS, Phut goi cung nhieu uu dai gia tri khac. Chi tiet LH 198. Tran trong.",0
COM_314,26/06/2026,"[TB] Data thả ga, chỉ với [MONEY]!
1. Soạn T7 gửi 191: [MONEY]/7 ngày miễn phí data truy cập TikTok
2. Soạn 1N gửi 191: [MONEY]/ngày có 5GB, [TIME] gọi ngoại mạng, miễn phí 10p/cuộc gọi nội mạng, SMS nội mạng và xem [NUMBER]
Gói cước gia hạn khi hết chu kỳ. Chi tiết LH 198 ([MONEY]).",0
COM_315,26/06/2026,"[TB] NẠP THẺ HÔM NAY (10/01) - NHẬN NGAY KM: Tặng 20% giá trị tất cả thẻ nạp, tiền KM sử dụng nội mạng đến hết [DATE]. Nạp thẻ online tại https://km.vtmoney.vn/314y/kmdaitra . Chi tiết gọi 197 bấm phím 19 ([MONEY]). Trân trọng.",0
COM_316,26/06/2026,"Viettel TB: Quý khách đã sử dụng hết lưu lượng data của gói ST5K. Để mua thêm, truy cập https://viettel.vn/goidata hoặc bấm gọi *098#. Chi tiết LH 198 ([MONEY]). Trân trọng.",0
COM_317,26/06/2026,"Quy khach dang thuc hien
Chuyen tien nhanh 247 den TK
Nguoi nhan: [NAME]
So tien: [MONEY]
Ma OTP: 778950 hieu luc [TIME]",0
COM_318,26/06/2026,"Tai khoan cua Quy khach sap het. Soan:
1 gui 211 de cong [TIME] noi mang ([MONEY]/p), su dung trong 7 ngay
2 gui 211 de cong [TIME] ngoai mang ([MONEY]/p), su dung trong 7 ngay
3 gui 211 de cong 30 tin nhan noi mang ([MONEY]/tin), su dung trong 7 ngay
Chi tiet LH 198 (mien phi).",0
COM_319,29/06/2026,"Doi thanh cong [POINT] tieu dung Viettel++ thanh 100 MB Data de Quy khach trai nghiem dich vu. Han su dung truoc [DATE]. Tong diem tieu dung con lai trong tai khoan Viettel++ cua Quy khach la 2.[POINT]. De kiem tra lich su doi diem va lua chon uu dai hap dan khac, vui long truy cap https://myvt.page.link/vtplus. Tran trong.",0
COM_320,29/06/2026,"[TB] Data thả ga, chỉ với [MONEY]!
1. Soạn FB7 gửi 191: [MONEY]/7 ngày miễn phí data truy cập Facebook và nhắn tin Messenger
2. Soạn 1N gửi 191: [MONEY]/ngày có 5GB, [TIME] gọi ngoại mạng, miễn phí 10p/cuộc gọi nội mạng, SMS nội mạng và xem [NUMBER]
Gói cước gia hạn khi hết chu kỳ. Chi tiết LH 198 ([MONEY]).",0
COM_321,29/06/2026,"[TB] Data thả ga, chỉ với [MONEY]!
1. Soạn YT7 gửi 191: [MONEY]/7 ngày miễn phí data truy cập YouTube
2. Soạn 1N gửi 191: [MONEY]/ngày có 5GB, [TIME] gọi ngoại mạng, miễn phí 10p/cuộc gọi nội mạng, SMS nội mạng và xem [NUMBER]
Gói cước gia hạn khi hết chu kỳ. Chi tiết LH 198 ([MONEY]).",0
COM_322,29/06/2026,"Viettel TB: Gói ST5K gia hạn không thành công. Quý khách tiếp tục truy cập theo gói Mobile Internet đang sử dụng (nếu có). Để biết thông tin các ưu đãi khác, bấm gọi *098# hoặc truy cập My Viettel tại https://viettel.vn/goidata . Chi tiết LH 198 ([MONEY]). Trân trọng.",0
COM_323,29/06/2026,"[TB] Tặng 20% giá trị tất cả thẻ nạp vào tài khoản viễn thông trong ngày [DATE]. CT áp dụng khi nạp thẻ online qua các ví điện tử, ứng dụng thanh toán hoặc tại https://viettel.vn/pay/tt . Tiền KM sử dụng liên lạc nội mạng trong 15 ngày. Chi tiết gọi 197 bấm phím 19 ([MONEY]). Trân trọng.",0
COM_324,29/06/2026,"[TB] Tang 20% gia tri tat ca the nap trong ngay [DATE]. Tien KM su dung noi mang, khong gioi han thoi gian. Nap the online tai https://myvt.page.link/km . CT danh rieng cho TB cua Quy khach. LH 198 ([MONEY]).",0
COM_325,29/06/2026,"Quy khach dang thuc hien
Chuyen tien nhanh 247 den TK
Nguoi nhan: [NAME]
So tien: [MONEY]
Ma OTP: 312609 hieu luc [TIME]",0
COM_326,29/06/2026,"[TB] Tết A.I cũng có quà!
Soạn KM gửi 191 ([MONEY]) hoặc truy cập https://viettel.vn/km191 để xem ưu đãi Tết HOT nhất từ Viettel.
LH 198 ([MONEY]). Trân trọng.",0
COM_327,29/06/2026,"[TB] Tang 20% gia tri tat ca the nap trong ngay [DATE]. Tien KM su dung noi mang, khong gioi han thoi gian. Nap the online tai https://myvt.page.link/km . CT danh rieng cho TB cua Quy khach. LH 198 ([MONEY]).",0
COM_328,29/06/2026,"Quy khach dang thuc hien
Thanh toan QR
Nguoi nhan: GS25 VIETNAM
So tien: [MONEY]
Ma OTP: 673491 hieu luc [TIME]",0
COM_329,29/06/2026,[TB] Quy khach dung quen doi diem Viettel++ de nhan phut goi mien phi su dung trong 30 ngay. Bam goi *098# hoac truy cap ung dung My Viettel tai https://myvt.page.link/vt10 de doi diem. LH 198 ([MONEY]).,0
COM_330,29/06/2026,(RB ESPORT) [NUMBER] la ma xac minh cua ban tai website http://www.rbesportvn.com/ .,0
COM_331,29/06/2026,"Xin chào, mã xác minh của bạn là: [NUMBER], vui lòng không tiết lộ mã xác minh của bạn cho người khác.",0
COM_332,29/06/2026,"Doi thanh cong [POINT] tieu dung Viettel++ thanh 20 MB Data de Quy khach trai nghiem dich vu. Han su dung truoc [DATE]. Tong diem tieu dung con lai trong tai khoan Viettel++ cua Quy khach la 2.[POINT]. De kiem tra lich su doi diem va lua chon uu dai hap dan khac,
vui long truy cap https://myvt.page.link/vtplus. Tran trong.",0
COM_333,29/06/2026,"Quy khach dang thuc hien
Chuyen tien den TK Sacombank
Nguoi nhan: [NAME]
So tien: [MONEY]
Ma OTP: 782635 hieu luc [TIME]",0
COM_334,29/06/2026,"Doi thanh cong [POINT] tieu dung Viettel++ thanh 40 MB Data de Quy khach trai nghiem dich vu. Han su dung truoc [DATE]. Tong diem tieu dung con lai trong tai khoan Viettel++ cua Quy khach la 1.[POINT]. De kiem tra lich su doi diem va lua chon uu dai hap dan khac, 
vui long truy cap https://myvt.page.link/vtplus. Tran trong.",0
COM_335,29/06/2026,"Doi thanh cong [POINT] tieu dung Viettel++ thanh 40 MB Data de Quy khach trai nghiem dich vu. Han su dung truoc [DATE]. Tong diem tieu dung con lai trong tai khoan Viettel++ cua Quy khach la 1.[POINT]. De kiem tra lich su doi diem va lua chon uu dai hap dan khac, 
vui long truy cap https://myvt.page.link/vtplus. Tran trong.",0
COM_336,29/06/2026,"[TB] KHUYẾN MẠI NGÀY VÀNG! 
Tặng 20% giá trị TẤT CẢ THẺ NẠP trong hôm nay 20/01, tiền KM sử dụng gọi, nhắn tin nội mạng trong 15 ngày. Nạp thẻ online tại https://viettel.vn/pay/tt . CT dành riêng cho Quý khách. LH 198 ([MONEY]).",0
COM_337,29/06/2026,"Quy khach dang thuc hien
Thanh toan QR
Nguoi nhan: VIET NAM FAMILY CVS
So tien: [MONEY]
Ma OTP: 723642 hieu luc [TIME]",0
COM_338,29/06/2026,"Quy khach dang thuc hien
Thanh toan QR
Nguoi nhan: VIET NAM FAMILY CVS
So tien: [MONEY]
Ma OTP: 163105 hieu luc [TIME]",0
COM_339,29/06/2026,"Doi thanh cong [POINT] tieu dung Viettel++ thanh 20 MB Data de Quy khach trai nghiem dich vu. Han su dung truoc [DATE]. Tong diem tieu dung con lai trong tai khoan Viettel++ cua Quy khach la 1.[POINT]. De kiem tra lich su doi diem va lua chon uu dai hap dan khac, vui long truy cap https://myvt.page.link/vtplus. Tran trong.",0
COM_340,29/06/2026,Quy khach co [MONEY] trong tai khoan.,0
COM_341,29/06/2026,"Quy khach dang thuc hien
Chuyen tien nhanh 247 den TK
Nguoi nhan: LO QUANG THANG
So tien: [MONEY]
Ma OTP: 625973 hieu luc [TIME]",0
COM_342,29/06/2026,"[TB] Tang 20% gia tri tat ca the nap trong ngay [DATE]. Tien KM su dung noi mang, khong gioi han thoi gian. Nap the online tai https://myvt.page.link/km . CT danh rieng cho TB cua Quy khach. LH 198 ([MONEY]).",0
COM_343,29/06/2026,"[TB] TẶNG 50% GIÁ TRỊ CHO LẦN NẠP TIỀN ĐẦU TIÊN VÀO CHỦ NHẬT hàng tuần. CT áp dụng với thuê bao nạp tiền vào tài khoản viễn thông qua tài khoản Viettel Pay liên kết trên ứng dụng MY VIETTEL. Tiền khuyến mại sử dụng nội mạng trong 15 ngày. 
Giảm giá thêm 2,5% khi nạp tiền tại https://myvt.page.link/naptiencn. LH 198 ([MONEY]). Trân trọng.",0
COM_344,29/06/2026,"Quy khach dang thuc hien
Thanh toan QR
Nguoi nhan: GS25 VIETNAM
So tien: [MONEY]
Ma OTP: 552691 hieu luc [TIME]",0
COM_345,29/06/2026,"[TB] Kính gửi Quý khách, để cập nhật các chương trình chăm sóc Khách hàng và khuyến mại của Viettel, hãy chọn “Quan tâm” kênh Zalo Viettel Chăm sóc Khách hàng tại
https://zalo.me/1570758701534064697 để nhận thông tin nhanh nhất. Trân trọng.",0
COM_346,29/06/2026,"Quý khách đã đăng ký thành công gói ST5K: [MONEY]/ngày có 500MB sử dụng đến [TIME] ngày [DATE]. Đăng ký lần tiếp theo trong ngày, Quý khách sẽ được tặng thêm 500MB theo CT Mua 2 tặng 1. Gói cước gia hạn hàng ngày. Truy cập https://viettel.vn/kttk để kiểm tra ưu đãi.
Để hủy gia hạn, soạn HUY ST5K gửi 191. Chi tiết LH 198 ([MONEY]). Trân trọng.",0
COM_347,29/06/2026,"Sau khi hủy gia hạn gói ST5K, ưu đãi còn lại sẽ được sử dụng đến hết chu kỳ. Để xác nhận hủy, soạn Y gửi 191 trong [TIME]. Truy cập https://viettel.vn/kttk để kiểm tra ưu đãi. Chi tiết LH 198 ([MONEY]). Trân trọng.",0
COM_348,29/06/2026,"Gói ST5K đã hủy gia hạn thành công. Để biết các ưu đãi khác, truy cập https://viettel.vn/goidata hoặc bấm gọi *098#. Chi tiết LH 198 ([MONEY]). Trân trọng.",0
COM_349,29/06/2026,Viettel TB: Gói ST5K đã gia hạn thành công. Truy cập https://viettel.vn/kttk để kiểm tra ưu đãi. Chi tiết LH 198 ([MONEY]). Trân trọng.,0
COM_350,29/06/2026,"Viettel TB: Gói ST5K đã kết thúc. Để biết các ưu đãi khác, truy cập https://viettel.vn/goidata hoặc bấm gọi *098#. Chi tiết LH 198 ([MONEY]). Trân trọng.",0
COM_351,29/06/2026,"[TB] ĐÓN NĂM MỚI - KHUYẾN MẠI MỚI!
Tặng 20% giá trị tất cả thẻ nạp vào tài khoản viễn thông trong ngày [DATE]. Tiền KM sử dụng truy cập Internet trong 15 ngày. Nạp thẻ online tại các ví điện tử, ứng dụng thanh toán hoặc tại https://viettel.vn/naptienkm . Chi tiết gọi 197 bấm phím 19 ([MONEY]). Trân trọng.",0
COM_352,29/06/2026,[TB] Tặng 20% giá trị tất cả thẻ nạp vào tài khoản viễn thông trong ngày 26/01. Tiền KM sử dụng nội mạng không giới hạn thời gian. Nạp thẻ online tại https://viettel.vn/pay/tt . CT dành riêng cho TB của Quý khách. LH 198 ([MONEY]).,0
COM_353,29/06/2026,"[TB] NHẬN QUÀ ĐÓN TẾT!
Tặng ngay [MONEY] khi Quý khách mua gói data, thoại, sử dụng tài khoản gốc đạt [MONEY] từ 25/01 - 24/02 (15 tháng Chạp - 15 tháng Giêng).
Tiền được tặng để gọi và nhắn tin nội mạng trong 15 ngày.
Soạn 1N gửi 191: [MONEY]/ngày có 5GB, miễn phí gọi điện, SMS nội mạng và xem [NUMBER]. Truy cập https://viettel.vn/kmdata để xem chi tiết gói và các ưu đãi Tết HOT nhất từ Viettel.
LH 198 ([MONEY]).",0
COM_354,29/06/2026,"Quy khach dang thuc hien
Chuyen tien nhanh 247 den TK
Nguoi nhan: [NAME]
So tien: [MONEY]
Ma OTP: 119540 hieu luc [TIME]",0
COM_355,29/06/2026,"Quy khach dang thuc hien
Bat dang ky sinh trac hoc.
Ma OTP: 962372 hieu luc [TIME]
Quy khach se MAT TIEN va THONG TIN neu cung cap Ma OTP cho bat ky ai",0
COM_356,29/06/2026,"Quy khach dang thuc hien
Chuyen tien nhanh 247 den TK
Nguoi nhan: [NAME]
So tien: [MONEY]
Ma OTP: 021977 hieu luc [TIME]",0
COM_357,29/06/2026,"0381000477878
Ngân hàng vietcombank, [NAME]
[MONEY]",0
COM_358,29/06/2026,"[TB] SẮM DATA ĐÓN TẾT!
1. Soạn V35B gửi 191: [MONEY]/15 ngày có 500MB/ngày, miễn phí 10p/cuộc gọi nội mạng
2. Soạn SD70 gửi 191: [MONEY]/30 ngày có 1GB/ngày. Đăng ký trước 25/02, tặng 1 tuần trải nghiệm dịch vụ MyDio, MyClip và ưu đãi giảm giá 50% gói tháng iMuzik
Gói cước gia hạn khi hết chu kỳ. CT dành riêng cho Quý khách. LH 198 ([MONEY]).",0
COM_359,29/06/2026,"Quý khách đã đăng ký thành công gói ST5K: [MONEY]/ngày có 500MB sử dụng đến [TIME] ngày [DATE]. Đăng ký lần tiếp theo trong ngày, Quý khách sẽ được tặng thêm 500MB theo CT Mua 2 tặng 1. Gói cước gia hạn hàng ngày. Truy cập https://viettel.vn/kttk để kiểm tra ưu đãi. 
Để hủy gia hạn, soạn HUY ST5K gửi 191. Chi tiết LH 198 ([MONEY]). Trân trọng.",0
COM_360,29/06/2026,"(QC) Ban yeu thich kinh doanh? Ban muon san pham, DV duoc quang cao den Khach hang mot cach don gian nhat - hieu qua nhat - tiet kiem nhat? DV Nhac cho doanh nghiep chinh la ban dong hanh cua ban - giai phap toi uu cho viec dua san pham, 
DV den gan Khach hang. Soan DN gui [NUMBER] (mien phi) de duoc nhan vien Viettel lien he tu van tao ban nhac cho hap dan nhat hoac truy cap http://doanhnghiep.imuzik.vn. Cuoc DV [MONEY]/thang/TB, phi tao ma [MONEY]. LH 198 ([MONEY]). Tu choi QC, soan TC4 gui 199.",0
COM_361,29/06/2026,"Quy khach dang thuc hien
Nap tien dien thoai
Nguoi nhan: [NUMBER]
So tien: [MONEY]
Ma OTP: 421656 hieu luc [TIME]",0
COM_362,29/06/2026,"Quy khach da duoc thanh toan [MONEY] tu nhan vien [NUMBER], Ngay GD: [DATE] [TIME]. Ma GD 2402047408069654. LH [NUMBER] ([MONEY]). Tran trong.",0
COM_363,29/06/2026,"Quy khach co [MONEY] trong tai khoan. Bam goi *098*3# de co 3GB voi [MONEY]/3 ngay hoac *098*989# ([MONEY]/3 ngay) co 15GB (5GB/ngay), mien phi [TIME]/cuoc noi mang, [TIME] ngoai mang, SMS noi mang va [NUMBER]. Goi cuoc gia han khi het chu ky. De biet thong tin cac uu dai khac,
bam goi *098# hoac truy cap My Viettel tai https://myvt.page.link/goidata . Chi tiet LH 198 ([MONEY]). Tran trong.",0
COM_364,29/06/2026,Quy khach co [MONEY] trong tai khoan.,0
COM_365,29/06/2026,Dich vu ung tai khoan *911# tru [MONEY] so tien Quy khach da ung (bao gom tien ung va 15% phi DV). Thoi gian ung [DATE]. So tien con no cua Dv ung tai khoan 911 la [MONEY]. Tran trong.,0
COM_366,29/06/2026,"(QC) Soan XN4 gui [NUMBER] de nhan [MONEY] vao tai khoan KM va co hoi trung thuong [MONEY] DONG khi tham gia tra loi cau hoi tu DV Tich Diem Trung Qua. Cuoc phi [MONEY]/ngay, gia han theo ngay. Tien KM duoc cong sau 25 ngay duy tri DV. Chi tiet LH 198 ([MONEY]). Tu choi QC, soan TC4 gui 199.",0
COM_367,29/06/2026,"Quy khach dang thuc hien
Chuyen tien nhanh 247 den TK
Nguoi nhan: CN TAI TPHCM-CTCP XD DAU TU...
So tien: [MONEY]
Ma OTP: 622677 hieu luc [TIME]",0
COM_368,29/06/2026,"<#> [NUMBER] is your GRAB verification code. It expires in 2 minutes. Do not share it with anyone, including GRAB.
H9CMNjtZ1r6",0
COM_369,29/06/2026,"Quy khach dang thuc hien
Chuyen tien den TK Sacombank
Nguoi nhan: [NAME]
So tien: [MONEY]
Ma OTP: 404602 hieu luc [TIME]",0
COM_370,29/06/2026,"Moi Quy khach soan tin de tham gia DV Data Plus:
1 gui [NUMBER] de cong 1024MB (cuoc [MONEY], su dung trong vong [TIME] sau khi cong).
2 gui [NUMBER] de cong 500MB (cuoc [MONEY], su dung trong vong [TIME] sau khi cong).
Tin nhan co hieu luc trong [TIME]. Chi tiet LH 198 (mien phi).",0
COM_371,29/06/2026,"Doi thanh cong [POINT] tieu dung Viettel++ thanh 20 MB Data de Quy khach trai nghiem dich vu. Han su dung truoc [DATE]. Tong diem tieu dung con lai trong tai khoan Viettel++ cua Quy khach la 1.[POINT]. De kiem tra lich su doi diem va lua chon uu dai hap dan khac, 
vui long truy cap https://myvt.page.link/vtplus. Tran trong.",0
COM_372,29/06/2026,"Quy khach duoc cong them [POINT] Viettel++ boi giao dich Tieu dung vien thong thang 01/[NUMBER]. Thoi han su dung diem den [DATE]. Hay truy cap https://myvt.page.link/vtplus tren My Viettel hoac *098# de doi diem sang Data, SMS, Phut goi cung nhieu uu dai gia tri khac. Chi tiet LH 198. Tran trong.",0
COM_373,29/06/2026,"Quy khach dang thuc hien
Chuyen tien nhanh 247 den TK
Nguoi nhan: [NAME]
So tien: [MONEY]
Ma OTP: 869524 hieu luc [TIME]",0
COM_374,29/06/2026,"He thong tu dong tam khoa do dang nhap sai mat khau 3 lan lien tiep va tiep tuc dang nhap lai sau [TIME]. Neu khong phai Quy khach thuc hien, vui long lien he [NUMBER] de duoc ho tro.",0
COM_375,29/06/2026,"Doi thanh cong [POINT] tieu dung Viettel++ thanh 20 MB Data de Quy khach trai nghiem dich vu. Han su dung truoc [DATE]. Tong diem tieu dung con lai trong tai khoan Viettel++ cua Quy khach la 1.[POINT]. De kiem tra lich su doi diem va lua chon uu dai hap dan khac, 
vui long truy cap https://myvt.page.link/vtplus. Tran trong.",0
COM_376,29/06/2026,"Quy khach dang thuc hien
Chuyen tien den TK Sacombank
Nguoi nhan: [NAME]
So tien: [MONEY]
Ma OTP: 347964 hieu luc [TIME]",0
COM_377,29/06/2026,"[TB] VIETTEL TẶNG 20% GIÁ TRỊ TẤT CẢ THẺ NẠP trong ngày 07/02. Tiền KM sử dụng nội mạng đến hết [DATE]. Giảm thêm 2,5% khi nạp thẻ tại https://viettel.vn/naptienkm . Chi tiết gọi 197 bấm phím 19 ([MONEY]). Trân trọng.",0
COM_378,29/06/2026,"Vi ly do BAO MAT, tuyet doi KHONG CUNG CAP cho bat ky ai thong tin kich hoat SACOMBANK SMART OTP, ma kich hoat la 40212053",0
COM_379,29/06/2026,"Quy khach da kich hoat thanh cong Smart OTP. Neu Quy khach KHONG thuc hien, vui long soan STBPAY KHOA gui [NUMBER], hoac lien he ngay [NUMBER]",0
COM_380,29/06/2026,"[TB] Sắp nhận được quà Tết!
Quý khách hãy sử dụng thêm [MONEY] trước ngày 25/02 để nhận được [MONEY]. Tiền được tặng dùng để gọi, nhắn tin nội mạng trong 15 ngày. 
Mua gói data, thoại hoặc sử dụng tài khoản gốc ngay!
Soạn ST15K gửi 191: [MONEY]/3 ngày có 3GB. Truy cập https://viettel.vn/kmdata để xem chi tiết gói cước và các ưu đãi Tết khác. LH 198 ([MONEY]).",0
COM_381,29/06/2026,<#> [NUMBER] là mã xác nhận Facebook của bạn Laz+nxCarLW,0
COM_382,29/06/2026,"[TB] Nhân dịp Xuân Giáp Thìn [NUMBER], Viettel kính chúc Quý khách Vạn sự như ý - An khang thịnh vượng. Kính mời Quý khách soạn TET gửi 191 hoặc truy cập https://viettel.vn/Lixi2024 để nhận lì xì. Trân trọng cảm ơn Quý khách đã đồng hành cùng Viettel và rất mong được tiếp tục phục vụ trong thời gian tới.",0
COM_383,29/06/2026,"Doi thanh cong [POINT] tieu dung Viettel++ thanh 20 MB Data de Quy khach trai nghiem dich vu. Han su dung truoc [DATE]. Tong diem tieu dung con lai trong tai khoan Viettel++ cua Quy khach la 1.[POINT]. De kiem tra lich su doi diem va lua chon uu dai hap dan khac, 
vui long truy cap https://myvt.page.link/vtplus. Tran trong.",0
COM_384,29/06/2026,"[TB] SẮM DATA ĐÓN TẾT!
1. ST30K: [MONEY]/7 ngày có 7GB
2. FB7: [MONEY]/7 ngày miễn phí data truy cập Facebook và nhắn tin Messenger
3. 7N: [MONEY]/7 ngày có 5GB/ngày, miễn phí gọi điện, SMS nội mạng, [NUMBER]
Soạn Tên gói (ví dụ ST30K) gửi 191 để tham gia.
Đăng nhập https://viettel.vn/kmdata để xem chi tiết gói cước. LH 198 ([MONEY]).",0
COM_385,29/06/2026,"[TB] Để đảm bảo an toàn khi tham gia giao thông dịp Tết Nguyên đán Giáp Thìn [NUMBER], đề nghị người dân chấp hành pháp luật về trật tự, an toàn giao thông, điều khiển phương tiện đúng tốc độ, giữ khoảng cách an toàn, tuyệt đối không điều khiển phương tiện khi đã sử dụng rượu, bia.",0
COM_387,29/06/2026,"Tai khoan cua Quy khach sap het. Soan:
1 gui 211 de cong [TIME] noi mang ([MONEY]/p), su dung trong 7 ngay
2 gui 211 de cong [TIME] ngoai mang ([MONEY]/p), su dung trong 7 ngay
3 gui 211 de cong 65 tin nhan noi mang ([MONEY]/tin), su dung trong 15 ngay
4 gui 211 de cong 10 tin nhan ngoai mang ([MONEY]/tin), su dung trong 7 ngay
Chi tiet LH 198 (mien phi).",0
COM_388,29/06/2026,"[TB] Chúc mừng năm mới Giáp Thìn [NUMBER]! Người dân chủ động sắp xếp thời gian trở lại nơi làm việc và sinh sống tại các thành phố lớn, tránh tình trạng ùn tắc giao thông vào cuối dịp nghỉ lễ, tuyệt đối không điều khiển phương tiện khi đã sử dụng rượu, bia.",0
COM_389,29/06/2026,"Doi thanh cong [POINT] tieu dung Viettel++ thanh 30 MB Data de Quy khach trai nghiem dich vu. Han su dung truoc [DATE]. Tong diem tieu dung con lai trong tai khoan Viettel++ cua Quy khach la [POINT]. De kiem tra lich su doi diem va lua chon uu dai hap dan khac, vui long truy cap https://myvt.page.link/vtplus. Tran trong.",0
COM_390,29/06/2026,"[TB] Tặng 20% giá trị tất cả thẻ nạp vào tài khoản viễn thông trong ngày [DATE]. CT áp dụng khi nạp thẻ online qua các ví điện tử, ứng dụng thanh toán hoặc tại https://viettel.vn/pay/tt . Tiền KM sử dụng liên lạc nội mạng trong 15 ngày. Chi tiết gọi 197 bấm phím 19 ([MONEY]). Trân trọng.",0
COM_391,29/06/2026,Đăng ký gói ST5K không thành công do tài khoản không đủ [MONEY]. Quý khách nạp thêm tiền để đăng ký lại. Chi tiết LH 198 ([MONEY]). Trân trọng.,0
COM_392,29/06/2026,"Doi thanh cong [POINT] tieu dung Viettel++ thanh 20 MB Data de Quy khach trai nghiem dich vu. Han su dung truoc [DATE]. Tong diem tieu dung con lai trong tai khoan Viettel++ cua Quy khach la [POINT]. De kiem tra lich su doi diem va lua chon uu dai hap dan khac, vui long truy cap https://myvt.page.link/vtplus. Tran trong.",0
COM_393,29/06/2026,"Quy khach da duoc thanh toan [MONEY] tu nhan vien [NUMBER], Ngay GD: [DATE] [TIME]. Ma GD 240221640630427. LH [NUMBER] ([MONEY]). Tran trong.",0
COM_394,29/06/2026,"Quy khach co [MONEY] trong tai khoan. Bam goi *098*3# de co 3GB voi [MONEY]/3 ngay hoac *098*989# ([MONEY]/3 ngay) co 15GB (5GB/ngay), mien phi [TIME]/cuoc noi mang, [TIME] ngoai mang, SMS noi mang va [NUMBER]. Goi cuoc gia han khi het chu ky. De biet thong tin cac uu dai khac, bam goi *098# hoac truy cap My Viettel tai https://myvt.page.link/goidata . Chi tiet LH 198 ([MONEY]). Tran trong.",0
COM_395,29/06/2026,"Quý khách đã đăng ký thành công gói ST5K: [MONEY]/ngày có 500MB sử dụng đến [TIME] ngày [DATE]. Đăng ký lần tiếp theo trong ngày, Quý khách sẽ được tặng thêm 500MB theo CT Mua 2 tặng 1. Gói cước gia hạn hàng ngày. Truy cập https://viettel.vn/kttk để kiểm tra ưu đãi. Để hủy gia hạn, soạn HUY ST5K gửi 191. Chi tiết LH 198 ([MONEY]). Trân trọng.",0
COM_396,29/06/2026,Mã xác nhận DLS của bạn [NUMBER] DLS,0
COM_397,29/06/2026,Người dùng đã đăng ký thành công! Hoàn thành xác thực DLS,0
COM_398,29/06/2026,Authenticator: [NUMBER] DLS,0
COM_399,29/06/2026,"[TB] ĐÓN NĂM MỚI - KHUYẾN MẠI MỚI!
Tặng 20% giá trị tất cả thẻ nạp vào tài khoản viễn thông trong ngày [DATE]. Tiền KM sử dụng truy cập Internet trong 15 ngày. Nạp thẻ online tại các ví điện tử, ứng dụng thanh toán hoặc tại https://viettel.vn/naptienkm . Chi tiết gọi 197 bấm phím 19 ([MONEY]). Trân trọng.",0
COM_400,29/06/2026,"Doi thanh cong [POINT] tieu dung Viettel++ thanh 20 MB Data de Quy khach trai nghiem dich vu. Han su dung truoc [DATE]. Tong diem tieu dung con lai trong tai khoan Viettel++ cua Quy khach la [POINT]. De kiem tra lich su doi diem va lua chon uu dai hap dan khac, vui long truy cap https://myvt.page.link/vtplus. Tran trong.",0
COM_401,29/06/2026,"[QC] Tổng đài Thông tin Kinh tế - Xã hội Viettel giải đáp danh bạ điện thoại, giá cả thị trường, thông tin thể thao trong nước và quốc tế, hỗ trợ các thủ tục hành chính và pháp lý. Quý khách vui lòng gọi [NUMBER]/[NUMBER] (từ số điện thoại Viettel) hoặc [NUMBER]/[NUMBER] (từ số điện thoại mạng khác). Giá cước: [MONEY]/p. 
Từ chối QC, soạn TC3 gửi 199.",0
COM_402,5/7/2026,"Quy khach duoc cong them [POINT] Viettel++ boi giao dich Tieu dung vien thong thang 02/[NUMBER]. Thoi han su dung diem den [DATE]. Hay truy cap https://myvt.page.link/vtplus tren My Viettel hoac *098# de doi diem sang Data, SMS, Phut goi cung nhieu uu dai gia tri khac. Chi tiet LH 198. Tran trong.",0
COM_403,5/7/2026,"Doi thanh cong [POINT] tieu dung Viettel++ thanh 20 MB Data de Quy khach trai nghiem dich vu. Han su dung truoc [DATE]. Tong diem tieu dung con lai trong tai khoan Viettel++ cua Quy khach la [POINT]. De kiem tra lich su doi diem va lua chon uu dai hap dan khac, vui long truy cap https://myvt.page.link/vtplus. Tran trong.",0
COM_404,5/7/2026,"[TB] Tết A.I cũng có quà!
Soạn KM gửi 191 ([MONEY]) để xem gói cước ưu đãi dành riêng cho bạn, đăng ký gói cước sẽ nhận ngay điểm Viettel++ cùng cơ hội trúng thưởng [MONEY] đồng và điện thoại Zflip5.
Chi tiết xem tại https://viettel.vn/quayso2024 . LH 198 ([MONEY]). Trân trọng.",0
COM_405,5/7/2026,[NUMBER] la ma xac thuc dang ky tai khoan tren Cong Dich vu cong quoc gia. Ma co hieu luc trong vong [TIME].,0
COM_406,5/7/2026,"Nhap ma OTP 7807 de xac thuc Dang nhap tren ung dung My Viettel. Chi tiet LH [NUMBER] ([MONEY]) hoac truy cap https://viettel.vn/app. De dam bao an toan cho tai khoan cua Quy khach, vui long khong chia se ma xac thuc nay voi bat ky ai.",0
COM_407,5/7/2026,Thue bao [NUMBER] cua Quy khach vua dang nhap ung dung My Viettel - http://viettel.vn/app tren mot thiet bi co ten: [NUMBER]. Xin cam on!,0
COM_408,5/7/2026,Ma xac nhan cho giao dich Mo bao mat thong tin thue bao cua Quy khach la: [NUMBER]. Vui long chi cung cap cho nhan vien Viettel dang thuc hien giao dich cua Quy khach. Hotline 198([MONEY]). Tran trong!,0
COM_409,5/7/2026,"Quy khach vua thay doi thanh cong thong tin khach hang cua thue bao [NUMBER]. Moi Quy khach truy cap https://myvt.page.link/myviettel de tra cuu thong tin cac chuong trinh khuyen mai danh rieng cho thue bao. Neu co thac mac hoac khieu nai, de nghi goi den so 198 (mien phi).",0
COM_410,5/7/2026,"[KHAO SAT] Quy khach co dong y voi nhan dinh ""Cua hang Viettel da ho tro tich cuc de giup Quy khach giai quyet van de mot cach de dang""? Vui long nhap so diem tu 1 den 7 (1-3: Khong dong y; 4: Khong y kien; 5-7: Dong y) va phan hoi lai tin nhan nay (mien phi).",0
COM_411,5/7/2026,"Theo Quy khach, Viettel can cai thien dieu gi de phuc vu khach hang tot hon? Vui long nhap chi tiet noi dung gop y.",0
COM_412,5/7/2026,"Quy khach co [MONEY] trong tai khoan. Bam goi *098*3# de co 3GB voi [MONEY]/3 ngay hoac *098*989# ([MONEY]/3 ngay) co 15GB (5GB/ngay), mien phi [TIME]/cuoc noi mang, [TIME] ngoai mang, SMS noi mang va [NUMBER]. Goi cuoc gia han khi het chu ky. De biet thong tin cac uu dai khac, 
bam goi *098# hoac truy cap My Viettel tai https://myvt.page.link/goidata . Chi tiet LH 198 ([MONEY]). Tran trong.",0
COM_413,5/7/2026,Quý khách đã đăng ký thành công gói ST70: [MONEY]/30 ngày có 30GB (1GB/ngày). Gói cước gia hạn sau 30 ngày. Truy cập https://viettel.vn/kttk để kiểm tra ưu đãi. Chi tiết LH 198 ([MONEY]). Trân trọng.,0
COM_414,5/7/2026,"Sau khi hủy gia hạn gói ST70, ưu đãi còn lại sẽ được sử dụng đến hết chu kỳ. Để xác nhận hủy, soạn Y gửi 191 trong [TIME]. Truy cập https://viettel.vn/kttk để kiểm tra ưu đãi. Chi tiết LH 198 ([MONEY]). Trân trọng.",0
COM_415,5/7/2026,"Gói ST70 đã hủy gia hạn thành công. Để biết các ưu đãi khác, truy cập https://viettel.vn/goidata hoặc bấm gọi *098#. Chi tiết LH 198 ([MONEY]). Trân trọng.",0
COM_416,5/7/2026,"(QC) Chi [MONEY]/ngay co ngay 300MB luot internet va xem video giai tri tha ga KHONG GIOI HAN DATA tai http://myclip.vn, soan XNV1 gui [NUMBER] de dang ky goi data MyClip 1. Goi cuoc gia han theo ngay. Chi tiet LH 198 ([MONEY]). Tu choi QC, soan TC4 gui 199.",0
COM_417,5/7/2026,"VTMONEY: Nhap ma OTP 8898 de xac thuc dang ky tai khoan Viettel Money. Trong truong hop Quy khach khong yeu cau, vui long bo qua tin nhan nay.",0
COM_418,5/7/2026,"Cam on ban da su dung TIEN DI DONG! Ngay bay gio ban co the chuyen tien, mua sam, thanh toan hoa don (dien nuoc, internet...) va nghe goi, nhan tin, mua data bang tai khoan Tien di dong. Han muc tieu dung toi da: [MONEY] dong/thang. So du hien co: [MONEY]. Bat dau trai nghiem ngay nhe!",0
COM_419,5/7/2026,Quy khach duoc cong [POINT] do Kich hoat tai khoan tien di dong tai VIETTEL MONEY vao ngay [DATE].Truy cap https://vtmoney.onelink.me/314y/loyalty de doi diem sang cac qua tang cua chuong trinh. Tran trong.,0
COM_420,5/7/2026,"Viettel Money tang Ban voucher nho tri gia [MONEY], mong Ban ngay moi se luon vui. Hay luon mo app Viettel Money de co qua Ban nhe! Truy cap https://km.vtmoney.vn/314y/dungvc de nhan qua ngay.",0
COM_421,5/7/2026,"Ban da dang ky thanh cong tai khoan ViettelPay, so tai khoan la: [NUMBER]. Truy cap https://vt.viettelpay.vn/dk2 de su dung cac tinh nang thanh toan hoa don, dich vu voi nhieu uu dai hap dan.",0
COM_422,5/7/2026,"[DATE] [TIME] Quy khach vua lien ket The [NUMBER] tai VIETTEL. Neu KHONG phai Quy khach, lien he [NUMBER] hoac CN/PGD gan nhat",0
COM_423,5/7/2026,Quy khach da lien ket Sacombank - [NUMBER] voi dich vu ViettelPay thanh cong. Ngay GD: [DATE] [TIME],0
COM_424,5/7/2026,"Quy khach da nap [MONEY] vao tai khoan ViettelPay tu the ATM Sacombank [NUMBER], phi [MONEY]. [DATE] [TIME].",0
COM_425,5/7/2026,TK ViettelPay [NUMBER] GD +[MONEY] luc [NUMBER] [TIME] So du [MONEY] ND: 240307174459732 VIETTEL NAPTIENVIETTELPAY STB [NUMBER] 240307174459732 240307174459466 [NUMBER],0
COM_426,5/7/2026,VTMONEY: Nhap ma OTP 7391 de xac nhan su dung Voucher khuyen mai. Quy khach KHONG CUNG CAP OTP cho bat ky ai.,0
COM_427,5/7/2026,"Quy khach co [MONEY] trong tai khoan. Bam goi *098*3# de co 3GB voi [MONEY]/3 ngay hoac *098*989# ([MONEY]/3 ngay) co 15GB (5GB/ngay), mien phi [TIME]/cuoc noi mang, [TIME] ngoai mang, SMS noi mang va [NUMBER]. Goi cuoc gia han khi het chu ky. De biet thong tin cac uu dai khac, bam goi *098# hoac truy cap My Viettel tai https://myvt.page.link/goidata . Chi tiet LH 198 ([MONEY]). Tran trong.",0
COM_428,5/7/2026,"TK Tien di dong [NUMBER] GD +[MONEY] luc [NUMBER] [TIME]. So du [MONEY] Phi: -[MONEY]. ND: Nhan tien 240307174464886. Su dung TK Tien di dong, ban co the chuyen tien, nap dien thoai, mua 3G/4G va thanh toan hang tram dich vu voi nhieu uu dai tai https://viettelmoney.vn/tin-tuc-va-khuyen-mai",0
COM_429,5/7/2026,Quy khach duoc cong [POINT] do Giao dich thanh toan DV vien thong qua VIETTEL MONEY vao ngay [DATE].Truy cap https://vtmoney.onelink.me/314y/loyalty de doi diem sang cac qua tang cua chuong trinh. Tran trong.,0
COM_430,5/7/2026,"VTMONEY: Nhap ma OTP 1864 de xac nhan THANH TOAN [MONEY] cho thue bao [NUMBER], phi GD [MONEY]. Quy khach KHONG CUNG CAP OTP cho bat ky ai.",0
COM_431,5/7/2026,Quy khach da thanh toan thanh cong [MONEY] cuoc cho thue bao mobile [NUMBER]. Phi GD [MONEY]. [DATE] [TIME].,0
COM_432,5/7/2026,TK ViettelPay [NUMBER] GD -[MONEY] luc [NUMBER] [TIME] So du [MONEY] ND: GD thanh toan 240307174483516 NAP TIEN DIEN THOAI cho Khach hang [NUMBER],0
COM_433,5/7/2026,"Quy khach co [MONEY] trong tai khoan. Bam goi *098*3# de co 3GB voi [MONEY]/3 ngay hoac *098*989# ([MONEY]/3 ngay) co 15GB (5GB/ngay), mien phi [TIME]/cuoc noi mang, [TIME] ngoai mang, SMS noi mang va [NUMBER]. Goi cuoc gia han khi het chu ky. De biet thong tin cac uu dai khac, bam goi *098# hoac truy cap My Viettel tai https://myvt.page.link/goidata . Chi tiet LH 198 ([MONEY]). Tran trong.",0
COM_434,5/7/2026,Quy khach duoc cong [POINT] do Giao dich thanh toan DV vien thong qua VIETTEL MONEY vao ngay [DATE].Truy cap https://vtmoney.onelink.me/314y/loyalty de doi diem sang cac qua tang cua chuong trinh. Tran trong.,0
COM_435,5/7/2026,TK ViettelPay [NUMBER] GD +[MONEY] luc [NUMBER] [TIME] So du [MONEY] ND: 240307986728261 VIETTELMONEY HOANTIEN_VIENTHONG [NUMBER] 240307174483516 240307986728261.,0
COM_436,5/7/2026,"[QC] VIB - Tận hưởng hoàn tiền đến 6% (tối đa [MONEY]) khi chi tiêu trực tuyến với thẻ tín dụng Online Plus 2in1. Miễn lãi suất đến 55 ngày và miễn phí thường niên năm đầu tiên. Sản phẩm được cung cấp bởi Ngân hàng Thương mại cổ phần Quốc tế Việt Nam. Đăng ký ngay tại https://viettel.vn/VIB5. Từ chối QC, soạn TC7 VT_MALL gửi 197.",0
COM_437,5/7/2026,"[TB] LÊN MẠNG SIÊU RẺ! Chỉ với [MONEY] có ngay 500MB sử dụng đến [TIME] ngày đăng ký. Tham gia, soạn ST5K gửi 191, DV gia hạn hàng ngày. Chi tiết LH 198 ([MONEY]).",0
COM_438,5/7/2026,"[QC] THIỆP ĐẸP TẶNG NGAY, THAY LỜI MUỐN NÓI. Gửi thiệp chúc mừng ngày Quốc tế phụ nữ cùng gói cước Data đến một nửa thế giới ngay trên ứng dụng My Viettel tại https://myvt.page.link/tangthiep. Chi tiết LH 198 ([MONEY]). Từ chối QC, soạn TC3 gửi 199.",0
COM_439,5/7/2026,[NUMBER] la ma xac thuc dang ky tai khoan tren Cong Dich vu cong quoc gia. Ma co hieu luc trong vong [TIME].,0
COM_440,5/7/2026,[NUMBER] la ma xac thuc dang nhap tren cong dich vu cong quoc gia. Ma co hieu luc trong vong [TIME].,0
COM_441,5/7/2026,"[TB] VIETTEL TẶNG 20% GIÁ TRỊ TẤT CẢ THẺ NẠP trong ngày 11/03. Tiền KM sử dụng nội mạng đến hết [DATE]. Giảm thêm 2,5% khi nạp thẻ tại https://viettel.vn/naptienkm . Chi tiết gọi 197 bấm phím 19 ([MONEY]). Trân trọng.",0
COM_442,5/7/2026,"[TB] Bộ Công Thương - Chương trình Thương hiệu quốc gia Việt Nam thông báo về kỳ xét chọn sản phẩm đạt thương hiệu quốc gia Việt Nam lần thứ 9 năm [NUMBER]. Đây là Chương trình xúc tiến thương mại đặc thù, dài hạn của Chính phủ. Hồ sơ đăng ký trước ngày [DATE]. Chi tiết truy cập https://vietrade.gov.vn/",0
COM_443,5/7/2026,[TB] Dung quen kiem tra NGOC trong kho cua ban nhe. Viettel Money van danh rieng hang trieu phan qua cho Ban. Chan chu gi nua ma khong doi NGOC lay QUA Ban oi. Mo app Viettel Money hoac truy cap https://km.vtmoney.vn/314y/tet2024 de tham gia ngay Ban nhe.,0
COM_444,5/7/2026,[NUMBER] la ma xac thuc dang nhap tren cong dich vu cong quoc gia. Ma co hieu luc trong vong [TIME].,0
COM_445,5/7/2026,"(QC)Ban da co the vay EVNFinance va Mcredit tren MoMo, giai ngan den [MONEY] chi sau [TIME]. Vay ngay: https://momo.vn/s-vaynhanh . De tu choi, soan TC TenThuongHieu gui [NUMBER]",0
COM_446,5/7/2026,"[TB] Tặng 20% giá trị tất cả thẻ nạp vào tài khoản viễn thông trong ngày [DATE]. CT áp dụng khi nạp thẻ online qua các ví điện tử, ứng dụng thanh toán hoặc tại https://km.vtmoney.vn/314y/kmdaitra . Tiền KM sử dụng liên lạc nội mạng trong 15 ngày. Chi tiết gọi 197 bấm phím 19 ([MONEY]). Trân trọng.",0
COM_447,5/7/2026,"[QC] Nếu cần nạp tiền điện thoại thì đừng quên Viettel Money vẫn đang HOÀN TIỀN 10% khi nạp tiền cho chính mình bằng tài khoản Mobile Money tại https://km.vtmoney.vn/314y/s1kbauto. LH [NUMBER] ([MONEY]). Từ chối QC, soạn TC3 gửi 199.",0
COM_448,5/7/2026,"[TB] LÊN MẠNG THẢ GA, GỌI MIỄN PHÍ, XEM TV 0Đ
Soạn [NUMBER] gửi 191: Chỉ [MONEY]/30 ngày có 45GB (1,5GB/ngày), miễn phí 10p/cuộc nội mạng, 50p ngoại mạng. Đặc biệt, miễn phí xem [NUMBER].
Gói cước gia hạn sau 30 ngày. CT dành riêng cho Quý khách. LH 198 ([MONEY]).",0
COM_449,5/7/2026,[NUMBER] la ma xac thuc dang nhap tren cong dich vu cong quoc gia. Ma co hieu luc trong vong [TIME].,0
COM_451,5/7/2026,Cong DVC Bo Cong an Ho so Dang ky tam tru - MHS: G01.[NUMBER]-[NUMBER]-[NUMBER] cua ong/ba da duoc tra ket qua xu ly. Tran trong!,0
COM_453,5/7/2026,Ban dang yeu cau khoi phuc/thay doi Mat khau cho tai khoan Garena. Ma OTP 580438. Vui long khong cung cap ma OTP cho bat ky ai de bao ve tai khoan.,0
COM_454,5/7/2026,[KHAO SAT] VIETTEL kinh moi Quy khach danh gia chat luong dich vu: Vui long cho biet muc do hai long voi dich vu INTERNET DI DONG 3G/4G/5G cua VIETTEL bang cach nhap so diem tu 1 (Rat khong hai long) den 10 (Rat hai long) va phan hoi lai tin nhan nay (mien phi).,0
COM_455,5/7/2026,"[TB] Khi nhận được cuộc gọi/tin nhắn rác hoặc có dấu hiệu lừa đảo, hãy gọi 156 ([MONEY]) hoặc nhắn tin đến 156 ([MONEY]) để được hỗ trợ: S [Số điện thoại nhắn tin rác] [nội dung tin nhắn rác]; V [Số điện thoại gọi cuộc gọi rác] [nội dung cuộc gọi rác]; LD [Số điện thoại gọi có dấu hiệu lừa đảo] [nội dung lừa đảo]. Trân trọng.",0
COM_456,5/7/2026,"[TB] DATA TRÀN TRỀ, XEM BÓNG ĐÁ THÍCH MÊ!
Soạn TV7K gửi 191: [MONEY]/ngày có 1GB data, miễn phí xem [NUMBER]. Gói cước gia hạn theo ngày.
Đặc biệt, miễn phí xem 9 trận đấu vòng Play-off Euro [NUMBER] tại https://tv360.vn/ . LH 198 ([MONEY]).",0
COM_457,5/7/2026,"[QC] Bạn còn nhớ hay đã quên? HOÀN TIỀN 10% khi nạp tiền cho chính mình bằng tài khoản Mobile Money trên Viettel Money. Nhận ưu đãi tại https://km.vtmoney.vn/314y/s1kbauto. LH [NUMBER] ([MONEY]). Từ chối QC, soạn TC3 gửi 199.",0
COM_458,5/7/2026,"(QC) TB [NUMBER]! Soan XNM gui [NUMBER] de xem Facebook, YouTube, TikTok, Instagram, Zalo, Spotify... khong gioi han data 4G va co hoi trung [MONEY] vao tai khoan goc khi trai nghiem goi data truc tuyen tong hop - DV Mydata. Cuoc phi chi [MONEY]/ngay, gia han theo ngay. Chi tiet truy cap http://mydata.viettel.vn hoac LH 198 ([MONEY]). Tu choi QC, soan TC4 gui 199.",0
COM_459,5/7/2026,"[TB] NẠP THẺ TẶNG TIỀN - DÙNG LIỀN DATA!
Tặng 20% giá trị tất cả thẻ nạp vào tài khoản viễn thông trong ngày [DATE]. Tiền KM sử dụng truy cập Internet trong 15 ngày. Nạp thẻ online tại các ví điện tử, ứng dụng thanh toán hoặc tại https://viettel.vn/naptienkm . Chi tiết gọi 197 bấm phím 19 ([MONEY]). Trân trọng.",0
COM_461,5/7/2026,"[QC] Thực hiện nhiệm vụ trong chương trình Siêu vũ trụ - Kỷ nguyên Avatar để có cơ hội rinh hàng ngàn giải thưởng với tổng giá trị lên đến 9 tỷ đồng. Tham gia ngay trên ứng dụng My Viettel tại https://myvt.page.link/avatar2. Chi tiết LH 198 ([MONEY]). Từ chối QC, soạn TC3 gửi 199.",0
COM_462,5/7/2026,Your Discord verification code is: [NUMBER],0
COM_463,5/7/2026,Ban co KHUYEN MAI 60% GIA TRI THE NAP trong ngay [DATE] khi thanh toan bang tai khoan Mobile Money (Tien di dong). Nap ngay tai https://km.vtmoney.vn/314y/topup60 . Luu y: Khuyen mai 60% gom uu dai 50% gia tri the nap Viettel va HOAN TIEN 10% khi thanh toan qua tai khoan Mobile Money. Uu dai ap dung cho lan nap dau tien trong ngay.,0
COM_464,5/7/2026,"(QC) Khong can the tin dung, Quy khach co the mua ung dung tren Google Play va thanh toan bang tai khoan Viettel don gian, nhanh chong. Chi tiet truy cap http://chplay.viettel.vn hoac LH 198 ([MONEY]). Tu choi QC, soan TC4 gui 199.",0
COM_465,5/7/2026,"Quy khach duoc cong them [POINT] Viettel++ boi giao dich Tieu dung vien thong thang 03/[NUMBER]. Thoi han su dung diem den [DATE]. Hay truy cap https://myvt.page.link/vtplus tren My Viettel hoac *098# de doi diem sang Data, SMS, Phut goi cung nhieu uu dai gia tri khac. Chi tiet LH 198. Tran trong.",0
COM_466,5/7/2026,"[QC] Internet Viettel gói SUN1T: TẶNG NGAY 1 - 2 tháng cước dịch vụ khi đăng ký mới và đóng trước cước từ 6 - 12 tháng. Cước phí chỉ [MONEY]/tháng. Phí hòa mạng [MONEY], miễn phí modem wifi. Chi tiết truy cập https://viettel.vn/s/SUN1T hoặc LH [NUMBER] ([MONEY]). Từ chối QC, soạn TC3 gửi 199.",0
COM_467,5/7/2026,"Viettel TB: Từ ngày [DATE], gói ST70 sẽ kết thúc. Chi tiết LH 198 ([MONEY]). Trân trọng.",0
COM_468,5/7/2026,"Viettel TB: Gói ST70 đã kết thúc. Để biết các ưu đãi khác, truy cập https://viettel.vn/goidata hoặc bấm gọi *098#. Chi tiết LH 198 ([MONEY]). Trân trọng.",0
COM_471,5/7/2026,"Quý khách đã đăng ký thành công gói ST5K: [MONEY]/ngày có 500MB sử dụng đến [TIME] ngày [DATE]. Đăng ký lần tiếp theo trong ngày, Quý khách sẽ được tặng thêm 500MB theo CT Mua 2 tặng 1. Gói cước gia hạn hàng ngày. Truy cập https://viettel.vn/kttk để kiểm tra ưu đãi. Để hủy gia hạn, soạn HUY ST5K gửi 191. Chi tiết LH 198 ([MONEY]). Trân trọng.",0
COM_472,5/7/2026,"[TB] Dung quen Ban dang co voucher giam [MONEY] khi mua Data, nap dien thoai Viettel hoac thanh toan Dien. Mo app hoac truy cap https://km.vtmoney.vn/314y/uudai2 de su dung uu dai Ban nhe.",0
COM_473,5/7/2026,"[QC] Thẻ VIB Online Plus 2in1 - Hoàn tiền đến 10% (tối đa [MONEY]) tổng giá trị chi tiêu hợp lệ hàng tháng và hạn mức lên đến [MONEY] đồng. Đăng ký ngay tại https://viettel.vn/s/VIB2. Sản phẩm được cung cấp bởi Ngân hàng Thương mại cổ phần Quốc tế Việt Nam. Từ chối QC, soạn TC7 VT_MALL gửi 197.",0
COM_474,5/7/2026,"Ban co KHUYEN MAI 60% GIA TRI THE NAP trong ngay mai [DATE] khi thanh toan bang tai khoan Mobile Money (Tien di dong). Nap ngay tai https://km.vtmoney.vn/314y/topup60 . Luu y: 
Khuyen mai 60% gom uu dai 50% gia tri the nap Viettel va HOAN TIEN 10% khi thanh toan qua tai khoan Mobile Money. Uu dai ap dung cho lan nap dau tien trong ngay.",0
COM_475,5/7/2026,"[TB] NẠP THẺ TẶNG TIỀN - DÙNG LIỀN DATA!
Tặng 20% giá trị tất cả thẻ nạp vào tài khoản viễn thông trong ngày [DATE]. Tiền KM sử dụng truy cập Internet trong 15 ngày. Nạp thẻ online tại các ví điện tử, ứng dụng thanh toán hoặc tại https://viettel.vn/naptienkm . Chi tiết gọi 197 bấm phím 19 ([MONEY]). Trân trọng.",0
COM_476,5/7/2026,"[TB] MUA DATA - MIỄN PHÍ XEM PHIM THẢ GA
Soạn TV7K gửi 191: [MONEY]/ngày có 1GB và gói [NUMBER] Standard (không giới hạn data để xem phim, Euro tại https://tv360.vn/ ).
Gói cước gia hạn theo ngày. LH 198 ([MONEY]).",0
COM_477,5/7/2026,"[TB] Dung quen Ban dang co voucher giam [MONEY] khi mua Data, nap dien thoai Viettel hoac thanh toan Dien se HET HAN HOM NAY [DATE]. Mo app hoac truy cap https://km.vtmoney.vn/314y/uudai2 de su dung uu dai Ban nhe.",0
COM_478,5/7/2026,"Doi thanh cong [POINT] tieu dung Viettel++ thanh 60 MB Data de Quy khach trai nghiem dich vu. Han su dung truoc [DATE]. Tong diem tieu dung con lai trong tai khoan Viettel++ cua Quy khach la 1.[POINT]. De kiem tra lich su doi diem va lua chon uu dai hap dan khac, vui long truy cap https://myvt.page.link/vtplus. Tran trong.",0
COM_479,5/7/2026,"(QC) Soan XN3 gui [NUMBER] de xem hang trieu video KHONG QUANG CAO tren MyClip tai http://myclip.vn/hot1. Gia cuoc [MONEY]/ngay, gia han theo ngay. Chi tiet LH 198 ([MONEY]). Tu choi QC, soan TC gui 199.",0
COM_480,5/7/2026,"(QC) TB [NUMBER]! Soan XN7 gui [NUMBER] de xem Facebook, YouTube, TikTok, Instagram, Zalo, Spotify... khong gioi han data 4G va co hoi trung [MONEY] vao tai khoan goc khi trai nghiem goi data truc tuyen tong hop - DV Mydata. Cuoc phi chi [MONEY]/ngay, gia han theo ngay. Chi tiet truy cap http://mydata.viettel.vn hoac LH 198 ([MONEY]). Tu choi QC, soan TC4 gui 199.",0
COM_481,5/7/2026,"Moi Quy khach soan tin de tham gia DV Data Plus:
1 gui [NUMBER] de cong 3072MB (cuoc [MONEY], su dung trong 7 ngay).
2 gui [NUMBER] de cong 2048MB (cuoc [MONEY], su dung trong vong [TIME] sau khi cong).
Tin nhan co hieu luc trong [TIME]. Chi tiet LH 198 (mien phi).",0
COM_482,5/7/2026,"[TB] Dung quen Ban dang co voucher MIEN PHI [MONEY] khi nap dien thoai Viettel. Mo app hoac truy cap https://km.vtmoney.vn/314y/uudai2 de su dung uu dai Ban nhe. Neu da su dung, vui long bo qua tin nhan.",0
COM_483,5/7/2026,"[QC] Tận hưởng các bộ phim đa sắc màu miễn phí trên [NUMBER]! 
Đón chào tháng giao mùa, [NUMBER] lên sóng hàng loạt siêu phẩm phim HOT Thái - Trung - Hàn phát song song: Tình Yêu Hai Chiến Tuyến, Hoa Gian Lệnh, Mất Tích... Mời Quý khách xem ngay các bộ phim mới nhất tại https://tv360.vn/ . Chi tiết LH 198 ([MONEY]). Từ chối QC, soạn TC4 gửi 199.",0
COM_484,5/7/2026,"Doi thanh cong [POINT] tieu dung Viettel++ thanh 60 MB Data de Quy khach trai nghiem dich vu. Han su dung truoc [DATE]. Tong diem tieu dung con lai trong tai khoan Viettel++ cua Quy khach la 1.[POINT]. De kiem tra lich su doi diem va lua chon uu dai hap dan khac, vui long truy cap https://myvt.page.link/vtplus. Tran trong.",0
COM_485,5/7/2026,"[TB] Tặng 20% giá trị tất cả thẻ nạp vào tài khoản viễn thông trong ngày [DATE]. CT áp dụng khi nạp thẻ online qua các ví điện tử, ứng dụng thanh toán hoặc tại https://viettel.vn/pay/tt . Tiền KM sử dụng liên lạc nội mạng trong 15 ngày. Chi tiết gọi 197 bấm phím 19 ([MONEY]). Trân trọng.",0
COM_486,5/7/2026,[TB] Dung quen Ban dang co voucher MIEN PHI [MONEY] khi nap dien thoai Viettel. Mo app hoac truy cap https://km.vtmoney.vn/314y/uudai2 de su dung uu dai ngay Ban nhe.,0
COM_487,5/7/2026,"[TB] Để đảm bảo an toàn khi tham gia giao thông dịp Giỗ Tổ Hùng Vương, Lễ 30/04 - 01/05 và cao điểm du lịch hè năm [NUMBER], đề nghị người dân chấp hành pháp luật về trật tự, an toàn giao thông, điều khiển phương tiện đúng tốc độ, giữ khoảng cách an toàn, tuyệt đối không điều khiển phương tiện khi đã sử dụng rượu, bia.",0
COM_488,5/7/2026,[TB] Dung quen Ban dang co voucher MIEN PHI [MONEY] khi nap dien thoai Viettel se HET HAN HOM NAY [DATE]. Mo app hoac truy cap https://km.vtmoney.vn/314y/uudai2 de su dung uu dai Ban nhe.,0
COM_489,5/7/2026,"[QC] 16h00 ngày 18/4, Iran - Afghanistan: Đội bóng số 1 Châu Á thể hiện sức mạnh?
Soạn DK1 gửi [NUMBER] ([MONEY]/ngày, gia hạn theo ngày) để xem các kênh truyền hình trong nước/quốc tế, phim kinh điển... và xem trực tiếp trận đấu trong khuôn khổ giải AFC Futsal Asian Cup [NUMBER] trên [NUMBER] tại https://tv360.vn/ . Chi tiết LH 198 ([MONEY]). Từ chối QC, soạn TC4 gửi 199.",0
COM_490,5/7/2026,"Doi thanh cong [POINT] tieu dung Viettel++ thanh 20 MB Data de Quy khach trai nghiem dich vu. Han su dung truoc [DATE]. Tong diem tieu dung con lai trong tai khoan Viettel++ cua Quy khach la 1.[POINT]. De kiem tra lich su doi diem va lua chon uu dai hap dan khac, vui long truy cap https://myvt.page.link/vtplus. Tran trong.",0
COM_493,5/7/2026,TB Dung quen Ban dang co voucher MIEN PHI [MONEY] khi nap dien thoai Viettel. Mo app hoac truy cap https://km.vtmoney.vn/314y/uudai2 de su dung uu dai Ban nhe.,0
COM_494,5/7/2026,"[TB] NẠP THẺ TẶNG TIỀN - DÙNG LIỀN DATA!
Tặng 20% giá trị tất cả thẻ nạp vào tài khoản viễn thông trong ngày [DATE]. Tiền KM sử dụng truy cập Internet trong 15 ngày. Nạp thẻ online tại các ví điện tử, ứng dụng thanh toán hoặc tại https://vtmoney.onelink.me/314y/km3 . Chi tiết gọi 197 bấm phím 19 ([MONEY]). Trân trọng.",0
COM_495,5/7/2026,"Doi thanh cong [POINT] tieu dung Viettel++ thanh 20 MB Data de Quy khach trai nghiem dich vu. Han su dung truoc [DATE]. Tong diem tieu dung con lai trong tai khoan Viettel++ cua Quy khach la 1.[POINT]. De kiem tra lich su doi diem va lua chon uu dai hap dan khac, vui long truy cap https://myvt.page.link/vtplus. Tran trong.",0
COM_496,5/7/2026,"[TB] SẮM DATA CHƠI LỄ!
Soạn 7N gửi 191: [MONEY]/7 ngày có 35GB (5GB/ngày), miễn phí gọi điện (35p ngoại mạng, 10p/cuộc nội mạng), SMS nội mạng và [NUMBER].
Gói cước gia hạn sau 7 ngày. LH 198 ([MONEY]).",0
COM_497,5/7/2026,"Doi thanh cong [POINT] tieu dung Viettel++ thanh 20 MB Data de Quy khach trai nghiem dich vu. Han su dung truoc [DATE]. Tong diem tieu dung con lai trong tai khoan Viettel++ cua Quy khach la [POINT]. De kiem tra lich su doi diem va lua chon uu dai hap dan khac, vui long truy cap https://myvt.page.link/vtplus. Tran trong.",0
COM_498,5/7/2026,Mã xác thực Discord của bạn là: [NUMBER],0
COM_499,5/7/2026,"[QC] Tận hưởng chuyến du lịch mơ ước bằng cách đổi điểm Viettel++ để nhận các voucher từ Mytour, Vexere tại https://km.vtmoney.vn/314y/dichuyes. Chi tiết LH [NUMBER] ([MONEY]). Từ chối QC, soạn TC3 gửi 199.",0
COM_500,5/7/2026,"[TB] Quỹ Bảo trợ trẻ em Việt Nam kêu gọi ủng hộ trẻ em có hoàn cảnh đặc biệt, khó khăn trên toàn quốc nhân Tháng hành động vì trẻ em năm [NUMBER] bằng cách ủng hộ qua tài khoản: TEVN tại Vietcombank.",0
COM_501,5/7/2026,"[TB] Ban dung quen doi diem Viettel++ de nhan MIEN PHI data, phut goi, SMS tren Viettel Money. Truy cap https://km.vtmoney.vn/314y/doidiemvtplus de doi diem ngay ban nhe!",0
COM_503,5/7/2026,"[QC] Duy nhất chỉ có trên ứng dụng My Viettel! Gói cước SD30S: [MONEY]/7 ngày có tối đa 2GB/ngày, gói cước không gia hạn. Đăng ký ngay tại https://myvt.page.link/sd30s. Chi tiết LH 198 ([MONEY]). Từ chối QC, soạn TC3 gửi 199.",0
COM_504,5/7/2026,"[QC] Thoả sức săn deal TIKI 5.5, thanh toán nhanh gọn với Viettel Money. Chi tiết tại https://km.vtmoney.vn/NE34/uudaitiki hoặc LH [NUMBER] ([MONEY]). Từ chối QC, soạn TC3 gửi 199.",0
COM_505,5/7/2026,"[QC] 19h15 ngày 5/5: Hoàng Đức và các đồng đội đặt mục tiêu giành trọn vẹn [POINT] trên sân nhà.
Soạn DK1 gửi [NUMBER] ([MONEY]/ngày, gia hạn theo ngày) để xem các kênh truyền hình trong nước/quốc tế, phim kinh điển... và xem trực tiếp trận đấu giữa Thể Công Viettel và [NAME] trên [NUMBER] tại https://tv360.vn/ . Chi tiết LH 198 ([MONEY]). Từ chối QC, soạn TC4 gửi 199.",0
COM_507,5/7/2026,"[TB] Chatbot - Trợ lý ảo trên My Viettel hỗ trợ online 24/7 về thông tin CTKM, gói cước Data, báo hỏng dịch vụ. Truy cập ứng dụng tại https://myvt.page.link/chatbot hoặc https://viettel.vn. Chi tiết LH 198 ([MONEY]). Trân trọng!",0
COM_509,5/7/2026,"[TB] NẠP THẺ TẶNG TIỀN - DÙNG LIỀN DATA!
Tặng 20% giá trị tất cả thẻ nạp vào tài khoản viễn thông trong ngày [DATE]. Tiền KM sử dụng truy cập Internet trong 15 ngày. Nạp thẻ online tại các ví điện tử, ứng dụng thanh toán hoặc tại https://viettel.vn/naptienkm . Chi tiết gọi 197 bấm phím 19 ([MONEY]). Trân trọng.",0
COM_510,5/7/2026,"[QC] Săn combo voucher giảm đến [MONEY] từ Be, voucher giảm [MONEY] khi thuê xe ô tô trên Mioto. Nhớ sử dụng Viettel Money để thanh toán tiền xe bạn nhé. Chi tiết truy cập https://km.vtmoney.vn/NE34/uudai2 hoặc LH [NUMBER] ([MONEY]). Từ chối QC, soạn TC3 gửi 199.",0
COM_511,5/7/2026,"[QC] HOÀN TIỀN 30% khi mua gói cước Data và thanh toán qua tài khoản Mobile Money (tiền di động) trên Viettel Money! Mua ngay tại https://km.vtmoney.vn/314y/dt4 . LH [NUMBER] ([MONEY]). Từ chối QC, soạn TC7 VT_MALL gửi 197.",0
COM_512,5/7/2026,[TB] Bộ Thông tin và Truyền thông khảo sát nhu cầu đọc sách nhằm xây dựng chính sách xuất bản và Văn hóa đọc. Kính mời Quý độc giả truy cập vào đường dẫn https://mydio.vn/khaosat để thực hiện khảo sát. Chúng tôi cam kết bảo mật toàn bộ thông tin liên quan và chân thành cảm ơn sự hợp tác của Quý độc giả. Trân trọng.,0
COM_513,5/7/2026,"[TB] Tặng 20% giá trị tất cả thẻ nạp vào tài khoản viễn thông trong ngày [DATE]. CT áp dụng khi nạp thẻ online qua các ví điện tử, ứng dụng thanh toán hoặc tại https://km.vtmoney.vn/314y/kmdaitra . Tiền KM sử dụng liên lạc nội mạng trong 15 ngày. Chi tiết gọi 197 bấm phím 19 ([MONEY]). Trân trọng.",0
COM_514,5/7/2026,"[TB] Quy khach da dang ky/gia han thanh cong goi ST5K ([MONEY]/ngay co 500MB). Quy khach duoc tang them [TIME] goi noi mang Mocha Call Out dung den [TIME]. De su dung KM, vui long tai ung dung Mocha va lam theo huong dan tai http://mocha.com.vn/hd . LH 198 ([MONEY]). Tran trong.",0
COM_515,5/7/2026,"[TB] Dung quen Ban dang co voucher giam [MONEY] khi mua Data, nap dien thoai Viettel hoac thanh toan Dien se HET HAN HOM NAY [DATE]. Mo app hoac truy cap https://km.vtmoney.vn/314y/uudai2 de su dung uu dai Ban nhe.",0
COM_516,5/7/2026,"[QC] Nhanh tay nạp tiền điện thoại bằng tài khoản Mobile Money (Tiền di động) tại https://km.vtmoney.vn/314y/s1kbauto để nhận ưu đãi hoàn tiền 10% Bạn nhé. Chi tiết LH [NUMBER] ([MONEY]). Từ chối QC, soạn TC3 gửi 199.",0
COM_517,5/7/2026,"(QC)Ban da co the vay EVNFinance va Mcredit tren MoMo, giai ngan den [MONEY] chi sau [TIME]. Vay ngay: https://momo.vn/s-vaynhanh . De tu choi, soan TC TenThuongHieu gui [NUMBER]",0
COM_519,5/7/2026,HOAN den 30% gia tri khi mua moi/gia han goi Data Viettel tren Viettel Money. Mo app hoac truy cap https://km.vtmoney.vn/314y/datat2 de mua ngay Ban nhe!,0
COM_521,5/7/2026,"[QC] TANG NGAY 1 thang cuoc dich vu INTERNET VIETTEL khi dang ky moi va dong truoc cuoc 12 thang. Cuoc TB chi tu [MONEY]/thang. Phi hoa mang [MONEY], mien phi modem wifi, thu tuc don gian va nhanh chong. Chi tiet LH [NUMBER] ([MONEY]) hoac truy cap https://viettel.vn/s/HOMET1 . Tu choi QC, soan TC3 gui 199.",0
COM_522,5/7/2026,[TB] Ban co KHUYEN MAI 60% nap dien thoai duy nhat [DATE] khi thanh toan bang tai khoan Tien di dong tren Viettel Money. Nap ngay tai https://km.vtmoney.vn/314y/topup60 .,0
COM_523,5/7/2026,"[TB] MUA DATA - MIỄN PHÍ XEM PHIM THẢ GA
Soạn TV7K gửi 191: [MONEY]/ngày có 1GB và gói [NUMBER] Standard (không giới hạn data để xem phim, Euro, V.League tại https://tv360.vn/ ).
Gói cước gia hạn theo ngày. LH 198 ([MONEY]).",0
COM_524,5/7/2026,[TB] Dung quen Ban dang co voucher MIEN PHI [MONEY] khi nap dien thoai Viettel se HET HAN HOM NAY [DATE]. Mo app hoac truy cap https://km.vtmoney.vn/314y/uudai2 de su dung uu dai ngay Ban nhe.,0
COM_525,5/7/2026,"[TB] NẠP THẺ TẶNG TIỀN - DÙNG LIỀN DATA!
Tặng 20% giá trị tất cả thẻ nạp vào tài khoản viễn thông trong ngày [DATE]. Tiền KM sử dụng truy cập Internet trong 15 ngày. Nạp thẻ online tại các ví điện tử, ứng dụng thanh toán hoặc tại https://viettel.vn/naptienkm . Chi tiết gọi 197 bấm phím 19 ([MONEY]). Trân trọng.",0
COM_526,5/7/2026,"[TB] DATA SIÊU TỐC - PHIM, EURO THẢ GA!
Soạn TV95K gửi 191: [MONEY]/30 ngày có 45GB (1,5GB/ngày) và gói cước [NUMBER] Standard (trị giá [MONEY]) để xem phim, Euro tại https://tv360.vn/
Gói cước gia hạn sau 30 ngày. LH 198 ([MONEY]).",0
COM_527,5/7/2026,[TB] Dung quen Ban dang co voucher MIEN PHI [MONEY] khi nap dien thoai Viettel. Mo app hoac truy cap https://km.vtmoney.vn/314y/uudai2 de su dung uu dai ngay Ban nhe. Neu da su dung vui long bo qua tin nhan.,0
COM_528,5/7/2026,[TB] Dung quen Ban dang co voucher MIEN PHI [MONEY] khi nap dien thoai Viettel. Mo app hoac truy cap https://km.vtmoney.vn/314y/uudai2 de su dung uu dai ngay Ban nhe.,0
COM_529,5/7/2026,[TB] Ban co KHUYEN MAI 60% nap dien thoai duy nhat [DATE] khi thanh toan bang tai khoan Tien di dong tren Viettel Money. Nap ngay tai https://km.vtmoney.vn/314y/topup60 .,0
COM_530,5/7/2026,VTMONEY: Nhap ma OTP 5774 de xac nhan su dung Voucher khuyen mai. Quy khach KHONG CUNG CAP OTP cho bat ky ai.,0
COM_531,5/7/2026,"TK Tien di dong [NUMBER] GD +[MONEY] luc [NUMBER] [TIME]. So du [MONEY] Phi: -[MONEY]. ND: Nhan tien 240528165693445. Su dung TK Tien di dong, ban co the chuyen tien, nap dien thoai, mua 3G/4G va thanh toan hang tram dich vu voi nhieu uu dai tai https://viettelmoney.vn/tin-tuc-va-khuyen-mai",0
COM_532,5/7/2026,"Quy khach co [MONEY] trong tai khoan. Bam goi *098*3# de co 3GB voi [MONEY]/3 ngay hoac *098*989# ([MONEY]/3 ngay) co 15GB (5GB/ngay), mien phi [TIME]/cuoc noi mang, [TIME] ngoai mang, SMS noi mang va [NUMBER]. Goi cuoc gia han khi het chu ky. De biet thong tin cac uu dai khac, bam goi *098# hoac truy cap My Viettel tai https://myvt.page.link/goidata . Chi tiet LH 198 ([MONEY]). Tran trong.",0
COM_533,5/7/2026,"Quý khách đã đăng ký thành công gói ST5K: [MONEY]/ngày có 500MB sử dụng đến [TIME] ngày [DATE]. Đăng ký lần tiếp theo trong ngày, Quý khách sẽ được tặng thêm 500MB theo CT Mua 2 tặng 1. Gói cước gia hạn hàng ngày. Truy cập https://viettel.vn/kttk để kiểm tra ưu đãi. Để hủy gia hạn, soạn HUY ST5K gửi 191. Chi tiết LH 198 ([MONEY]). Trân trọng.",0
COM_534,5/7/2026,"Chiem nguong Top nhung ban thang dep nhat lich su Euro - 100% mien phi luu luong Data 4G/5G tren [NUMBER] tai http://s.viettel.vn/euro_v . Tu choi nhan tin, soan TC2 gui [NUMBER]. Chi tiet LH 198 ([MONEY]). Tran trong.",0
COM_535,5/7/2026,"[TB] Chào mừng ""35 NĂM VIETTEL""
TẶNG 35% giá trị tất cả thẻ nạp vào tài khoản viễn thông trong 2 ngày 31/05 và 01/06. Tiền KM sử dụng truy cập Internet trong 15 ngày. Nạp thẻ online tại các ví điện tử, ứng dụng thanh toán hoặc tại https://vtmoney.onelink.me/314y/km3 . Chi tiết gọi 197 bấm phím 19 ([MONEY]). Trân trọng.",0
COM_536,5/7/2026,[TB] Ban co KHUYEN MAI 45% nap the Viettel duy nhat [DATE] tren Viettel Money (gom tang 35% gia tri the nap + hoan tien 10%). Nap ngay tai https://km.vtmoney.vn/314y/km45,0
COM_537,5/7/2026,"[QC] Internet Viettel gói SUN1T: TẶNG NGAY 1 tháng cước dịch vụ khi đăng ký mới và đóng trước cước 12 tháng. Cước TB chỉ [MONEY]/tháng. Phí hòa mạng [MONEY], miễn phí modem wifi. Chi tiết LH [NUMBER] ([MONEY]) hoặc truy cập https://viettel.vn/s/SUN1T. Từ chối QC, soạn TC3 gửi 199.",0
COM_538,5/7/2026,[TB] Ban co uu dai mua goi Data 3N (co 15GB/3 ngay) gia chi [MONEY] tren Viettel Money. Mua ngay tai https://km.vtmoney.vn/314y/gg3N . Ap dung khi thanh toan bang tai khoan Tien di dong.,0
COM_541,5/7/2026,[TB] Ban duoc mua goi Data 1N (5GB Data/ngay) gia chi [MONEY] duy nhat tren Viettel Money. Mua ngay tai https://km.vtmoney.vn/314y/gg1N . Ap dung khi thanh toan qua tai khoan Tien di dong.,0
COM_542,5/7/2026,"[QC] Tặng 10.[POINT] Viettel++ cho 50.000 TB đầu tiên đăng nhập lại ứng dụng My Viettel (https://myvt.page.link/nhandiem) và click vào icon nhận điểm trong tháng. Điểm tặng được cộng trong [TIME], sử dụng đến hết tháng 07/[NUMBER]. CT áp dụng cho TB nhận được tin nhắn. Chi tiết LH 198 ([MONEY]). Từ chối QC, soạn TC3 gửi 199.",0
COM_543,5/7/2026,[TB] Ban co the mua goi Data 1N_TMDT (co 5GB/ngay) gia chi [MONEY] duy nhat tren Viettel Money. Mua ngay tai https://km.vtmoney.vn/314y/gg1N . Vui long tim goi 1N_TMDT trong muc Danh sach goi -> Combo -> 1-7 ngay.,0
COM_544,5/7/2026,"[TB] Dung quen Ban dang co voucher giam [MONEY] khi mua Data, nap dien thoai Viettel hoac thanh toan Dien. Mo app hoac truy cap https://km.vtmoney.vn/314y/uudai2 de su dung uu dai Ban nhe. Neu da su dung vui long bo qua tin nhan.",0
COM_545,5/7/2026,"[TB] Chào mừng ""35 NĂM VIETTEL"", trân trọng gửi tặng Quý khách 10.[POINT] tiêu dùng Viettel++. Soạn 35NAM gửi 191 hoặc truy cập https://viettel.vn/35nam/didong để nhận điểm. Chương trình áp dụng từ 15/05 - [DATE]. Chi tiết LH 198 ([MONEY]).",0
COM_546,5/7/2026,"Chúc mừng Quý khách. Thuê bao của Quý khách sẽ được cộng 10.[POINT] Viettel++ trong [TIME] nếu trước đó chưa nhận điểm từ chương trình ""35 năm VIETTEL"". Chi tiết LH 198 ([MONEY]). Trân trọng.",0
COM_547,5/7/2026,"Chao mung 35 NAM VIETTEL, tran trong gui tang Quy khach 10.[POINT] tieu dung Viettel++. Thoi han su dung diem den [DATE]. Kinh moi Quy khach doi diem de nhan ngan uu dai hap dan tren My Viettel https://myvt.page.link/vtplus hoac goi *098#. Chi tiet LH 198. Tran trong.",0
COM_548,5/7/2026,"Doi thanh cong [POINT] tieu dung Viettel++ thanh 60 MB Data de Quy khach trai nghiem dich vu. Han su dung truoc [DATE]. Tong diem tieu dung con lai trong tai khoan Viettel++ cua Quy khach la 10.[POINT]. De kiem tra lich su doi diem va lua chon uu dai hap dan khac, vui long truy cap https://myvt.page.link/vtplus. Tran trong.",0
COM_549,5/7/2026,"[TB] LƯỚT MẠNG THẢ GA - XEM TV MIỄN PHÍ
Soạn TV75K gửi 191: Chỉ [MONEY]/30 ngày có 30GB (1GB/ngày) và miễn phí xem [NUMBER].
Gói cước gia hạn sau 30 ngày. CT dành riêng cho Quý khách. LH 198 ([MONEY]).",0
COM_550,5/7/2026,"Doi thanh cong [POINT] tieu dung Viettel++ thanh 20 MB Data de Quy khach trai nghiem dich vu. Han su dung truoc [DATE]. Tong diem tieu dung con lai trong tai khoan Viettel++ cua Quy khach la 9.[POINT]. De kiem tra lich su doi diem va lua chon uu dai hap dan khac, vui long truy cap https://myvt.page.link/vtplus. Tran trong.",0
COM_551,5/7/2026,[TB] Ban co KHUYEN MAI 60% nap dien thoai duy nhat [DATE] tren Viettel Money (gom Tang 50% gia tri the nap + Hoan tien 10%). Nap ngay tai https://km.vtmoney.vn/314y/topup60 .,0
COM_552,5/7/2026,"[TB] Dung quen Ban dang co voucher giam [MONEY] khi mua Data, nap dien thoai Viettel hoac thanh toan Dien se HET HAN HOM NAY [DATE]. Mo app hoac truy cap https://km.vtmoney.vn/314y/uudai2 de su dung uu dai Ban nhe.",0
COM_553,5/7/2026,"[TB] Tặng 20% giá trị tất cả thẻ nạp vào tài khoản viễn thông trong ngày [DATE]. CT áp dụng khi nạp thẻ online qua các ví điện tử, ứng dụng thanh toán hoặc tại https://viettel.vn/pay/tt . Tiền KM sử dụng liên lạc nội mạng trong 15 ngày. Chi tiết gọi 197 bấm phím 19 ([MONEY]). Trân trọng.",0
COM_554,5/7/2026,"[TB] TIỆN ÍCH XEM MIỄN PHÍ EURO [NUMBER] TRÊN [NUMBER]!
Cập nhật lịch thi đấu mới nhất và đón xem trực tiếp trận đối đầu giữa Tây Ban Nha - Croatia vào lúc [TIME] ngày 15/6 tại http://s.viettel.vn/tv360_sk1v (miễn phí lưu lượng data Viettel). Chi tiết LH 198 ([MONEY]). Trân trọng.",0
COM_555,5/7/2026,[TB] Ban co KHUYEN MAI 30% nap dien thoai duy nhat ngay [DATE] tren Viettel Money (gom tang 20% gia tri the nap + hoan tien 10%). Nap ngay tai https://km.vtmoney.vn/314y/topup30 .,0
COM_556,5/7/2026,"Doi thanh cong [POINT] tieu dung Viettel++ thanh 60 MB Data de Quy khach trai nghiem dich vu. Han su dung truoc [DATE]. Tong diem tieu dung con lai trong tai khoan Viettel++ cua Quy khach la 9.[POINT]. De kiem tra lich su doi diem va lua chon uu dai hap dan khac, vui long truy cap https://myvt.page.link/vtplus. Tran trong.",0
COM_558,5/7/2026,"[TB] TIỆN ÍCH XEM MIỄN PHÍ EURO [NUMBER] TRÊN [NUMBER]!
Cập nhật lịch thi đấu mới nhất, đón xem trực tiếp trận đấu căng thẳng của bảng D giữa Ba Lan và Hà Lan vào lúc [TIME] ngày 16/6 tại http://s.viettel.vn/euro_sk1 (miễn phí lưu lượng data Viettel). Chi tiết LH 198 ([MONEY]).",0
COM_560,5/7/2026,[TB] Dung quen Ban dang co voucher MIEN PHI [MONEY] khi nap dien thoai Viettel se HET HAN HOM NAY [DATE]. Mo app hoac truy cap https://km.vtmoney.vn/314y/uudai2 de su dung uu dai Ban nhe.,0
COM_561,5/7/2026,"[QC] Viettel Store Hồ Chí Minh hỗ trợ đổi điện thoại cũ (2G/3G) lấy máy 4G mới, trả góp 0%, trợ giá máy 4G đến [MONEY] đồng, miễn phí 6 tháng dùng Data 4G (mua trả góp Samsung Galaxy A05, A05s, A15). CT áp dụng đến [DATE]. Mua ngay tại https://tinyurl.com/tramchuyendoi4g hoặc LH [NUMBER] ([MONEY]). Từ chối QC, soạn TC3 gửi 199.",0
COM_562,5/7/2026,"[QC] TANG NGAY 1 thang cuoc dich vu INTERNET VIETTEL khi dang ky moi va dong truoc cuoc 12 thang. Cuoc TB chi tu [MONEY]/thang. Phi hoa mang [MONEY], mien phi modem wifi, thu tuc don gian va nhanh chong. Chi tiet LH [NUMBER] ([MONEY]) hoac truy cap https://viettel.vn/s/STAR1T. Tu choi QC, soan TC3 gui 199.",0
COM_563,5/7/2026,"[TB] DÙNG DATA GIÁ SIÊU RẺ!
1. Soạn ST5K gửi 191: [MONEY]/ngày có 500MB.
2. Soạn 1N gửi 191: [MONEY]/ngày có 5GB, 5p gọi ngoại mạng, miễn phí 10p/cuộc gọi nội mạng, nhắn tin nội mạng, xem [NUMBER].
Ưu đãi sử dụng đến [TIME] ngày đăng ký. Các gói cước gia hạn theo ngày. LH 198 ([MONEY]).",0
COM_564,5/7/2026,[TB] Dung quen Ban dang co voucher MIEN PHI [MONEY] khi nap dien thoai Viettel. Mo app hoac truy cap https://km.vtmoney.vn/314y/uudai2 de su dung uu dai Ban nhe. Neu da su dung vui long bo qua tin nhan.,0
COM_565,5/7/2026,"Doi thanh cong [POINT] tieu dung Viettel++ thanh 40 MB Data de Quy khach trai nghiem dich vu. Han su dung truoc [DATE]. Tong diem tieu dung con lai trong tai khoan Viettel++ cua Quy khach la 8.[POINT]. De kiem tra lich su doi diem va lua chon uu dai hap dan khac, vui long truy cap https://myvt.page.link/vtplus. Tran trong.",0
COM_566,5/7/2026,"[TB] NẠP THẺ TẶNG TIỀN - DÙNG LIỀN DATA!
Tặng 20% giá trị tất cả thẻ nạp vào tài khoản viễn thông trong ngày [DATE]. Tiền KM sử dụng truy cập Internet trong 15 ngày. Nạp thẻ online tại các ví điện tử, ứng dụng thanh toán hoặc tại https://vtmoney.onelink.me/314y/km3 . Chi tiết gọi 197 bấm phím 19 ([MONEY]). Trân trọng.",0
COM_567,5/7/2026,"Quý khách đã đăng ký thành công gói 1N: [MONEY]/ngày có 5GB, [TIME] ngoại mạng, miễn phí [TIME] đầu tiên của tất cả các cuộc gọi nội mạng, nhắn tin nội mạng và xem truyền hình [NUMBER]; ưu đãi sử dụng đến [TIME] ngày [DATE]. Gói cước gia hạn hàng ngày. Truy cập https://viettel.vn/kttk để kiểm tra ưu đãi. Để hủy gia hạn, soạn HUY 1N gửi 191. Chi tiết LH 198 ([MONEY]). Trân trọng.",0
COM_568,5/7/2026,"Sau khi hủy gia hạn gói 1N, ưu đãi còn lại sẽ được sử dụng đến hết chu kỳ. Để xác nhận hủy, soạn Y gửi 191 trong [TIME]. Truy cập https://viettel.vn/kttk để kiểm tra ưu đãi. Chi tiết LH 198 ([MONEY]). Trân trọng.",0
COM_569,5/7/2026,"Gói 1N đã hủy gia hạn thành công. Để biết các ưu đãi khác, truy cập https://viettel.vn/goidata hoặc bấm gọi *098#. Chi tiết LH 198 ([MONEY]). Trân trọng.",0
COM_571,5/7/2026,[TB] Ban duoc mua goi Data 1N (co 5GB Data/ngay) gia chi [MONEY] duy nhat tren Viettel Money. Mua ngay tai https://km.vtmoney.vn/314y/g1N . Ap dung khi thanh toan bang tai khoan Tien di dong.,0
COM_572,5/7/2026,[TB] Ban co KHUYEN MAI 30% nap dien thoai duy nhat ngay [DATE] tren Viettel Money (gom tang 20% gia tri the nap + hoan tien den 10%). Nap ngay tai https://km.vtmoney.vn/314y/topup30 .,0
COM_573,5/7/2026,MCREDIT T/B Ma OTP xac thuc ky [NUMBER] cua QK la [NUMBER].OTP co gia tri trong [TIME].QK luu y KHONG CUNG CAP cho bat ky ai.LH:[NUMBER].Xin cam on!,0
COM_574,5/7/2026,Mcredit T/B: QK da ky HD 1000724060846910 va giai ngan thanh cong [MONEY]. LH [NUMBER],0
COM_575,5/7/2026,Viettel Money tang Ban [MONEY] de trai nghiem dich vu Bao hiem thanh toan hoa don khi nap dien thoai Viettel va nhan tong gia tri quyen loi len den [MONEY] dong. Mo app Viettel Money hoac truy cap https://km.vtmoney.vn/314y/tthd1 de biet them thong tin chi tiet Ban nhe.,0
COM_576,5/7/2026,"Doi thanh cong [POINT] tieu dung Viettel++ thanh 20 MB Data de Quy khach trai nghiem dich vu. Han su dung truoc [DATE]. Tong diem tieu dung con lai trong tai khoan Viettel++ cua Quy khach la 8.[POINT]. De kiem tra lich su doi diem va lua chon uu dai hap dan khac, vui long truy cap https://myvt.page.link/vtplus. Tran trong.",0
COM_577,5/7/2026,"TK Tien di dong [NUMBER] GD +[MONEY] luc [NUMBER] [TIME]. So du [MONEY] Phi: -[MONEY]. ND: Nhan tien 240626159055731. Su dung TK Tien di dong, ban co the chuyen tien, nap dien thoai, mua 3G/4G va thanh toan hang tram dich vu voi nhieu uu dai tai https://viettelmoney.vn/tin-tuc-va-khuyen-mai",0
COM_578,5/7/2026,"Viettel TB: Gói 1N đã kết thúc. Để biết các ưu đãi khác, truy cập https://viettel.vn/goidata hoặc bấm gọi *098#. Chi tiết LH 198 ([MONEY]). Trân trọng.",0
COM_579,5/7/2026,"Quý khách đã đăng ký thành công gói 1N: [MONEY]/ngày có 5GB, [TIME] ngoại mạng, miễn phí [TIME] đầu tiên của tất cả các cuộc gọi nội mạng, nhắn tin nội mạng và xem truyền hình [NUMBER]; ưu đãi sử dụng đến [TIME] ngày [DATE]. Gói cước gia hạn hàng ngày. Truy cập https://viettel.vn/kttk để kiểm tra ưu đãi. Để hủy gia hạn, soạn HUY 1N gửi 191. Chi tiết LH 198 ([MONEY]). Trân trọng.",0
COM_580,5/7/2026,"Thao tác không thành công. Quý khách hiện đang có giao dịch chưa xử lý, vui lòng thử lại sau. Chi tiết LH 198 ([MONEY]). Trân trọng.",0
COM_581,5/7/2026,Hệ thống đã tự động hủy yêu cầu của Quý khách do quá thời gian xác nhận. Chi tiết LH 198 ([MONEY]). Trân trọng.,0
COM_582,5/7/2026,[TB] Dung quen Ban dang co voucher MIEN PHI [MONEY] khi nap dien thoai Viettel se HET HAN HOM NAY [DATE]. Mo app hoac truy cap https://km.vtmoney.vn/314y/uudai2 de su dung uu dai Ban nhe. Neu da su dung vui long bo qua tin nhan.,0
COM_583,5/7/2026,"[TB] Chung tay xây dựng xã, phường, thị trấn sạch ma túy - Phòng, chống ma túy là trách nhiệm của mỗi cá nhân, gia đình và toàn xã hội.",0
COM_584,5/7/2026,"[TB] Ban co the dat xe Xanh SM, thanh toan AN TOAN, TIEN LOI voi Viettel Money. Truy cap https://viettelmoney.vn/xanhsm de biet them thong tin chi tiet.",0
COM_585,5/7/2026,"Doi thanh cong [POINT] tieu dung Viettel++ thanh 20 MB Data de Quy khach trai nghiem dich vu. Han su dung truoc [DATE]. Tong diem tieu dung con lai trong tai khoan Viettel++ cua Quy khach la 8.[POINT]. De kiem tra lich su doi diem va lua chon uu dai hap dan khac, vui long truy cap https://myvt.page.link/vtplus. Tran trong.",0
COM_586,5/7/2026,"[TB] Nhac ban Viettel Money co rat nhieu UU DAI HOT dat xe tu Be, Gojek,... Doi ngay diem Viettel++ tai https://km.vtmoney.vn/314y/dichuyes ban nhe!",0
COM_587,5/7/2026,"Doi thanh cong [POINT] tieu dung Viettel++ thanh 20 MB Data de Quy khach trai nghiem dich vu. Han su dung truoc [DATE]. Tong diem tieu dung con lai trong tai khoan Viettel++ cua Quy khach la 8.[POINT]. De kiem tra lich su doi diem va lua chon uu dai hap dan khac, vui long truy cap https://myvt.page.link/vtplus. Tran trong.",0
COM_588,5/7/2026,[TB] Ban co KHUYEN MAI 53% nap dien thoai duy nhat ngay [DATE] tren Viettel Money (gom tang 50% gia tri the nap + hoan tien 3%). Nap ngay tai https://km.vtmoney.vn/314y/topup60 . Uu dai ap dung khi thanh toan bang tai khoan Tien di dong.,0
COM_589,5/7/2026,"[QC] Dùng Data - Tặng quà khủng! 
Soạn XNB gửi [NUMBER]: Cước phí [MONEY]/30 ngày, có 30GB (1GB/ngày). Gói cước gia hạn sau 30 ngày.
Ngoài ra, Quý khách được miễn phí cập nhật thông tin giá cả thị trường, thời tiết hàng ngày và [TIME] kết nối chuyên gia giải đáp nông nghiệp trên ứng dụng VietPlant tại https://vietplant.com.vn/app.
Chi tiết LH 198 ([MONEY]). Từ chối QC, soạn TC4 gửi 199.",0
COM_590,5/7/2026,"[QC] Nhận combo voucher trị giá đến [MONEY] khi chọn Viettel Money thanh toán trên website/ứng dụng Lazada, Tiki, Sendo... Chi tiết tại https://km.vtmoney.vn/NE34/199ks1 hoặc LH [NUMBER] ([MONEY]). Từ chối QC, soạn TC3 gửi 199.",0
COM_591,5/7/2026,"[QC] Quét QR thanh toán nhanh, an toàn với Viettel Money tại các điểm chấp nhận thanh toán của VNPAY, Trung Nguyên Legend, Trung Nguyên E-Coffee, Aha coffee, ToCoToCo, Feeling Tea, Pozaa Tea and Coffee, [NAME], MediaMart, Canifa, ShopDunk, ADCBook, Tân Việt Books và Ô mai Hồng Lam. Chi tiết truy cập https://km.vtmoney.vn/314y/sqrcode hoặc LH [NUMBER] ([MONEY]). Từ chối QC, soạn TC3 gửi 199.",0
COM_592,5/7/2026,"[QC] SĂN SALE - TIKI 7.7. Mua đồ ưng ý với ngàn deal hời, coupon giảm giá và mã miễn phí giao hàng. Nhanh tay thu thập ngay và thanh toán với Viettel Money. Chi tiết tại https://km.vtmoney.vn/314y/tikis1 hoặc LH [NUMBER] ([MONEY]). Từ chối QC, soạn TC3 gửi 199.",0
COM_594,5/7/2026,"[TB] NẠP THẺ TẶNG TIỀN - DÙNG LIỀN DATA!
Tặng 20% giá trị tất cả thẻ nạp vào tài khoản viễn thông trong ngày [DATE]. Tiền KM sử dụng truy cập Internet trong 15 ngày. Nạp thẻ online tại các ví điện tử, ứng dụng thanh toán hoặc tại https://viettel.vn/naptienkm . Chi tiết gọi 197 bấm phím 19 ([MONEY]). Trân trọng.",0
COM_595,5/7/2026,"Doi thanh cong [POINT] tieu dung Viettel++ thanh 20 MB Data de Quy khach trai nghiem dich vu. Han su dung truoc [DATE]. Tong diem tieu dung con lai trong tai khoan Viettel++ cua Quy khach la 8.[POINT]. De kiem tra lich su doi diem va lua chon uu dai hap dan khac, vui long truy cap https://myvt.page.link/vtplus. Tran trong.",0
COM_598,5/7/2026,"[QC] Giải Vô địch Wimbledon hiện đang dần tiến về những trận đấu cuối cùng. Liệu tay vợt nào sẽ nâng chiếc cup vô địch danh giá tại nước Anh năm nay?
Soạn TV7K gửi 191: [MONEY]/ngày có ngay 1GB data tốc độ cao lướt web và miễn phí xem trực tiếp giải đấu trên [NUMBER] tại https://tv360.vn/ . Chi tiết LH 198 ([MONEY]). Từ chối QC, soạn TC4 gửi 199.",0
COM_599,5/7/2026,"Quý khách đã đăng ký thành công gói 1N: [MONEY]/ngày có 5GB, [TIME] ngoại mạng, miễn phí [TIME] đầu tiên của tất cả các cuộc gọi nội mạng, nhắn tin nội mạng và xem truyền hình [NUMBER]; ưu đãi sử dụng đến [TIME] ngày [DATE]. Gói cước gia hạn hàng ngày. Truy cập https://viettel.vn/kttk để kiểm tra ưu đãi. Để hủy gia hạn, soạn HUY 1N gửi 191. Chi tiết LH 198 ([MONEY]). Trân trọng.",0
COM_600,5/7/2026,"[TB] SẮM DATA CHO CHUYẾN ĐI XA!
1. Soạn 1N gửi 191: [MONEY]/ngày có 5GB, miễn phí [TIME]/cuộc gọi nội mạng, [TIME] ngoại mạng, SMS nội mạng và xem [NUMBER]
2. Soạn ST15K gửi 191: [MONEY]/3 ngày có 3GB
Các gói cước gia hạn khi hết chu kỳ. LH 198 ([MONEY]).",0
COM_601,5/7/2026,TK ViettelPay [NUMBER] GD +[MONEY] luc [NUMBER] [TIME] So du [MONEY] ND: 240713150140715 VIETTELMONEY TRATHUONG CPM MALCA1 240713150140715 [NUMBER],0
COM_603,5/7/2026,"[TB] TIỆN ÍCH XEM MIỄN PHÍ EURO [NUMBER] TRÊN [NUMBER]!
2h00 sáng ngày 15/7, Tây Ban Nha gặp Anh: Đội tuyển nào sẽ lên ngôi vương tại vòng chung kết EURO [NUMBER]?
Mời Quý khách truy cập http://s.viettel.vn/euro_sk1 để xem trực tiếp trận đấu trên [NUMBER] (miễn phí lưu lượng data Viettel). Chi tiết LH 198 ([MONEY]).",0
COM_604,5/7/2026,[TB] Ban co the mua goi Data 1N_TMDT (co 5GB/ngay + Mien phi tat ca cuoc goi noi mang duoi [TIME]) gia chi [MONEY] duy nhat tren Viettel Money. Mua ngay tai https://km.vtmoney.vn/314y/g1N .,0
COM_605,5/7/2026,"[TB] NẠP THẺ ONLINE - NHẬN NGAY KHUYẾN MẠI!
Tặng 20% giá trị tất cả thẻ nạp vào tài khoản viễn thông trong ngày [DATE]. Tiền KM sử dụng TRUY CẬP INTERNET trong 15 ngày. CT áp dụng khi nạp thẻ online qua các ví điện tử, ứng dụng thanh toán hoặc tại https://viettel.vn/pay/tt . Chi tiết gọi 197 bấm phím 19 ([MONEY]). Trân trọng.",0
COM_606,5/7/2026,"[TB] Trai nghiem tinh nang nap tien, thanh toan tu nguon tien lien ket tren Viettel Money nhanh chong, de dang. Dung quen voucher giam 50% toi da [MONEY] khi mua Data, nap dien thoai Viettel hoac thanh toan hoa don Dien. Truy cap https://km.vtmoney.vn/314y/uudai2 de su dung ban nhe.",0
COM_607,5/7/2026,"[TB] Dung quen Ban dang co voucher giam [MONEY] khi mua Data, nap dien thoai Viettel hoac thanh toan Dien se HET HAN HOM NAY [DATE]. Mo app hoac truy cap https://km.vtmoney.vn/314y/uudai2 de su dung uu dai Ban nhe.",0
COM_608,5/7/2026,[TB] HOT! Nhận ngay 1.[POINT] Viettel++ khi tham gia chương trình Mời đổi máy 4G trên ứng dụng My Viettel. Truy cập https://myvt.page.link/doimay4G để xem chi tiết và tham gia ngay. LH 198 ([MONEY]).,0
COM_609,5/7/2026,"[TB] Toàn dân tích cực tham gia phòng, chống mua bán người. Khi phát hiện dấu hiệu liên quan, hãy thông báo ngay đến cơ quan Công an nơi gần nhất hoặc Tổng đài quốc gia 111 để được tư vấn, hỗ trợ, hướng dẫn kịp thời.",0
COM_610,5/7/2026,"[TB] NẠP THẺ TẶNG TIỀN - DÙNG LIỀN DATA!
Tặng 20% giá trị tất cả thẻ nạp vào tài khoản viễn thông trong ngày [DATE]. Tiền KM sử dụng truy cập Internet trong 15 ngày. Nạp thẻ online tại các ví điện tử, ứng dụng thanh toán hoặc tại https://vtmoney.onelink.me/314y/km3 . Chi tiết gọi 197 bấm phím 19 ([MONEY]). Trân trọng.",0
COM_611,5/7/2026,"Thông báo: Đồng bào, đồng chí cả nước có thể gửi lời chia buồn đến gia đình đồng chí Tổng Bí thư [NAME] trên Sổ tang điện tử của ứng dụng VNeID mức độ 2.",0
COM_612,5/7/2026,"Quý khách đã đăng ký thành công gói ST5K: [MONEY]/ngày có 500MB sử dụng đến [TIME] ngày [DATE]. Đăng ký lần tiếp theo trong ngày, Quý khách sẽ được tặng thêm 500MB theo CT Mua 2 tặng 1. Gói cước gia hạn hàng ngày. Truy cập https://viettel.vn/kttk để kiểm tra ưu đãi. Để hủy gia hạn, soạn HUY ST5K gửi 191. Chi tiết LH 198 ([MONEY]). Trân trọng.",0
COM_613,5/7/2026,"Tai khoan cua Quy khach sap het. Soan:
1 gui 211 de cong [TIME] noi mang ([MONEY]/p), su dung trong 7 ngay
2 gui 211 de cong [TIME] ngoai mang ([MONEY]/p), su dung trong 7 ngay
3 gui 211 de cong 100 tin nhan noi mang ([MONEY]/tin), su dung trong 15 ngay
4 gui 211 de cong 20 tin nhan ngoai mang ([MONEY]/tin), su dung trong 7 ngay
Chi tiet LH 198 (mien phi).",0
COM_614,5/7/2026,"Da bua t2 e co giao minh 1 bun thit xao 1 tra tac,e chua nhan dc ck,minh ck giup e nha, Nh phương đông ocb
0004100000779007
Trần thị thu vân
Dạ [MONEY]",0
COM_615,5/7/2026,"Doi thanh cong [POINT] tieu dung Viettel++ thanh 40 MB Data de Quy khach trai nghiem dich vu. Han su dung truoc [DATE]. Tong diem tieu dung con lai trong tai khoan Viettel++ cua Quy khach la 5.[POINT]. De kiem tra lich su doi diem va lua chon uu dai hap dan khac, vui long truy cap https://myvt.page.link/vtplus. Tran trong.",0
COM_616,5/7/2026,"Viettel TB: Gói ST5K gia hạn không thành công. Để biết các ưu đãi khác, truy cập https://viettel.vn/goidata hoặc bấm gọi *098#. Chi tiết LH 198 ([MONEY]). Trân trọng.",0
COM_617,5/7/2026,"[NUMBER] la Ma xac nhan dung de dang nhap lich su mua hang tai Website Dienmayxanh, hieu luc den [TIME] 01/08",0
COM_618,5/7/2026,"Bam goi ngay 1530967145402 de tiep tuc lien lac voi so dien thoai [NUMBER] do tai khoan cua Quy khach khong du de thuc hien cuoc goi. Cuoc goi [MONEY]/p, tinh cuoc 6s+1, cuoc DV [MONEY]. Quy khach vui long soan HD gui [NUMBER] de duoc huong dan. Tu choi nhan tin, soan TC gui [NUMBER].",0
COM_619,5/7/2026,"Doi thanh cong [POINT] tieu dung Viettel++ thanh 20 MB Data de Quy khach trai nghiem dich vu. Han su dung truoc [DATE]. Tong diem tieu dung con lai trong tai khoan Viettel++ cua Quy khach la [POINT]. De kiem tra lich su doi diem va lua chon uu dai hap dan khac, vui long truy cap https://myvt.page.link/vtplus. Tran trong.",0
COM_620,5/7/2026,"[TB] Toan dan tich cuc tham gia phong, chong mua ban nguoi. Khi phat hien dau hieu lien quan, hay thong bao ngay den co quan Cong an noi gan nhat hoac Tong dai quoc gia 111 de duoc tu van, ho tro, huong dan kip thoi.",0
COM_621,5/7/2026,"Quy khach duoc cong them [POINT] Viettel++ boi giao dich Tieu dung vien thong thang 07/[NUMBER]. Thoi han su dung diem den [DATE]. Hay truy cap https://myvt.page.link/vtplus tren My Viettel hoac *098# de doi diem sang Data, SMS, Phut goi cung nhieu uu dai gia tri khac. Chi tiet LH 198. Tran trong.",0
COM_622,5/7/2026,"[QC] Tặng 10.[POINT] Viettel++ cho 50.000 TB đầu tiên đăng nhập lại ứng dụng My Viettel (https://myvt.page.link/nhandiem) và click vào icon nhận điểm trong tháng. Điểm tặng được cộng trong [TIME], sử dụng đến hết tháng 09/[NUMBER]. CT áp dụng cho TB nhận được tin nhắn. Chi tiết LH 198 ([MONEY]). Từ chối QC, soạn TC3 gửi 199.",0
COM_623,5/7/2026,"(QC) Soan XN gui [NUMBER]: Co ngay DATA toc do cao de nghe tat ca sach, truyen HOT tren Mydio tai https://mydio.vn. Phi DV [MONEY]/ngay, gia han theo ngay. LH 198 ([MONEY]). Tu choi QC, soan TC4 gui 199.",0
COM_624,5/7/2026,"Doi thanh cong [POINT] tieu dung Viettel++ thanh 40 MB Data de Quy khach trai nghiem dich vu. Han su dung truoc [DATE]. Tong diem tieu dung con lai trong tai khoan Viettel++ cua Quy khach la [POINT]. De kiem tra lich su doi diem va lua chon uu dai hap dan khac, vui long truy cap https://myvt.page.link/vtplus. Tran trong.",0
COM_625,5/7/2026,"[TB] NAP THE TANG TIEN - DUNG LIEN DATA! 
Tang 20% gia tri tat ca the nap trong ngay [DATE]. Tien KM su dung TRUY CAP INTERNET trong 15 ngay. 
Nap the online tai cac vi dien tu, ung dung thanh toan hoac tai https://viettel.vn/naptienkm . 
CT danh rieng cho Quy khach. LH 198 ([MONEY]).",0
COM_626,5/7/2026,"[TB] DATA TRÀN TRỀ - GÓI CƯỚC THÍCH MÊ!
1. Soạn 1N gửi 191: [MONEY] có 5GB, [TIME] ngoại mạng, miễn phí 10p/cuộc gọi nội mạng, SMS nội mạng và [NUMBER]; ưu đãi sử dụng đến [TIME] ngày đăng ký.
2. Soạn 7N gửi 191: [MONEY]/7 ngày có 35GB (5GB/ngày), [TIME] gọi ngoại mạng, miễn phí [TIME]/cuộc gọi nội mạng, SMS nội mạng và [NUMBER].
Các gói cước gia hạn khi hết chu kỳ. Chi tiết LH 198 ([MONEY]).",0
COM_627,5/7/2026,"Doi thanh cong [POINT] tieu dung Viettel++ thanh 20 MB Data de Quy khach trai nghiem dich vu. Han su dung truoc [DATE]. Tong diem tieu dung con lai trong tai khoan Viettel++ cua Quy khach la [POINT]. De kiem tra lich su doi diem va lua chon uu dai hap dan khac, vui long truy cap https://myvt.page.link/vtplus. Tran trong.",0
COM_628,5/7/2026,"[QC] Tặng [MONEY] điểm Viettel++ khi liên kết tài khoản ViettelPay trên My Viettel tại https://viettel.vn/lienket và thanh toán cước/nạp tiền từ [MONEY]. Truy cập My Viettel trong [TIME] sau khi giao dịch thành công để nhận điểm. Chi tiết LH 198 ([MONEY]). Từ chối QC, soạn TC3 gửi 199.",0
COM_629,5/7/2026,"Quý khách đã đăng ký thành công gói KS2H: [MONEY] có 1,2GB sử dụng trong [TIME] kể từ thời điểm đăng ký. Truy cập https://viettel.vn/kttk để kiểm tra ưu đãi. Chi tiết LH 198 ([MONEY]). Trân trọng.",0
COM_630,5/7/2026,"Viettel TB: Gói KS2H đã kết thúc. Để biết các ưu đãi khác, truy cập https://viettel.vn/goidata hoặc bấm gọi *098#. Chi tiết LH 198 ([MONEY]). Trân trọng.",0
COM_631,5/7/2026,"[TB] NẠP THẺ TẶNG TIỀN - DÙNG LIỀN DATA!
Tặng 20% giá trị tất cả thẻ nạp vào tài khoản viễn thông trong ngày [DATE]. Tiền KM sử dụng truy cập Internet trong 15 ngày. Nạp thẻ online tại các ví điện tử, ứng dụng thanh toán hoặc tại https://vtmoney.onelink.me/314y/km3 . Chi tiết gọi 197 bấm phím 19 ([MONEY]). Trân trọng.",0
COM_632,5/7/2026,"[QC] Vay nhanh online, giai ngan sieu toc [MONEY] ve vi. Chi can CCCD/CMT. Khong can tham dinh tai chinh. Dang ky online voi Viettel Money: https://vtmoney.onelink.me/314y/paydaymedium .Chi tiet LH [NUMBER] ([MONEY]). Tu choi QC, soan TC3, gui 199",0
COM_633,5/7/2026,"Quy khach da duoc thanh toan [MONEY] tu nhan vien [NUMBER], Ngay GD: [DATE] [TIME]. Ma GD 2408117530036885. LH [NUMBER] ([MONEY]). Tran trong.",0
COM_634,5/7/2026,G-[NUMBER] is your Google verification code.,0
COM_635,5/7/2026,"[TB] Dung quen Ban dang co voucher giam [MONEY] khi mua Data, nap dien thoai Viettel hoac thanh toan Dien se HET HAN HOM NAY [DATE]. Mo app hoac truy cap https://km.vtmoney.vn/314y/uudai2 de su dung uu dai Ban nhe.",0
COM_636,5/7/2026,"Quy khach da duoc thanh toan [MONEY] tu nhan vien [NUMBER], Ngay GD: [DATE] [TIME]. Ma GD 2408147531625917. LH [NUMBER] ([MONEY]). Tran trong.",0
COM_637,5/7/2026,"Quy khach co [MONEY] trong tai khoan. Bam goi *098*3# de co 3GB voi [MONEY]/3 ngay hoac *098*989# ([MONEY]/3 ngay) co 15GB (5GB/ngay), mien phi [TIME]/cuoc noi mang, [TIME] ngoai mang, SMS noi mang va [NUMBER]. Goi cuoc gia han khi het chu ky. De biet thong tin cac uu dai khac, bam goi *098# hoac truy cap My Viettel tai https://myvt.page.link/goidata . Chi tiet LH 198 ([MONEY]). Tran trong.",0
COM_638,5/7/2026,"Quý khách đã đăng ký thành công gói 1N: [MONEY]/ngày có 5GB, [TIME] ngoại mạng, miễn phí [TIME] đầu tiên của tất cả các cuộc gọi nội mạng, nhắn tin nội mạng và xem truyền hình [NUMBER]; ưu đãi sử dụng đến [TIME] ngày [DATE]. Gói cước gia hạn hàng ngày. Truy cập https://viettel.vn/kttk để kiểm tra ưu đãi. Để hủy gia hạn, soạn HUY 1N gửi 191. Chi tiết LH 198 ([MONEY]). Trân trọng.",0
COM_639,5/7/2026,Đăng ký gói 1N không thành công do tài khoản không đủ [MONEY]. Quý khách nạp thêm tiền để đăng ký lại. Chi tiết LH 198 ([MONEY]). Trân trọng.,0
COM_640,5/7/2026,"[TB] NẠP THẺ ONLINE - NHẬN NGAY KHUYẾN MẠI!
Tặng 20% giá trị tất cả thẻ nạp vào tài khoản viễn thông trong ngày [DATE]. Tiền KM sử dụng TRUY CẬP INTERNET trong 15 ngày. CT áp dụng khi nạp thẻ online qua các ví điện tử, ứng dụng thanh toán hoặc tại https://km.vtmoney.vn/314y/kmdaitra. Chi tiết gọi 197 bấm phím 19 ([MONEY]). Trân trọng.",0
COM_642,5/7/2026,"[TB] Dung quen voucher giam 50% toi da [MONEY] khi mua Data, nap dien thoai Viettel hoac thanh toan hoa don Dien de trai nghiem tinh nang nap tien, thanh toan tu nguon tien lien ket tren Viettel Money nhanh chong, de dang. Truy cap https://km.vtmoney.vn/314y/uudai2 de su dung ban nhe.",0
COM_644,5/7/2026,"[TB] Hội Hỗ trợ gia đình Liệt sĩ Việt Nam kêu gọi quý vị hỗ trợ xác định danh tính liệt sĩ bằng cách chuyển khoản ủng hộ đến tài khoản [NUMBER] tại Ngân hàng Quân đội (MB Bank), báo cáo minh bạch tại http://thiennguyen.app/user/trianlietsi. Thời gian: Đến hết ngày [DATE]. Chi tiết liên hệ [NUMBER] ([MONEY]/phút).",0
COM_645,5/7/2026,[TB] Dung quen Ban dang co voucher MIEN PHI [MONEY] khi nap dien thoai Viettel. Mo app hoac truy cap https://km.vtmoney.vn/314y/uudai2 de su dung uu dai ngay Ban nhe. Neu da su dung vui long bo qua tin nhan.,0
COM_646,5/7/2026,"[TB] Dung quen voucher giam 50% toi da [MONEY] khi mua Data, nap dien thoai Viettel hoac thanh toan hoa don Dien de trai nghiem tinh nang nap tien, thanh toan tu nguon tien lien ket tren Viettel Money nhanh chong, de dang. Truy cap https://km.vtmoney.vn/314y/uudai2 de su dung ban nhe. Neu da su dung vui long bo qua tin nhan.",0
COM_647,5/7/2026,"[TB] NẠP THẺ TẶNG TIỀN - DÙNG LIỀN DATA!
Tặng 20% giá trị tất cả thẻ nạp vào tài khoản viễn thông trong ngày [DATE]. Tiền KM sử dụng truy cập Internet trong 15 ngày. Nạp thẻ online tại các ví điện tử, ứng dụng thanh toán hoặc tại https://vtmoney.onelink.me/314y/km3 . Chi tiết gọi 197 bấm phím 19 ([MONEY]). Trân trọng.",0
COM_648,5/7/2026,[TB] Viettel Money tang Ban [MONEY] de trai nghiem dich vu Bao hiem thanh toan hoa don voi tong gia tri quyen loi len den [MONEY] dong khi nap dien thoai Viettel. Truy cap https://km.vtmoney.vn/314y/tthd1 de giao dich. Qua tang se duoc cong vao tai khoan trong vong [TIME] ke tu khi nhan duoc thong bao.,0
COM_649,5/7/2026,"TK Tien di dong [NUMBER] GD +[MONEY] luc [NUMBER] [TIME]. So du [MONEY] Phi: -[MONEY]. ND: Nhan tien 240826191580133. Su dung TK Tien di dong, ban co the chuyen tien, nap dien thoai, mua 3G/4G va thanh toan hang tram dich vu voi nhieu uu dai tai https://viettelmoney.vn/tin-tuc-va-khuyen-mai",0
COM_650,5/7/2026,"[TB] SẮM DATA ĐÓN LỄ 2/9!
1. Soạn ST15K gửi 191: [MONEY]/3 ngày có 3GB
2. Soạn 3N gửi 191: [MONEY]/3 ngày có 15GB (5GB/ngày), [TIME] ngoại mạng, miễn phí 10p/cuộc gọi nội mạng và SMS nội mạng
Các gói cước gia hạn khi hết chu kỳ. LH 198 ([MONEY]).",0
COM_651,5/7/2026,"[QC] Nhận ngay lưu lượng data, phút gọi, SMS khi đổi điểm Viettel++ trên Viettel Money. Chi tiết tại https://km.vtmoney.vn/314y/doidiemvtplus hoặc LH [NUMBER] ([MONEY]). Từ chối QC, soạn TC3 gửi 199.",0
COM_652,5/7/2026,"[TB] MUA DATA - NHẬN QUÀ 2/9!
Soạn V90B gửi 191: Chỉ [MONEY]/30 ngày có 1GB/ngày, miễn phí 10p/cuộc nội mạng, 30p ngoại mạng. Gói cước gia hạn sau 30 ngày.
ĐẶC BIỆT: Đăng ký gói qua viettel.vn/V90B trước 09/09, nhận ưu đãi miễn phí 4 tháng trải nghiệm gói hội viên GrabUnlimited trị giá [MONEY] sau ngày đăng ký. Chi tiết xem tại viettel.vn/2t9
CT dành riêng cho Quý khách. LH 198 ([MONEY]).",0
COM_653,5/7/2026,"[QC] 22h00 ngày 1/9, Man United - Liverpool: Trận đại chiến nước Anh. Hai đối thủ truyền kiếp tranh đấu vì niềm kiêu hãnh và điểm số quan trọng.
Đón xem trực tiếp trận đấu trên [NUMBER] với 100% lưu lượng data Viettel tốc độ cao tại http://s.viettel.vn/ksport_1 . Chi tiết LH 198 ([MONEY]). Từ chối QC, soạn TC4 gửi 199.",0
COM_655,5/7/2026,"[QC] [TIME] duyet vay, nhan ngay den [MONEY]. Vay nhanh bang CCCD. Lai suat uu dai. Tra gop linh hoat den 36 thang. Dang ky online voi Viettel Money: https://km.vtmoney.vn/314y/cashloanla. Chi tiet LH [NUMBER] ([MONEY]). Tu choi QC, soan TC3, gui 199",0
COM_656,5/7/2026,"[TB] DATA MUÔN NƠI, GIÁ SIÊU HỜI!
Soạn 7N gửi 191: [MONEY]/7 ngày có 35GB (5GB/ngày), [TIME] gọi ngoại mạng, miễn phí [TIME]/cuộc gọi nội mạng, SMS nội mạng và xem [NUMBER]. Gói cước gia hạn sau 7 ngày.
Chi tiết LH 198 ([MONEY]).",0
COM_657,5/7/2026,"[QC] TIKI SALE 9.9: Mua sắm với giá siêu hời, các loại sách sale cực hot, thanh toán nhanh gọn trên Tiki với Viettel Money. Chi tiết tại https://km.vtmoney.vn/314y/tikis1 hoặc LH [NUMBER] ([MONEY]). Từ chối QC, soạn TC3 gửi 199.",0
COM_659,5/7/2026,"[TB] MUA DATA, NHẬN VOUCHER SHOPEE!
1. Soạn ST15K gửi 191: [MONEY]/3 ngày có 3GB
2. Soạn 3N gửi 191: [MONEY]/3 ngày có 15GB (5GB/ngày), [TIME] ngoại mạng, miễn phí 10p/cuộc gọi nội mạng và SMS nội mạng
Các gói cước gia hạn sau 3 ngày.
Đặc biệt: Mua gói qua My Viettel (https://viettel.vn/294 ) trước ngày 09/09, nhận voucher Shopee trị giá đến [MONEY] sau ngày đăng ký. LH 198 ([MONEY]).",0
COM_660,5/7/2026,"[QC] Cơ hội nhận xe Vision trị giá [MONEY] đồng và hàng trăm giải thưởng giá trị (tủ lạnh trị giá [MONEY] đồng, bàn là hơi nước trị giá [MONEY]) khi thanh toán khoản vay từ [MONEY] trên Viettel Money. Chi tiết tại https://km.vtmoney.vn/NE34/vision2 hoặc LH [NUMBER] ([MONEY]). Từ chối QC, soạn TC3 gửi 199.",0
COM_661,5/7/2026,"[TB] NẠP THẺ TẶNG TIỀN - DÙNG LIỀN DATA!
Tặng 20% giá trị tất cả thẻ nạp vào tài khoản viễn thông trong ngày [DATE]. Tiền KM sử dụng truy cập Internet trong 15 ngày. Nạp thẻ online tại các ví điện tử, ứng dụng thanh toán hoặc tại https://viettel.vn/naptienkm . Chi tiết gọi 197 bấm phím 19 ([MONEY]). Trân trọng.",0
COM_662,5/7/2026,"Doi thanh cong [POINT] tieu dung Viettel++ thanh 20 MB Data de Quy khach trai nghiem dich vu. Han su dung truoc [DATE]. Tong diem tieu dung con lai trong tai khoan Viettel++ cua Quy khach la [POINT]. De kiem tra lich su doi diem va lua chon uu dai hap dan khac, vui long truy cap https://myvt.page.link/vtplus. Tran trong.",0
COM_663,5/7/2026,"Nhap ma OTP 6867 de xac thuc Dang nhap tren ung dung My Viettel. Ma OTP se het han sau 5p. Chi tiet LH [NUMBER] ([MONEY]) hoac truy cap https://viettel.vn/app. De dam bao an toan cho tai khoan cua Quy khach, vui long khong chia se ma xac thuc nay voi bat ky ai.",0
COM_665,5/7/2026,"[QC] LÊN MẠNG THẢ GA, CHĂM CÂY HIỆU QUẢ!
Viettel miễn phí các tính năng hỗ trợ chăm sóc cây trồng và cảnh báo thời tiết trên ứng dụng Vietplant. Soạn VPL30 gửi 191: [MONEY]/30 ngày có 30GB tốc độ cao (1GB/ngày), [TIME] kết nối trực tiếp với chuyên gia và được đặt 20 câu hỏi trên ứng dụng tại https://vietplant.com.vn/app. Gói cước gia hạn sau 30 ngày. Chi tiết LH 198 ([MONEY]). Từ chối QC, soạn TC4 gửi 199.",0
COM_666,5/7/2026,"[TB] NẠP THẺ ONLINE - NHẬN NGAY KHUYẾN MẠI!
Tặng 20% giá trị tất cả thẻ nạp vào tài khoản viễn thông trong ngày [DATE]. Tiền KM sử dụng TRUY CẬP INTERNET trong 15 ngày. CT áp dụng khi nạp thẻ online qua các ví điện tử, ứng dụng thanh toán hoặc tại https://km.vtmoney.vn/314y/kmdaitra. Chi tiết gọi 197 bấm phím 19 ([MONEY]). Trân trọng.",0
COM_667,5/7/2026,"[TB] Ban co uu dai HOAN TIEN 50% mua Data: Goi KS8 (1,5GB/ngay) chi [MONEY]; goi KS20 (4GB/3 ngay) chi [MONEY]. Vui long mua tai https://km.vtmoney.vn/314y/ks20 . Uu dai ap dung cho lan dau tien mua Data tren Viettel Money, bo qua tin nhan neu da su dung.",0
COM_668,5/7/2026,"[TB] MTTQ Việt Nam kêu gọi ủng hộ đồng bào bị thiệt hại do cơn bão số 3 bằng cách chuyển khoản đến: Ban Vận động Cứu trợ Trung ương, số tài khoản [NUMBER] tại Vietinbank hoặc Mặt trận Tổ quốc Việt Nam - Ban Cứu trợ Trung ương, số tài khoản 0011001932418 tại Sở giao dịch Ngân hàng TMCP Ngoại thương Việt Nam.",0
COM_669,5/7/2026,"[TB] Để bảo vệ trẻ không mắc bệnh Sởi, các bậc phụ huynh hãy đưa trẻ từ 1 tuổi đến 10 tuổi (chưa tiêm đủ 02 mũi vắc xin Sởi) đi tiêm vắc xin bổ sung miễn phí tại trường học hoặc trạm y tế.",0
COM_670,5/7/2026,Quy khach da dang ky dich vu FTTH thanh cong voi phi hoa mang [NUMBER]. Dong truoc [MONEY] (dong 6 tang thang). Thoi gian hen trien khai la [TIME] - [TIME] ngay [DATE]. Tra cuu don hang tai https://viettel.vn/tra-cuu-ma-don-hang. Tran trong.,0
COM_671,5/7/2026,"Cam on Quy Khach da su dung dich vu FTTH cua Viettel. Viettel kinh tang Quy khach Voucher giam len den 56% tai ELSA Speak tren he sinh thai Viettel++, su dung tai ELSA Speak, ma uu dai la E12VT-3093DA. Han su dung [NUMBER] [TIME]. De lua chon cac uu dai hap dan khac, vui long truy cap https://myvt.page.link/vt10. Chi tiet LH [NUMBER] (mien phi).",0
COM_672,5/7/2026,Account DV FTTH cua Quy khach la t008_ftth_thanglq24. Thoi gian bat dau tinh cuoc tu ngay [DATE]. De tra cuu thong tin dich vu vui long truy cap tai https://viettel.vn/cdmvt. LH [NUMBER] ([MONEY]). Tran trong.,0
COM_673,5/7/2026,"[KHAO SAT] Quy khach co dong y voi y kien ""Ky thuat VIETTEL da ho tro tich cuc de lap dat dich vu Internet cua Quy khach mot cach de dang"" theo thang diem tu 1 den 7 (1-3: Khong dong y; 4: Binh thuong; 5-7: Dong y) bang cach nhap so diem va phan hoi lai tin nhan nay (mien phi).",0
COM_674,5/7/2026,Quy khach duoc cong 20.[POINT] do dang ky moi dich vu FTTH. Thoi han su dung diem den [DATE]. Hay truy cap http://myvt.page.link/viettelplus tren My Viettel de doi diem sang cuoc cung nhieu uu dai gia tri khac. Chi tiet LH [NUMBER] ([MONEY]). Tran trong.,0
COM_675,5/7/2026,"[TB] MUA DATA - CHĂM CÂY HIỆU QUẢ
Soạn VPL30 gửi 191: [MONEY]/30 ngày có 30GB tốc độ cao (1GB/ngày) truy cập Internet thoải mái và dễ dàng cập nhật thông tin hướng dẫn chăm sóc cây trồng mùa mưa bão.
Gói cước gia hạn sau 30 ngày. CT dành riêng cho Quý khách. Chi tiết LH 198 ([MONEY]).",0
COM_676,5/7/2026,"[TB] NẠP THẺ TẶNG TIỀN - DÙNG LIỀN DATA!
Tặng 20% giá trị tất cả thẻ nạp vào tài khoản viễn thông trong ngày [DATE]. Tiền KM sử dụng truy cập Internet trong 15 ngày. Nạp thẻ online tại các ví điện tử, ứng dụng thanh toán hoặc tại https://viettel.vn/naptienkm . Chi tiết gọi 197 bấm phím 19 ([MONEY]). Trân trọng.",0
COM_677,5/7/2026,"Doi thanh cong [POINT] tieu dung Viettel++ thanh 20 MB Data de Quy khach trai nghiem dich vu. Han su dung truoc [DATE]. Tong diem tieu dung con lai trong tai khoan Viettel++ cua Quy khach la [POINT]. De kiem tra lich su doi diem va lua chon uu dai hap dan khac, vui long truy cap https://myvt.page.link/vtplus. Tran trong.",0
COM_678,5/7/2026,"TK Tien di dong [NUMBER] GD +[MONEY] luc [NUMBER] [TIME]. So du [MONEY] Phi: -[MONEY]. ND: Nhan tien 240926192319721. Su dung TK Tien di dong, ban co the chuyen tien, nap dien thoai, mua 3G/4G va thanh toan hang tram dich vu voi nhieu uu dai tai https://viettelmoney.vn/tin-tuc-va-khuyen-mai",0
COM_679,5/7/2026,[TB] Ban co [MONEY] MIEN PHI de nap dien thoai Viettel. Nhanh tay mo app hoac vao https://km.vtmoney.vn/314y/uudai2 de su dung ngay nhe!,0
COM_680,5/7/2026,"[TB] Ban co UU DAI 50% (toi da [MONEY]) khi mua Data, nap dien thoai Viettel hoac thanh toan Dien. Nhanh tay mo app hoac truy cap https://km.vtmoney.vn/314y/uudai2 de su dung ngay!",0
COM_681,5/7/2026,"[TB] TẶNG 50% GIÁ TRỊ NẠP TIỀN ĐẦU TIÊN TRÊN MY VIETTEL VÀO CHỦ NHẬT HÀNG TUẦN. CT áp dụng khi nạp tiền vào tài khoản viễn thông qua thẻ ATM/VISA quốc tế, ví điện tử có liên kết trên My Viettel. Tiền khuyến mại sử dụng truy cập Internet trong 15 ngày. Giảm thêm 2,5% khi nạp tại https://myvt.page.link/naptienngay. Chi tiết LH 198 ([MONEY]). Trân trọng.",0
COM_682,5/7/2026,"[TB] Ban co UU DAI 50% (toi da [MONEY]) khi mua Data, nap dien thoai Viettel hoac thanh toan Dien. Nhanh tay mo app hoac truy cap https://km.vtmoney.vn/314y/uudai2 de su dung ngay. Neu da su dung vui long bo qua tin nhan.",0
COM_683,5/7/2026,"Tai khoan cua Quy khach sap het. Soan:
1 gui 211 de cong [TIME] noi mang ([MONEY]/p), su dung trong 15 ngay
2 gui 211 de cong [TIME] ngoai mang ([MONEY]/p), su dung trong 7 ngay
3 gui 211 de cong 100 tin nhan noi mang ([MONEY]/tin), su dung trong 15 ngay
4 gui 211 de cong 20 tin nhan ngoai mang ([MONEY]/tin), su dung trong 7 ngay
Chi tiet LH 198 (mien phi).",0
COM_684,5/7/2026,"[TB] ƯU ĐÃI KHỦNG!!!
TẶNG 50% giá trị TẤT CẢ THẺ NẠP vào tài khoản viễn thông (30% để truy cập Internet, 20% để gọi và nhắn tin nội mạng). Nạp thẻ online tại các ví điện tử, ứng dụng thanh toán hoặc tại https://viettel.vn/naptienkm.
CT áp dụng từ thời điểm Quý khách nhận được tin nhắn đến hết 30/09. Tiền KM được tặng sau khi nạp thẻ [TIME], sử dụng trong 15 ngày. LH 198 ([MONEY]).",0
COM_685,5/7/2026,"[TB] KHUYẾN MẠI NGÀY VÀNG! 
Tặng 20% giá trị TẤT CẢ THẺ NẠP trong hôm nay 01/10, tiền KM sử dụng gọi, nhắn tin nội mạng trong 15 ngày. Nạp thẻ online tại https://viettel.vn/pay/tt . CT dành riêng cho Quý khách. LH 198 ([MONEY]).",0
COM_686,5/7/2026,"[QC] KIỂM TRA ONLINE TỐC ĐỘ TRUY CẬP INTERNET ĐƠN GIẢN, DỄ DÀNG. Mời Quý khách đăng nhập tài khoản thuê bao Internet trên ứng dụng My Viettel để tự đo kiểm tốc độ download/upload tại https://myvt.page.link/ispeed. Chi tiết LH [NUMBER] ([MONEY]). Từ chối QC, soạn TC3 gửi 199.",0
COM_687,5/7/2026,"[QC] Tặng bộ ưu đãi đến [MONEY] từ Be (2 mã giảm giá beBike + beCar) khi mua gói YT15K ([MONEY]/7 ngày có tối đa 25GB truy cập YouTube). Gói cước gia hạn sau 7 ngày. Đăng ký tại https://myvt.page.link/yt15k . Chi tiết LH 198 ([MONEY]). Từ chối QC, soạn TC3 gửi 199.",0
COM_688,5/7/2026,"[QC] Cơ hội trúng thưởng đến [MONEY] đồng (xe máy Vision, tủ lạnh, bàn ủi hơi nước,...) và rất nhiều voucher ưu đãi mua sắm gia dụng khác khi thanh toán khoản vay (từ [MONEY]) ngay tại https://km.vtmoney.vn/314y/udvision . Chi tiết LH [NUMBER] ([MONEY]). Từ chối QC, soạn TC3 gửi 199.",0
COM_689,5/7/2026,"[QC] Đổi điểm Viettel++ trên My Viettel để thanh toán cước Internet dễ dàng ngay tại https://viettel.vn/doidiemcodinh. CT áp dụng đến hết [DATE]. Chi tiết LH 198 ([MONEY]). Từ chối QC, soạn TC3 gửi 199.",0
COM_690,5/7/2026,"[TB] MỪNG 20 NĂM DI ĐỘNG VIETTEL - GIẢM GIÁ 20%!
Cơ hội hiếm có: Giảm 20% giá các gói cước data, combo thoại+data (gói từ 30 ngày trở lên) khi mua qua ứng dụng MoMo. Truy cập ngay onelink.momo.vn/Viettel/VIETTEL20NAM để lựa chọn gói cước phù hợp và nhận ưu đãi.
CT áp dụng đến hết [DATE]. Chi tiết xem tại viettel.vn/20nam_appkhac. LH 198 ([MONEY]).",0
COM_692,5/7/2026,"[TB] Thủ tướng Chính phủ kêu gọi người dân chung tay xóa nhà tạm, nhà dột nát trên phạm vi toàn quốc bằng cách chuyển khoản đến Quỹ Vì người nghèo Trung ương, số tài khoản:
- [NUMBER] tại Vietinbank.
- 9999999999999 tại Vietcombank.
- 1303999789999 tại Agribank.
- [NUMBER] tại BIDV.
- [NUMBER] tại MBBank.
- [NUMBER].0.[NUMBER].[NUMBER] tại Kho bạc Nhà nước Hoàn Kiếm, Hà Nội.",0
COM_693,5/7/2026,"[TB] Ban duoc GIAM [MONEY] khi mua Data, nap dien thoai Viettel hoac thanh toan Dien. Nhanh tay mo app hoac truy cap https://km.vtmoney.vn/314y/uudai2 de su dung ngay nhe!",0
COM_694,5/7/2026,"[QC] MIỄN PHÍ 02 CAMERA TRONG NHÀ khi Khách hàng Internet Viettel đăng ký DV Home Camera: Phí lắp đặt [MONEY]/camera, lưu trữ Cloud chỉ từ [MONEY]/tháng/camera. Đăng ký tại https://www.viettel.vn/camera hoặc LH [NUMBER] ([MONEY]). Từ chối QC, soạn TC3 gửi 199.",0
COM_695,5/7/2026,"[QC] TIKI - SALE 10.10. Đừng bỏ lỡ cơ hội săn Coupon giảm giá, giao hàng nhanh trên TIKI và thanh toán cực đơn giản với Viettel Money. Chi tiết tại https://km.vtmoney.vn/314y/tikis1 hoặc LH [NUMBER] ([MONEY]). Từ chối QC, soạn TC3 gửi 199.",0
COM_696,5/7/2026,"[TB] NẠP THẺ ONLINE - NHẬN NGAY KHUYẾN MẠI 50%!
Tặng 50% giá trị tất cả thẻ nạp vào tài khoản viễn thông trong ngày [DATE]. Tiền KM sử dụng TRUY CẬP INTERNET trong 15 ngày. CT áp dụng khi nạp thẻ online qua các ví điện tử, ứng dụng thanh toán hoặc tại https://viettel.vn/pay/tt . Chi tiết gọi 197 bấm phím 19 ([MONEY]). Trân trọng.",0
COM_697,5/7/2026,"[TB] MỪNG 20 NĂM DI ĐỘNG VIETTEL, GIẢM NGAY [MONEY]!
Mua gói [NUMBER] qua MoMo chỉ còn [MONEY]/30 ngày (giá gốc [MONEY]) có 1GB/ngày, 30p gọi ngoại mạng, miễn phí 10p/cuộc gọi nội mạng và data truy cập TikTok, YouTube, Facebook và nhắn tin Messenger.
Để tham gia, truy cập https://onelink.momo.vn/Viettel/VIETTEL20NAM và nhập mã MMVIETTEL20 trước ngày 31/10.
CT dành riêng cho Quý khách. Chi tiết LH 198 ([MONEY]).",0
COM_698,5/7/2026,"[TB] Dung quen Ban dang co voucher giam [MONEY] khi mua Data, nap dien thoai Viettel hoac thanh toan Dien se HET HAN HOM NAY [DATE]. Mo app hoac truy cap https://km.vtmoney.vn/314y/uudai2 de su dung uu dai Ban nhe. Neu da su dung vui long bo qua tin nhan.",0
COM_699,5/7/2026,"[TB] Dung quen Ban dang co voucher giam 50% toi da [MONEY] khi mua Data, nap dien thoai Viettel hoac thanh toan Dien. Mo app hoac truy cap https://km.vtmoney.vn/314y/uudai2 de su dung uu dai Ban nhe. Neu da su dung vui long bo qua tin nhan.",0
COM_700,5/7/2026,"[TB] NẠP THẺ ONLINE - NHẬN NGAY KHUYẾN MẠI!
Tặng 20% giá trị tất cả thẻ nạp vào tài khoản viễn thông trong ngày [DATE]. Tiền KM sử dụng TRUY CẬP INTERNET trong 15 ngày. CT áp dụng khi nạp thẻ online qua các ví điện tử, ứng dụng thanh toán hoặc tại https://viettel.vn/pay/tt . Chi tiết gọi 197 bấm phím 19 ([MONEY]). Trân trọng.",0
COM_701,5/7/2026,"[TB] Dung quen Ban dang co voucher giam 50% toi da [MONEY] khi mua Data, nap dien thoai Viettel hoac thanh toan Dien. Mo app hoac truy cap https://km.vtmoney.vn/314y/uudai2 de su dung uu dai Ban nhe.",0
COM_702,5/7/2026,"Quy khach da duoc thanh toan [MONEY] tu nhan vien [NUMBER], Ngay GD: [DATE] [TIME]. Ma GD 2410167576132968. LH [NUMBER] ([MONEY]). Tran trong.",0
COM_703,5/7/2026,"Quy khach co [MONEY] trong tai khoan. Bam goi *098*3# de co 3GB voi [MONEY]/3 ngay hoac *098*989# ([MONEY]/3 ngay) co 15GB (5GB/ngay), mien phi [TIME]/cuoc noi mang, [TIME] ngoai mang, SMS noi mang va [NUMBER]. Goi cuoc gia han khi het chu ky. De biet thong tin cac uu dai khac, bam goi *098# hoac truy cap My Viettel tai https://myvt.page.link/goidata . Chi tiet LH 198 ([MONEY]). Tran trong.",0
COM_704,5/7/2026,"Quý khách đã đăng ký thành công gói ST5K: [MONEY]/ngày có 500MB sử dụng đến [TIME] ngày [DATE]. Đăng ký lần tiếp theo trong ngày, Quý khách sẽ được tặng thêm 500MB theo CT Mua 2 tặng 1. Gói cước gia hạn hàng ngày. Truy cập https://viettel.vn/kttk để kiểm tra ưu đãi. Để hủy gia hạn, soạn HUY ST5K gửi 191. Chi tiết LH 198 ([MONEY]). Trân trọng.",0
COM_705,5/7/2026,"Sau khi hủy gia hạn gói ST5K, ưu đãi còn lại sẽ được sử dụng đến hết chu kỳ. Để xác nhận hủy, soạn Y gửi 191. Để từ chối hủy gia hạn và được tặng thêm 100MB khi gói cước gia hạn thành công chu kỳ tiếp theo, soạn N gửi 191. Chi tiết LH 198 ([MONEY]). Trân trọng.",0
COM_707,5/7/2026,"[TB] Nhân dịp kỷ niệm ""20 năm mạng di động Viettel"", kính mời Quý khách soạn 20NAM gửi 191 hoặc truy cập https://viettel.vn/20namdidong để nhận điểm Viettel++. Trân trọng cảm ơn Quý khách đã đồng hành cùng Viettel và rất mong được tiếp tục phục vụ Quý khách trong chặng đường tới. Chi tiết LH 198 ([MONEY]).",0
COM_709,5/7/2026,[TB] Dung quen Ban dang co voucher MIEN PHI [MONEY] khi nap dien thoai Viettel se HET HAN HOM NAY [DATE]. Mo app hoac truy cap https://km.vtmoney.vn/314y/uudai2 de su dung uu dai ngay Ban nhe.,0
COM_710,5/7/2026,"[TB] Ưu đãi data dành riêng cho Quý khách:
Soạn TV7K gửi 191: [MONEY]/ngày có 1GB sử dụng đến [TIME] ngày đăng ký. Gói cước gia hạn theo ngày.
LH 198 ([MONEY]).",0
COM_711,5/7/2026,"[TB] NẠP THẺ TẶNG TIỀN - DÙNG LIỀN DATA!
Tặng 20% giá trị tất cả thẻ nạp vào tài khoản viễn thông trong ngày [DATE]. Tiền KM sử dụng truy cập Internet trong 15 ngày. Nạp thẻ online tại các ví điện tử, ứng dụng thanh toán hoặc tại https://vtmoney.onelink.me/314y/km3 . Chi tiết gọi 197 bấm phím 19 ([MONEY]). Trân trọng.",0
COM_712,5/7/2026,"Tai khoan cua Quy khach sap het. Soan:
1 gui 211 de cong [TIME] noi mang ([MONEY]/p), su dung trong 7 ngay
2 gui 211 de cong [TIME] ngoai mang ([MONEY]/p), su dung trong 7 ngay
3 gui 211 de cong 50 tin nhan noi mang ([MONEY]/tin), su dung trong 7 ngay
4 gui 211 de cong 5 tin nhan ngoai mang ([MONEY]/tin), su dung trong 7 ngay
Chi tiet LH 198 (mien phi).",0
COM_713,5/7/2026,"[TB] Chương trình nhận quà Chào mừng 20 năm mạng di động Viettel sắp kết thúc, soạn 20NAM gửi 191 hoặc truy cập https://viettel.vn/20namdidong trước ngày [DATE] để nhận quà ngay. Chi tiết LH 198 ([MONEY]). Trân trọng.",0
COM_714,5/7/2026,LinkedIn is updating its User Agreement and providing you more information in its Privacy Policy. Click here for more details: https://lnkd.in/tos-24,0
COM_715,5/7/2026,[TB] HOAN 100% cho giao dich CHUYEN TIEN dau tien trong HOM NAY [DATE] tren Viettel Money (so tien chuyen toi thieu [MONEY]). Tien hoan se duoc cong trong [TIME] (hoan toi da [MONEY]). Mo app hoac truy cap https://km.vtmoney.vn/314y/vtmchuyentiensdt de thuc hien ngay ban nhe.,0
COM_717,5/7/2026,"[TB] Dung quen Ban dang co voucher giam 50% toi da [MONEY] khi mua Data, nap dien thoai Viettel hoac thanh toan Dien se HET HAN HOM NAY [DATE]. Mo app vao muc ""Uu dai cua toi"" hoac truy cap https://km.vtmoney.vn/314y/uudai2 de su dung uu dai Ban nhe.",0
COM_718,5/7/2026,"[QC] 21h00 ngày 03/11: Chung kết ATP [NUMBER] Rolex Paris Master. Ngôi vương sẽ về tay ai?
Đón xem trực tiếp trận đấu trên [NUMBER] với 100% lưu lượng data 4G/5G Viettel tốc độ cao tại https://tv360.vn/ . Chi tiết LH 198 ([MONEY]). Từ chối QC, soạn TC4 gửi 199.",0
COM_719,5/7/2026,"[TB] Tien ich Loi nhan thoai cua Viettel: Quy khach co cuoc goi nho tu TB [NUMBER] vao luc [TIME] [DATE]. De nghe loi nhan thoai, vui long bam goi [NUMBER] (mien phi).",0
COM_720,5/7/2026,"[QC] Tặng voucher di chuyển và đặt đồ ăn từ Grab khi mua gói SD30S. Phí gói [MONEY]/7 ngày có tối đa 2GB/ngày. CT áp dụng đến 30/11 cho khách hàng nhận tin và đăng ký tại https://myvt.page.link/SD30S. Chi tiết LH 198 ([MONEY]). Từ chối QC, soạn TC3 gửi 199.",0
COM_721,5/7/2026,"[QC] Không lo bỏ lỡ các dịp khuyến mại nạp thẻ với tính năng nạp tiền tự động trên ứng dụng My Viettel. Hãy chủ động đặt lịch nạp tiền theo chu kỳ khuyến mại chỉ với vài thao tác đơn giản tại https://myvt.page.link/autopay. Chi tiết LH 198 ([MONEY]). Từ chối QC, soạn TC3 gửi 199.",0
COM_722,5/7/2026,(TPBank) Hoa don Vi Tra Sau Momo T10 cua QK co du no [MONEY]. QK co the TT toan bo du no hoac TT toi thieu truoc ngay [DATE]. Vui long bo qua neu da TT,0
COM_723,5/7/2026,"[TB] DATA MUÔN NƠI, GIÁ SIÊU HỜI!
Soạn ST30K gửi 191: [MONEY]/7 ngày có 7GB. Gói cước gia hạn sau 7 ngày. Chi tiết LH 198 ([MONEY]).",0
COM_724,5/7/2026,"[TB] Tien ich Loi nhan thoai cua Viettel: Quy khach co loi nhan tu TB [NUMBER] vao luc [TIME] [DATE]. Voi noi dung: Dạ. Mình có cái khoản vay áp momo của mình trễ hạn đóng tiền triệu hai tám mươi mốt á nếu mà có tài chính rồi mình hỗ trợ thanh toán trước [TIME] chiều hôm nay để bên em gạch nợ mất Momo lại. Ha triệu hai tám một.. De nghe loi nhan thoai, vui long bam goi [NUMBER] (mien phi).",0
COM_725,5/7/2026,"[TB] Dung quen Ban dang co voucher giam [MONEY] khi mua Data, nap dien thoai Viettel hoac thanh toan Dien. Mo app vao muc ""Uu dai cua toi"" hoac truy cap https://km.vtmoney.vn/314y/uudai2 de su dung uu dai Ban nhe.",0
COM_728,5/7/2026,"[TB] Dung quen Ban dang co voucher MIEN PHI [MONEY] khi nap dien thoai Viettel. Mo app vao muc ""Uu dai cua toi"" hoac truy cap https://km.vtmoney.vn/314y/uudai2 de su dung uu dai ngay Ban nhe.",0
COM_729,5/7/2026,"[TB] Thượng tôn Hiến pháp và Pháp luật, tạo động lực đưa đất nước bước vào kỷ nguyên vươn mình của dân tộc.",0
COM_730,5/7/2026,"TK Tien di dong [NUMBER] GD +[MONEY] luc [NUMBER] [TIME]. So du [MONEY] Phi: -[MONEY]. ND: Nhan tien 241107163616859. Su dung TK Tien di dong, ban co the chuyen tien, nap dien thoai, mua 3G/4G va thanh toan hang tram dich vu voi nhieu uu dai tai https://viettelmoney.vn/tin-tuc-va-khuyen-mai",0
COM_732,5/7/2026,"[TB] LỄ ĐỘC THÂN, TRAO DATA - NHẬN VOUCHER GRAB
Tặng gói 1N cho người thân yêu của bạn, nhận ngay voucher giảm đến 40% giá dịch vụ Grab.
Truy cập https://myvt.page.link/tang1n để tặng ngay ([MONEY]/lần có 5GB, 5p ngoại mạng, miễn phí 10p/cuộc nội mạng, SMS nội mạng và [NUMBER], ưu đãi sử dụng đến [TIME] ngày tặng).
CT áp dụng với lần tặng đầu tiên đến 12/11, dành riêng cho Quý khách. LH 198 ([MONEY]).",0
COM_733,5/7/2026,"[TB] Dung quen Ban dang co voucher MIEN PHI [MONEY] khi nap dien thoai Viettel. Mo app vao muc ""Uu dai cua toi"" hoac truy cap https://km.vtmoney.vn/314y/uudai2 de su dung uu dai ngay Ban nhe. Neu da su dung vui long bo qua tin nhan.",0
COM_734,5/7/2026,"[TB] NẠP THẺ TẶNG TIỀN - DÙNG LIỀN DATA!
Tặng 20% giá trị tất cả thẻ nạp vào tài khoản viễn thông trong ngày [DATE]. Tiền KM sử dụng truy cập Internet trong 15 ngày. Nạp thẻ online tại các ví điện tử, ứng dụng thanh toán hoặc tại https://viettel.vn/naptienkm . Chi tiết gọi 197 bấm phím 19 ([MONEY]). Trân trọng.",0
COM_736,5/7/2026,"[QC] Vay nhanh online, giai ngan sieu toc den [MONEY] dong, chi can CCCD. Tra gop tu 30-45 ngay. Dang ky online voi Viettel Money: https://vtmoney.onelink.me/314y/paydaymedium Chi tiet LH [NUMBER] ([MONEY]). Tu choi QC, soan TC3, gui 199",0
COM_737,5/7/2026,"[TB] Để phát hiện sớm bệnh tăng huyết áp, đái tháo đường và dấu hiệu nguy cơ mắc bệnh không lây khác ở người từ 60 tuổi, hãy đến trạm y tế để được khám sức khỏe miễn phí.",0
COM_739,5/7/2026,"[TB] Theo Luật Viễn thông, từ ngày [DATE], các thuê bao sẽ phải chịu trách nhiệm trước pháp luật về các số điện thoại mình đã đăng ký sử dụng với nhà mạng. Đề nghị liên hệ tổng đài CSKH để rà soát, bảo đảm SIM của mình là chính chủ và không có SIM nào khác đang bị đăng ký bằng thông tin của mình mà bản thân không sử dụng.",0
COM_741,5/7/2026,"[TB] NẠP THẺ ONLINE - NHẬN NGAY KHUYẾN MẠI!
Tặng 20% giá trị tất cả thẻ nạp vào tài khoản viễn thông trong ngày [DATE]. Tiền KM sử dụng TRUY CẬP INTERNET trong 15 ngày. CT áp dụng khi nạp thẻ online qua các ví điện tử, ứng dụng thanh toán hoặc tại https://km.vtmoney.vn/314y/kmdaitra. Chi tiết gọi 197 bấm phím 19 ([MONEY]). Trân trọng.",0
COM_745,5/7/2026,"[TB] Dung quen Ban dang co voucher MIEN PHI [MONEY] khi nap dien thoai Viettel se HET HAN HOM NAY [DATE]. Mo app vao muc ""Uu dai cua toi"" hoac truy cap https://km.vtmoney.vn/314y/uudai2 de su dung uu dai ngay Ban nhe.",0
COM_748,5/7/2026,"Tai khoan cua Quy khach khong du de thuc hien cuoc goi, bam goi ngay 1498967145402 de tiep tuc lien lac voi so dien thoai [NUMBER]. Cuoc goi [MONEY]/p, tinh cuoc 6s+1, cuoc DV [MONEY]. Quy khach vui long soan HD gui [NUMBER] de duoc huong dan. Tu choi nhan tin, soan TC gui [NUMBER].",0
COM_750,5/7/2026,"Quy khach da duoc thanh toan [MONEY] tu nhan vien [NUMBER], Ngay GD: [DATE] [TIME]. Ma GD 2411237603607281. LH [NUMBER] ([MONEY]). Tran trong.",0
COM_751,5/7/2026,"Quý khách đã đăng ký thành công gói ST5K: [MONEY]/ngày có 500MB sử dụng đến [TIME] ngày [DATE]. Đăng ký lần tiếp theo trong ngày, Quý khách sẽ được tặng thêm 500MB theo CT Mua 2 tặng 1. Gói cước gia hạn hàng ngày. Truy cập https://viettel.vn/kttk để kiểm tra ưu đãi. Để hủy gia hạn, soạn HUY ST5K gửi 191. Chi tiết LH 198 ([MONEY]). Trân trọng.",0
COM_752,5/7/2026,"[TB] NẠP THẺ TẶNG TIỀN - DÙNG LIỀN DATA!
Tặng 20% giá trị tất cả thẻ nạp vào tài khoản viễn thông trong ngày [DATE]. Tiền KM sử dụng truy cập Internet trong 15 ngày. Nạp thẻ online tại các ví điện tử, ứng dụng thanh toán hoặc tại https://vtmoney.onelink.me/314y/km3 . Chi tiết gọi 197 bấm phím 19 ([MONEY]). Trân trọng.",0
COM_755,5/7/2026,"[TB] Tien ich Loi nhan thoai cua Viettel: Quy khach co loi nhan tu TB [NUMBER] vao luc [TIME] [DATE]. Voi noi dung: dạ ngân hàng tê bê ban hiện đang có gói ưu đãi lên đến [MONEY] và các cơ hội nhận ngay khoản vay tế [MONEY] đồng dành tản thiên chờ quý khách nhận được cuộc gọi này quý khách thay tải nhạc app tê bê banh mobile về máy để đăng ký và nhận ngay gói ưu đãi hoặc bấm phím buộc để bên em có thể dưới vận tải app ạ nếu cần hỗ trợ quý khách vui lòng liên hệ đến số hotline [NUMBER] để được gặp nhân viên tư vấn trước quý khách một ngày vui vẻ. De nghe loi nhan thoai, vui long bam goi [NUMBER] (mien phi).",0
COM_756,5/7/2026,"Quý khách đã đăng ký thành công gói 1N: [MONEY]/ngày có 5GB, [TIME] ngoại mạng, miễn phí [TIME] đầu tiên của tất cả các cuộc gọi nội mạng, nhắn tin nội mạng và xem truyền hình [NUMBER]; ưu đãi sử dụng đến [TIME] ngày [DATE]. Gói cước gia hạn hàng ngày. Truy cập https://viettel.vn/kttk để kiểm tra ưu đãi. Để hủy gia hạn, soạn HUY 1N gửi 191. Chi tiết LH 198 ([MONEY]). Trân trọng.",0
COM_757,5/7/2026,"[TB] Nhằm kích cầu tiêu dùng trong nước, Bộ Công thương phát động Chương trình Khuyến mại tập trung quốc gia [NUMBER] từ ngày [DATE] - [DATE], doanh nghiệp sẽ thực hiện khuyến mại với hạn mức có thể lên đến 100%.",0
COM_758,5/7/2026,"Sau khi hủy gia hạn gói 1N, ưu đãi còn lại sẽ được sử dụng đến hết chu kỳ. Để xác nhận hủy, soạn Y gửi 191. Để từ chối hủy gia hạn và được tặng thêm 1GB khi gói cước gia hạn thành công chu kỳ tiếp theo, soạn N gửi 191. Chi tiết LH 198 ([MONEY]). Trân trọng.",0
COM_759,5/7/2026,"[QC] Mời Quý khách trải nghiệm các tiện ích trên My Viettel: Quản lý tài khoản Internet và Truyền hình, chuyển đổi gói cước, quản lý thiết bị modem wifi từ xa tại https://myvt.page.link/myviettel. Chi tiết LH 198 ([MONEY]). Từ chối QC, soạn TC3 gửi 199.",0
COM_760,5/7/2026,"[QC] TẠO TÀI KHOẢN VÀ ĐĂNG NHẬP MY VIETTEL - NHẬN NGAY 10.[POINT] VIETTEL++. CT áp dụng cho thuê bao Internet, truyền hình tạo tài khoản và đăng nhập ứng dụng My Viettel thành công tại https://myvt.page.link/tkmyvt. Điểm Viettel++ được cộng trong [TIME]. Chi tiết LH [NUMBER] ([MONEY]). Từ chối QC, soạn TC3 gửi 199",0
COM_762,5/7/2026,[TB] Tien ich Loi nhan thoai cua Viettel: Quy khach co cuoc goi nho tu TB [NUMBER] vao luc [TIME] 03/12/24.,0
COM_763,5/7/2026,"[TB] DATA TRÀN TRỀ - GÓI CƯỚC THÍCH MÊ!
1. Soạn 1N gửi 191: [MONEY]/ngày có 5GB, [TIME] ngoại mạng, miễn phí 10p/cuộc gọi nội mạng, SMS nội mạng và [NUMBER]; ưu đãi sử dụng đến [TIME] ngày đăng ký.
2. Soạn 7N gửi 191: [MONEY]/7 ngày có 35GB (5GB/ngày), [TIME] gọi ngoại mạng, miễn phí [TIME]/cuộc gọi nội mạng, SMS nội mạng và [NUMBER].
Các gói cước gia hạn khi hết chu kỳ. Chi tiết LH 198 ([MONEY]).",0
COM_764,5/7/2026,A ơi e có chút việc nên tầm 12 hoặc hơn 1 chút được không ạ,0
COM_765,5/7/2026,A ơi a xử lý nhanh giúp e được không ạ,0
COM_766,5/7/2026,[TB] Tang 20% gia tri tat ca the nap trong ngay [DATE]. Tien KM su dung TRUY CAP INTERNET trong 15 ngay. CT danh rieng cho TB cua Quy khach. LH 198 ([MONEY]).,0
COM_767,5/7/2026,"Tai khoan cua Quy khach sap het. Soan:
1 gui 211 de cong [TIME] noi mang ([MONEY]/p), su dung trong 7 ngay
2 gui 211 de cong [TIME] ngoai mang ([MONEY]/p), su dung trong 7 ngay
3 gui 211 de cong 85 tin nhan noi mang ([MONEY]/tin), su dung trong 15 ngay
4 gui 211 de cong 15 tin nhan ngoai mang ([MONEY]/tin), su dung trong 7 ngay
Chi tiet LH 198 (mien phi).",0
COM_768,5/7/2026,"Doi thanh cong [POINT] tieu dung Viettel++ thanh 20 MB Data. Han su dung truoc [DATE]. Tong diem tieu dung con lai trong tai khoan Viettel++ cua Quy khach la [POINT]. De kiem tra lich su doi diem va lua chon uu dai hap dan khac, vui long truy cap https://myvt.page.link/vtplus. Tran trong.",0
COM_769,5/7/2026,"TK Tien di dong [NUMBER] GD +[MONEY] luc [NUMBER] [TIME]. So du [MONEY] Phi: -[MONEY]. ND: Nhan tien 241209152503178. Su dung TK Tien di dong, ban co the chuyen tien, nap dien thoai, mua 3G/4G va thanh toan hang tram dich vu voi nhieu uu dai tai https://viettelmoney.vn/tin-tuc-va-khuyen-mai",0
COM_770,5/7/2026,"(QC) TB [NUMBER]! Soan XN gui [NUMBER] de xem Facebook, YouTube, TikTok, Instagram, Zalo, Spotify... khong gioi han data 4G va co hoi trung [MONEY] vao tai khoan goc khi trai nghiem goi data truc tuyen tong hop - DV Mydata. Cuoc phi chi [MONEY]/ngay, gia han theo ngay. Chi tiet truy cap http://mydata.viettel.vn hoac LH 198 ([MONEY]). Tu choi QC, soan TC4 gui 199.",0
COM_771,5/7/2026,"[TB] NẠP THẺ TẶNG TIỀN - DÙNG LIỀN DATA!
Tặng 20% giá trị tất cả thẻ nạp vào tài khoản viễn thông trong ngày [DATE]. Tiền KM sử dụng truy cập Internet trong 15 ngày. Nạp thẻ online tại các ví điện tử, ứng dụng thanh toán hoặc tại https://viettel.vn/naptienkm . Chi tiết gọi 197 bấm phím 19 ([MONEY]). Trân trọng.",0
COM_772,5/7/2026,"[TB] NẠP THẺ LIỀN TAY - NHẬN NGAY KHUYẾN MẠI
Tặng 20% giá trị thẻ nạp đầu tiên vào tài khoản viễn thông trong ngày 09/12, tiền KM sử dụng gọi và nhắn tin nội mạng trong 15 ngày. 
Nạp thẻ online tại https://vtmoney.onelink.me/314y/km3 . CT dành riêng cho Quý khách. LH 198 ([MONEY]).",0
COM_773,5/7/2026,"[QC] [TIME] ngày 11/12: Trực tiếp vòng chung kết giải Bóng rổ sinh viên toàn quốc [NUMBER]. Liệu trường đại học nào sẽ giành tấm vé vào trận chung kết? 
Đón xem trực tiếp trận đấu trên [NUMBER] tại https://tv360.vn/. Chi tiết LH 198 ([MONEY]). Từ chối QC, soạn TC4 gửi 199.",0
COM_774,5/7/2026,"[QC] Chiết khấu 10% (tối đa [MONEY]) khi đóng trước cước Internet cho chính mình tại https://myvt.page.link/ttinternet. CT áp dụng cho TB đóng cước trước lần đầu trên My Viettel. Chi tiết LH 198 ([MONEY]). Từ chối QC, soạn TC3 gửi 199.",0
COM_775,5/7/2026,"Quy khach dang thuc hien
Doi mat khau
Ma OTP: 187698 hieu luc [TIME]
Quy khach se MAT TIEN va THONG TIN neu cung cap Ma OTP cho bat ky ai",0
COM_776,5/7/2026,"Vi ly do BAO MAT, tuyet doi KHONG CUNG CAP cho bat ky ai thong tin kich hoat SACOMBANK SMART OTP, ma kich hoat la 86898209",0
COM_777,5/7/2026,"[TB] NẠP THẺ TẶNG TIỀN - DÙNG LIỀN DATA!
Tặng 20% giá trị tất cả thẻ nạp vào tài khoản viễn thông trong ngày 11/12. Tiền KM sử dụng TRUY CẬP INTERNET trong 15 ngày.
Nạp thẻ online tại các ví điện tử, ứng dụng thanh toán hoặc tại https://viettel.vn/naptienkm .
CT dành riêng cho Quý khách. LH 198 ([MONEY]).",0
COM_778,5/7/2026,"Quy khach da duoc thanh toan [MONEY] tu nhan vien [NUMBER], Ngay GD: [DATE] [TIME]. Ma GD 241214667571870. LH [NUMBER] ([MONEY]). Tran trong.",0
COM_779,5/7/2026,"Nhap ma OTP 1148 de xac thuc Dang nhap tren ung dung My Viettel. Ma OTP se het han sau 5p. Chi tiet LH [NUMBER] ([MONEY]) hoac truy cap https://viettel.vn/app. De dam bao an toan cho tai khoan cua Quy khach, vui long khong chia se ma xac thuc nay voi bat ky ai.",0
COM_780,5/7/2026,"Quy khach da dang ky thanh cong goi ST5KM. Phi [MONEY]/ngay co 1GB su dung den [TIME], het luu luong truy cap theo goi Mobile Internet dang su dung (neu co). DV Khong gia han theo ngay. Soan KTTK de kiem tra luu luong tin nhan gui 191 hoac truy cap https://myvt.page.link/kttk1. LH 198 ([MONEY]). Tran trong.",0
COM_781,5/7/2026,"[TB] NẠP THẺ ONLINE - NHẬN NGAY KHUYẾN MẠI!
Tặng 20% giá trị tất cả thẻ nạp vào tài khoản viễn thông trong ngày [DATE]. Tiền KM sử dụng TRUY CẬP INTERNET trong 15 ngày. CT áp dụng khi nạp thẻ online qua các ví điện tử, ứng dụng thanh toán hoặc tại https://viettel.vn/pay/tt . Chi tiết gọi 197 bấm phím 19 ([MONEY]). Trân trọng.",0
COM_782,5/7/2026,"De xac nhan yeu cau huy goi ST5KM, soan Y gui 191 trong vong [TIME]. De huy bo yeu cau, soan N gui 191. Yeu cau cua Quy khach se tu dong huy neu khong duoc xac nhan lai sau [TIME]. Sau khi huy, uu dai con lai cua goi ST5KM se khong duoc bao luu. Chi tiet LH 198 ([MONEY]). Tran trong.",0
COM_783,5/7/2026,"Quy khach da huy goi ST5KM. Quy khach tiep tuc truy cap theo goi Mobile Internet dang su dung (neu co). De biet them thong tin ve cac goi khac, vui long bam goi *098# hoac truy cap My Viettel tai https://myvt.page.link/6 . Chi tiet LH 198 ([MONEY]). Tran trong.",0
COM_784,5/7/2026,"[TB] Chi con 18 ngay de cap nhat sinh trac hoc theo quy dinh cua Ngan hang Nha nuoc. Sau khi cap nhat thanh cong, ban se nhan duoc phan qua den [MONEY] tai: https://km.vtmoney.vn/314y/sinhtrachoc2 . Vui long bo qua tin nhan neu da cap nhat thong tin.",0
COM_785,5/7/2026,Quy khach da dat hang thanh cong! Ma don hang [NUMBER]. Nhan vien tu van cua HACOM se goi dien xac nhan don hang va giao hang som.,0
COM_786,5/7/2026,"[TB] Chuc mung Quy khach da dang ky thanh cong goi ST5KM tren ung dung My Viettel ngay [DATE] va duoc tang 04 ma uu dai de su dung dich vu GrabBike, GrabCar va GrabFood. Quy khach truy cap link https://grb.to/VIETTEL_SV_24 de nhan uu dai. Chuong trinh co the ket thuc som hon du kien do so luong uu dai co han. Chi tiet LH 198 ([MONEY]). Tran trong!",0
COM_787,5/7/2026,"Yêu cầu hủy không thành công, Quý khách không sử dụng gói ST5KM. Chi tiết LH 198 ([MONEY]). Trân trọng.",0
COM_788,5/7/2026,"[TB] Tien ich Loi nhan thoai cua Viettel: Quy khach co loi nhan tu TB [NUMBER] vao luc [TIME] [DATE]. Voi noi dung: Thông báo quan trọng về việc thực hiện xin các học sinh, quý khách đừng vội tắt máy từ ngày một tháng một năm hai không hai mươi năm nếu quý khách không xác thực căn cước công dân bằng xin các học MoMo của quý khách sẽ không thực hiện được giao dịch thanh toán hoá đơn hoặc thanh toán dư nợ. Điều này sẽ làm ảnh hưởng xấu đến lịch sử tín dụng của quý khách. Hãy truy cập ngay vào App MoMo vận chuyển, cập nhật sinh trắc học theo hướng dẫn, vui lòng bỏ qua nếu như mình khách đã thực hiện sinh trắc học xin cảm ơn!. De nghe loi nhan thoai, vui long bam goi [NUMBER] (mien phi).",0
COM_789,5/7/2026,"[TB] Đổi mới y tế số, hãy sử dụng Sổ sức khỏe điện tử tích hợp trên VNeID cấp độ 2 để tiện lợi quản lý thông tin sức khỏe cá nhân, tra cứu hồ sơ khám bệnh và tiết kiệm thời gian khi đi khám bệnh.",0
COM_790,5/7/2026,"Viettel TB: Goi ST5KM da het thoi gian su dung. De tiep tuc su dung goi ST5KM, Quy khach vui long dang ky tai https://myvt.page.link/ST5KM. Chi tiet LH 198 ([MONEY]). Tran trong",0
COM_791,5/7/2026,"[TB] MY VIETTEL chúc Bạn Giáng sinh an lành. TẶNG NGAY 50% GIÁ TRỊ CHO LẦN NẠP THẺ ĐẦU TIÊN VÀO CHỦ NHẬT NGÀY [DATE]. CT áp dụng khi nạp tiền vào tài khoản viễn thông qua tài khoản ngân hàng, ví điện tử có liên kết trên My Viettel. Tiền khuyến mại sử dụng truy cập data trong 15 ngày. Giảm thêm 2,5% khi nạp tại https://viettel.vn/naptiencn. LH 198 ([MONEY]). Trân trọng.",0
COM_793,5/7/2026,"Sai cu phap nhan tin. De lay thong tin dich vu Mobile Internet va Dcom, vui long bam goi *098# hoac lien he 198 (mien phi). Tran trong.",0
COM_794,5/7/2026,"Quy khach da duoc thanh toan [MONEY] tu nhan vien [NUMBER], Ngay GD: [DATE] [TIME]. Ma GD 241222611155573. LH [NUMBER] ([MONEY]). Tran trong.",0
COM_795,5/7/2026,"Quy khach co [MONEY] trong tai khoan. Bam goi *098*3# de co 3GB voi [MONEY]/3 ngay hoac *098*989# ([MONEY]/3 ngay) co 15GB (5GB/ngay), mien phi [TIME]/cuoc noi mang, [TIME] ngoai mang, SMS noi mang va [NUMBER]. Goi cuoc gia han khi het chu ky. De biet thong tin cac uu dai khac, bam goi *098# hoac truy cap My Viettel tai https://myvt.page.link/goidata . Chi tiet LH 198 ([MONEY]). Tran trong.",0
COM_796,5/7/2026,"[TB] Tien ich Loi nhan thoai cua Viettel: Quy khach co loi nhan tu TB [NUMBER] vao luc [TIME] [DATE]. Voi noi dung: máy từ ngày một tháng một năm hai không hai mươi năm nếu quý khách không cắt được căn cước công dân bằng sinh chắc học ví momo của quý khách không thực hiện được giao dịch thanh toán hóa đơn hoặc thanh toán dư nợ kiểu này sẽ làm ảnh hưởng xấu đến lịch sử tín dụng của quý khách hãy truy cập ngay vào app momo và thực hiện cập nhật sinh chắc học theo hướng dẫn vui lòng bỏ qua giữ khách đã thực hiện sinh chắc học xin cảm ơn. De nghe loi nhan thoai, vui long bam goi [NUMBER] (mien phi).",0
COM_797,5/7/2026,"Doi thanh cong [POINT] tieu dung Viettel++ thanh 20 MB Data. Han su dung truoc [DATE]. Tong diem tieu dung con lai trong tai khoan Viettel++ cua Quy khach la [POINT]. De kiem tra lich su doi diem va lua chon uu dai hap dan khac, vui long truy cap https://myvt.page.link/vtplus. Tran trong.",0
COM_798,5/7/2026,Nhập [NUMBER] trên Facebook để xác minh tài khoản.,0
COM_799,5/7/2026,"[TB] ĐÓN GIÁNG SINH, RINH QUÀ XỊN
Soạn 5G135 gửi 191: [MONEY]/30 ngày có 120GB (4GB/ngày), miễn phí xem [NUMBER] [MONEY], 20GB lưu trữ trên MyBox (chi tiết xem tại https://viettel.vn/5G135).
Đặc biệt, đăng ký gói trước [DATE] để nhận ngay Voucher giảm 20% học phí Khóa học AI - Prompt Engineer từ Perico Talent trị giá [MONEY] (Voucher nhận sau khi đăng ký [TIME]).
CT dành riêng cho Quý khách. LH 198 ([MONEY]).",0
COM_801,5/7/2026,"[TB] CƠ HỘI CUỐI SĂN ƯU ĐÃI GIẢM 25%
Tặng 25% giá gói SD70: Chỉ còn [MONEY]/30 ngày có 30GB (1GB/ngày). Gói cước gia hạn sau 30 ngày với giá gốc [MONEY].
CT dành riêng cho Quý khách khi mua gói trên ứng dụng My Viettel hoặc tại https://vietteltelecom.vn/Noel/SD70 trước ngày [DATE]. LH 198 ([MONEY]).",0
COM_802,5/7/2026,"[TB] Tien ich Loi nhan thoai cua Viettel: Quy khach co cuoc goi nho tu TB [NUMBER] vao luc [TIME] [DATE]. De nghe loi nhan thoai, vui long bam goi [NUMBER] (mien phi).",0
COM_803,5/7/2026,"Tin nhan sai cu phap. De tra cuu thong tin, soan TTTB SoGiayTo gui [NUMBER] (SoGiayTo la so dung de dang ky thong tin thue bao). Chi tiet LH 198 ([MONEY]). Tran trong!",0
COM_804,5/7/2026,"Cam on Quy Khach da su dung dich vu Mobile cua Viettel. Viettel kinh tang Quy khach Voucher giam 20% tren tong hoa don mua hang tren he sinh thai Viettel++, su dung tai Gau bong Bemori, ma uu dai la 7PKWU2. Han su dung [NUMBER] [TIME]. De lua chon cac uu dai hap dan khac, vui long truy cap https://myvt.page.link/vt10. Chi tiet LH [NUMBER] (mien phi).",0
COM_805,5/7/2026,Viettel TB: Quy khach duoc mien phi xem phim va cac kenh truyen hinh tren [NUMBER] theo chuong trinh khuyen mai khi dang ky/ gia han thanh cong goi cuoc Mobile Internet. Quy khach vui long truy cap https://tv360.vn/ de su dung dich vu. Chi tiet LH [NUMBER] ([MONEY]). Tran trong.,0
COM_806,5/7/2026,"Viettel thong bao: De bao mat thong tin khach hang trong qua trinh su dung. Viettel se quan ly thong tin thue bao bang ma ca nhan. Ma ca nhan cua Quy khach la UT3H6J. Quy khach luu lai ma ca nhan de thuc hien cac giao dich voi Viettel: chan 01 chieu, tra cuoc, thay doi thong tin, chuyen nhuong hop dong... De xem huong dan, soan HD gui 143. Chi tiet L/H 198. Tran trong.",0
COM_807,5/7/2026,"Quý khách đã hủy gia hạn gói 3TV95K, ưu đãi còn lại của gói 3TV95K vẫn được sử dụng đến hết chu kỳ. Để biết thông tin các ưu đãi khác, vui lòng bấm gọi *098#. Chi tiết LH 198 ([MONEY]). Trân trọng.",0
COM_808,5/7/2026,"Quy khach duoc tham gia trai nghiem mien phi 30 ngay su dung DV Imuzik. Het chuong trinh trai nghiem, DV se tu huy. De tai bai hat, soan BH TenBaiHat hoac BH MaBaiHat gui [NUMBER] (cuoc tai [MONEY]). De huy DV, soan HUY gui [NUMBER]. De nghe thu bai hat, truy cap: http://imuzik.vn (mien cuoc luu luong Data) hoac goi [NUMBER] ([MONEY]/p). Chi tiet soan HD gui [NUMBER] hoac LH 198 (mien phi). Tran trong.",0
COM_809,5/7/2026,"De nghe nhac hoan toan MIEN PHI DATA va cap nhat nhung bai hat nhac cho hot nhat, moi Quy khach tai Ung dung Imuzik tai: http://s.viettel.vn/tai-app-imuzik. Chi tiet 198 ([MONEY]). Tu choi nhan tin, soan TC5 gui [NUMBER]. Tran trong.",0
COM_810,5/7/2026,"[TB] Dung quen Ban dang co voucher MIEN PHI [MONEY] khi nap dien thoai Viettel se HET HAN HOM NAY [DATE]. Mo app vao muc ""Uu dai cua toi"" hoac truy cap https://km.vtmoney.vn/314y/uudai2 de su dung uu dai ngay Ban nhe.",0
COM_811,5/7/2026,"[TB] Tài khoản đủ đầy - Đón [NUMBER] tài lộc
Tặng 25% giá trị tất cả thẻ nạp vào tài khoản viễn thông trong ngày [DATE] và [DATE]. Tiền KM sử dụng TRUY CẬP INTERNET trong 15 ngày. CT áp dụng khi nạp thẻ online qua các ví điện tử, ứng dụng thanh toán hoặc tại https://km.vtmoney.vn/314y/kmdaitra. Chi tiết gọi 197 bấm phím 19 ([MONEY]). Trân trọng.",0
COM_812,5/7/2026,"Viettel thong bao: Quy khach da duoc lap hoa don so K24TVA3506248, ngay lap [DATE], so tien [MONEY]. Quy khach co the tra cuu hoa don dien tu tai http://www.vietteltelecom.vn/hdbh theo ma so bi mat DBKPA3F5HL.",0
COM_813,5/7/2026,"[TB] GỌI ĐIỆN THẢ GA, GIẢI TRÍ CỰC ĐÃ!
1. Soạn V90B: [MONEY]/30 ngày có 30GB (1GB/ngày), miễn phí gọi điện
2. Soạn [NUMBER] gửi 191: [MONEY]/30 ngày có ưu đãi gói V90B, thêm miễn phí data truy cập TikTok, YouTube, Facebook, nhắn tin Messenger
CT dành riêng cho Quý khách. Chi tiết gói truy cập https://viettel.vn/s/gt1 . LH 198 ([MONEY]).",0
COM_814,5/7/2026,"[TB] Theo Luật Viễn thông, từ ngày [DATE], các thuê bao sẽ phải chịu trách nhiệm trước pháp luật về các số điện thoại mình đã đăng ký sử dụng với nhà mạng. Khuyến cáo thuê bao không chuyển SIM của mình cho người lạ sử dụng để tránh bị liên đới trách nhiệm.",0
COM_815,5/7/2026,[TB] Viettel kinh moi Quy khach trai nghiem dich vu goi dien chat luong cao tren ha tang 4G - HD Call (cuoc goi tinh theo goi cuoc Quy khach dang su dung). Chi tiet truy cap ung dung My Viettel tai https://myvt.page.link/volte hoac LH 198 ([MONEY]). Tran trong.,0
COM_817,5/7/2026,"[TB] Cảm ơn Quý khách đã đồng hành cùng Viettel trong năm qua. Soạn [NUMBER] gửi 191 ([MONEY]) để cùng Viettel nhìn lại [NUMBER], chào [NUMBER], gửi lời chúc năm mới tới người thân, bạn bè và nhận cơ hội trúng nhiều phần quà hấp dẫn. Trân trọng.",0
COM_818,5/7/2026,"[QC] ASEAN CUP [NUMBER]: Việt Nam - Thái Lan. Chúng ta đã sẵn sàng cho trận chung kết tại sân vận động Việt Trì - Phú Thọ!
Đón xem trận chung kết lượt đi trực tiếp trên [NUMBER] tại https://tv360.vn/ vào [TIME] ngày [DATE]. Chi tiết LH 198 ([MONEY]). Từ chối QC, soạn TC4 gửi 199.",0
COM_819,5/7/2026,"[TB] KHUYẾN MẠI CỰC ĐÃ, KHÔNG THỂ BỎ QUA!
Tặng 20% giá trị 3 thẻ nạp đầu tiên vào tài khoản viễn thông, tiền KM sử dụng để gọi và nhắn tin nội mạng trong 15 ngày.
CT dành riêng cho Quý khách đến ngày 01/02. LH 198 ([MONEY]).",0
COM_821,5/7/2026,"[TB] CHÀO [NUMBER]!
Quý khách có cơ hội nhận quà hấp dẫn và gửi lời chúc năm mới đến người thân khi truy cập viettel.vn/review2024.
Trải nghiệm 5G siêu tốc, soạn 5G135 gửi 191: [MONEY]/30 ngày có 120GB (4GB/ngày), miễn phí xem [NUMBER] chất lượng [MONEY], 20GB lưu dữ liệu trên MyBox (chi tiết gói tại https://viettel.vn/5G135). Gói cước gia hạn sau 30 ngày.
CT dành riêng cho Quý khách. LH 198 ([MONEY]).",0
COM_822,5/7/2026,"Quy khach duoc cong them [POINT] Viettel++ boi giao dich Tieu dung vien thong thang 12/[NUMBER]. Thoi han su dung diem den [DATE]. Hay truy cap https://myvt.page.link/vtplus tren My Viettel hoac *098# de doi diem sang Data, SMS, Phut goi cung nhieu uu dai gia tri khac. Chi tiet LH 198. Tran trong.",0
COM_823,5/7/2026,"SDTK [NUMBER] den [TIME] ngay [DATE] la [MONEY]. GD moi nhat: -[MONEY]: THU PHI THUONG NIEN THE MC DEBIT 01/[NUMBER] SO THE [NUMBER], TK [NUMBER]",0
COM_824,5/7/2026,Có đơn tiktok nha thắng,0
COM_826,5/7/2026,SDTK [NUMBER] den [TIME] ngay [DATE] la [MONEY]. GD moi nhat: -[MONEY]: SHB THU PHI DICH VU SMS THONG BAO SO DU TK [NUMBER] THANG 12/[NUMBER].,0
COM_827,5/7/2026,"[TB] LÊN MẠNG SIÊU RẺ, SIÊU TỐC ĐỘ!
1. Soạn ST30K gửi 191: Chỉ [MONEY]/7 ngày có 7GB, gia hạn sau 7 ngày
2. Soạn ST15K gửi 191: Chỉ [MONEY]/3 ngày có 3GB, gia hạn sau 3 ngày
Chi tiết truy cập https://viettel.vn/dt2 . LH 198 ([MONEY]).",0
COM_828,5/7/2026,"[TB] MUA GÓI DATA - LÊN MẠNG THẢ GA
Soạn VM80 gửi 191: [MONEY]/30 ngày có 30GB tốc độ cao (1GB/ngày), thoải mái truy cập Internet. Gói cước gia hạn sau 30 ngày. Chi tiết LH 198 ([MONEY]).",0
COM_829,5/7/2026,CellphoneS: Ma OTP cua ban la 4060. Ma co hieu luc trong [TIME]. Vui long khong chia se ma nay voi bat ky ai.,0
COM_830,5/7/2026,CellphoneS se goi dien hoac SMS xac nhan don dat hang [NUMBER] vao buoi sang ([TIME]-[TIME]). LH [NUMBER] (Mien phi). Cam on Anh/Chi da lua chon CellphoneS.,0
COM_831,5/7/2026,Tiki: Ma xac minh dang ky tai khoan cua ban la [NUMBER]. Ma co hieu luc trong vong [TIME]. Khong chia se ma nay voi nguoi khac.,0
COM_832,5/7/2026,"[TB] NẠP THẺ TẶNG TIỀN - DÙNG LIỀN DATA!
Tặng 20% giá trị tất cả thẻ nạp vào tài khoản viễn thông trong ngày [DATE]. Tiền KM sử dụng truy cập Internet trong 15 ngày. Nạp thẻ online tại các ví điện tử, ứng dụng thanh toán hoặc tại https://viettel.vn/naptienkm . Chi tiết gọi 197 bấm phím 19 ([MONEY]). Trân trọng.",0
COM_833,5/7/2026,"Cam on QK da mua hang tai CellphoneS. Diem Smember cua QK:840,000. DH cua QK tri gia 840,000 Hoa don VAT https://cps.onl/ymajtwftyg. Danh gia DV https://cps.onl/vc7je5wgun. Cam on QK",0
COM_834,5/7/2026,"[TB] Thực hiện thủ tục cấp Phiếu lý lịch tư pháp trên ứng dụng VNeID - Nhanh chóng, tiết kiệm, hiệu quả.",0
COM_835,5/7/2026,"(QC) TB [NUMBER]! Soan XNL gui [NUMBER] de xem Facebook, YouTube, TikTok, Instagram, Zalo, Spotify... khong gioi han data 4G va co hoi trung [MONEY] vao tai khoan goc khi trai nghiem goi data truc tuyen tong hop - DV Mydata. Cuoc phi chi [MONEY]/ngay, gia han theo ngay. Chi tiet truy cap http://mydata.viettel.vn hoac LH 198 ([MONEY]). Tu choi QC, soan TC4 gui 199.",0
COM_836,5/7/2026,"[QC] Tặng voucher di chuyển và đặt đồ ăn từ Grab khi mua gói SD30S. Phí gói [MONEY]/7 ngày có tối đa 2GB/ngày. CT áp dụng đến [DATE] cho Khách hàng nhận tin nhắn và đăng ký tại https://myvt.page.link/SD30S. Chi tiết LH 198 ([MONEY]). Từ chối QC, soạn TC3 gửi 199.",0
COM_837,5/7/2026,"(QC) Tha ga choi game Free Fire voi 30GB DATA TOC DO CAO (1GB/ngay) va GIFTCODE VAT PHAM TIEP TE khi dang ky DV Data Free Fire. Soan FF30 gui [NUMBER] ([MONEY]/30 ngay, gia han sau 30 ngay). Chi tiet tai https://freedataviettel.ff.garena.vn/ hoac LH 198 ([MONEY]). Tu choi QC, soan TC4 gui 199.",0
COM_838,5/7/2026,"(QC) TB [NUMBER]! Soan XNM gui [NUMBER] de xem Facebook, YouTube, TikTok, Instagram, Zalo, Spotify... khong gioi han data 4G va co hoi trung [MONEY] vao tai khoan goc khi trai nghiem goi data truc tuyen tong hop - DV Mydata. Cuoc phi chi [MONEY]/ngay, gia han theo ngay. Chi tiet truy cap http://mydata.viettel.vn hoac LH 198 ([MONEY]). Tu choi QC, soan TC4 gui 199.",0
COM_839,5/7/2026,"[QC] Mua gói data - tặng voucher Grab (di chuyển và đặt đồ ăn). CT áp dụng đến [DATE] cho Khách hàng nhận tin nhắn và đăng ký thành công gói data < [MONEY] trên ứng dụng My Viettel. Chi tiết truy cập https://viettel.vn/grab99 hoặc LH 198 ([MONEY]). Từ chối QC, soạn TC3 gửi 199.",0
COM_840,5/7/2026,"[QC] SIM kèm gói data - Giải pháp tiết kiệm cho Khách hàng sử dụng nhiều lưu lượng data. Giá SIM [MONEY], gói cước đi kèm SIM chỉ từ [MONEY]/tháng:
1. SD70: [MONEY]/30 ngày có 30GB (1GB/ngày)
2. 6SD120: [MONEY]/180 ngày có 360GB (2GB/ngày)
3. 12SD135: [MONEY]/360 ngày có 1.800GB (5GB/ngày)
Gói cước gia hạn khi hết chu kỳ. Đăng ký tại https://viettel.vn/simdata. LH 198 ([MONEY]). Từ chối QC, soạn TC3 gửi 199.",0
COM_841,5/7/2026,"[QC] MY VIETTEL HỖ TRỢ XỬ LÝ, BÁO LỖI đơn giản, tiện lợi với tính năng tự động phân tích thiết bị và có thể gửi phản ánh, báo lỗi cho nhân viên chăm sóc khách hàng. Trải nghiệm ngay tại http://viettel.vn/hotrodv. Chi tiết LH [NUMBER] ([MONEY]). Từ chối QC, soạn TC3 gửi 199.",0
COM_842,5/7/2026,"[TB] LÊN MẠNG SIÊU TỐC!
1. Soạn ST15K gửi 191: [MONEY]/3 ngày có 3GB.
2. Soạn ST30K gửi 191: [MONEY]/7 ngày có 7GB.
Gói cước gia hạn khi hết chu kỳ. LH 198 ([MONEY]).",0
COM_843,5/7/2026,"[TB] NẠP THẺ ONLINE - NHẬN NGAY KHUYẾN MẠI!
Tặng 20% giá trị tất cả thẻ nạp vào tài khoản viễn thông trong ngày [DATE]. Tiền KM sử dụng TRUY CẬP INTERNET trong 15 ngày. CT áp dụng khi nạp thẻ online qua các ví điện tử, ứng dụng thanh toán hoặc tại https://km.vtmoney.vn/314y/kmdaitra. Chi tiết gọi 197 bấm phím 19 ([MONEY]). Trân trọng.",0
COM_844,5/7/2026,"[QC] Khám phá Hành trình số My Viettel ngay hôm nay và săn giải đặc biệt trị giá [MONEY] đồng cùng cơ hội rinh hàng loạt voucher từ các thương hiệu Shopee, Grab, Golden Gate… Tham gia tại https://viettel.vn/Hanhtrinhso . Chi tiết LH 198 ([MONEY]). Từ chối QC, soạn TC3 gửi 199.",0
COM_845,5/7/2026,"Ban co the qua NAP DIEN THOAI MIEN PHI [MONEY] trong MoMo, het han 31/1. Mo Vi > UU DAI > QUA CUA TOI dung ngay!",0
COM_846,5/7/2026,"[TB] TẾT 5G - NẠP THẺ ĐỦ ĐẦY - DATA XÀI NGAY!
Tặng 20% giá trị tất cả thẻ nạp vào tài khoản viễn thông trong ngày [DATE]. Tiền KM sử dụng truy cập Internet trong 15 ngày. Nạp thẻ online tại các ví điện tử, ứng dụng thanh toán hoặc tại https://viettel.vn/naptienkm . Chi tiết gọi 197 bấm phím 19 ([MONEY]). Trân trọng.",0
COM_847,5/7/2026,"[TB] Tien ich Loi nhan thoai cua Viettel: Quy khach co cuoc goi nho tu TB [NUMBER] vao luc [TIME] [DATE]. De nghe loi nhan thoai, vui long bam goi [NUMBER] (mien phi).",0
COM_849,5/7/2026,"Ban co [MONEY] qua Nap Dien Thoai & [MONEY] qua khac trong MoMo, het han 31/1. Mo Vi > UU DAI > QUA CUA TOI dung ngay!",0
COM_850,5/7/2026,"[TB] CHUẨN BỊ DATA ĐÓN TẾT!
1. Soạn TET5G gửi 191: Chỉ [MONEY]/5 ngày có 25GB (5GB/ngày), miễn phí gọi điện, SMS nội mạng, xem truyền hình, giải trí Tết chất lượng [MONEY] trên [NUMBER]
2. Soạn ST15K gửi 191: Chỉ [MONEY]/3 ngày có 3GB
Chi tiết gói xem tại https://viettel.vn/tst1 . LH 198 ([MONEY]).",0
COM_851,5/7/2026,SDTK [NUMBER] den [TIME] ngay [DATE] la [MONEY]. GD moi nhat: -[MONEY]: THU PHI QUAN LY TAI KHOAN KHONG HOAT DONG THANG 1 NAM [NUMBER].,0
COM_852,5/7/2026,"[TB] Tien ich Loi nhan thoai cua Viettel: Quy khach co cuoc goi nho tu TB [NUMBER] vao luc [TIME] [DATE]. De nghe loi nhan thoai, vui long bam goi [NUMBER] (mien phi).",0
COM_853,5/7/2026,"<#> [NUMBER] là mã Facebook của bạn
Laz+nxCarLW",0
COM_854,5/7/2026,"DV Nhac cho Imuzik da huy do het CTKM trai nghiem mien phi 30 ngay. Quy khach duoc giam 50% cuoc thue bao thang dau va tai khong gioi han nhac cho. Moi quy khach soan GC5 gui [NUMBER] de dang ky lai DV (chi [MONEY]/thang dau tien, sau KM, phi DV [MONEY]/thang), DV gia han hang thang. De cap nhat cac ban nhac cho moi nhat, truy cap https://imuzik.vn (mien cuoc data) hoac goi [NUMBER] ([MONEY]/p). Chi tiet soan HD gui [NUMBER] hoac lien he 198 (mien phi). Tran trong.",0
COM_855,5/7/2026,"Quy khach duoc tham gia trai nghiem mien phi 30 ngay DV Thong bao cuoc goi nho MCA. DV giup Quy khach biet duoc cac cuoc goi den so thue bao cua minh trong luc tat may, het pin. DV se tu huy sau khi ket thuc chuong trinh. Neu khong co nhu cau su dung, soan HUY gui 193. Chi tiet LH 198 (mien phi)",0
COM_856,5/7/2026,"[TB] Nhân dịp Xuân Ất Tỵ [NUMBER], Viettel kính chúc Quý khách Vạn sự như ý, An khang thịnh vượng. Trân trọng cảm ơn Quý khách đã luôn đồng hành cùng Viettel và rất mong được tiếp tục phục vụ trong thời gian tới.",0
COM_857,5/7/2026,"[TB] Tien ich Loi nhan thoai cua Viettel: Quy khach co loi nhan tu TB [NUMBER] vao luc [TIME] [DATE]. Voi noi dung: Có.. De nghe loi nhan thoai, vui long bam goi [NUMBER] (mien phi).",0
COM_858,5/7/2026,"[QC] ĐỔI MẬT KHẨU WIFI VÀ KHỞI ĐỘNG LẠI MODEM đơn giản, dễ dàng với tính năng quản lý modem wifi trên MY VIETTEL. Mời Quý khách trải nghiệm tại http://viettel.vn/doimatkhauwifi . Chi tiết LH [NUMBER] ([MONEY]). Từ chối QC, soạn TC3 gửi 199.",0
COM_861,5/7/2026,"[QC] Vay ngan ngay - giai ngan sieu toc den [MONEY] dong chi can CCCD. Tra gop 30-45 ngay. Dang ky online voi Viettel Money: https://viettelmoney.go.link/8EWu8 .Chi tiet LH [NUMBER] ([MONEY]). Tu choi QC, soan TC3, gui 199.",0
COM_862,5/7/2026,"[TB] NẠP THẺ ĐỦ ĐẦY - DATA XÀI NGAY!
Tặng 20% giá trị tất cả thẻ nạp vào tài khoản viễn thông trong ngày [DATE]. Tiền KM sử dụng truy cập Internet trong 15 ngày. Nạp thẻ online tại các ví điện tử, ứng dụng thanh toán hoặc tại https://vtmoney.onelink.me/314y/km3 . Chi tiết gọi 197 bấm phím 19 ([MONEY]). Trân trọng.",0
COM_863,5/7/2026,ZaloPay: [NUMBER] la ma OTP dang nhap Zalopay. OTP het han trong [TIME]. KHONG CHIA SE MA OTP VOI BAT KI AI. Lien he [NUMBER] neu ban KHONG YEU CAU,0
COM_864,5/7/2026,"Không có nội dung gì hết nữa chứ, hú hồn mẹ",0
COM_865,5/7/2026,À Hải bảo chuyển á giờ t mới nhớ =)))),0
COM_866,5/7/2026,"Thức cho lắm, muốn sống đến năm nhiêu tuổi nói luôn t chuẩn bị tiền phúng điếu, ngủ đi",0
COM_868,5/7/2026,"[QC] Gói cước mới, tính năng mới! Khách hàng tự thiết kế gói cước với ưu đãi phút gọi, data và các dịch vụ tiện ích chỉ với [MONEY]/7 ngày. Trải nghiệm ngay trên ứng dụng My Viettel tại https://viettel.vn/diy. Chi tiết LH 198 ([MONEY]). Từ chối QC, soạn TC3 gửi 199.",0
COM_869,5/7/2026,"[TB] LƯỚT MẠNG THẢ GA - XEM TV MIỄN PHÍ
Soạn TV95K gửi 191: Chỉ [MONEY]/30 ngày có 45GB (1,5GB/ngày) và miễn phí xem [NUMBER].
Gói cước gia hạn sau 30 ngày. LH 198 ([MONEY]).",0
COM_870,5/7/2026,"[QC] 3h00 ngày 13/2, đại chiến giữa AS Monaco và Benfica: Ai sẽ giành được chiến thắng?
Đón xem trận độc quyền vòng loại trực tiếp giải C1 trên [NUMBER] tại https://tv360.vn/ . Chi tiết LH 198 ([MONEY]). Từ chối QC, soạn TC4 gửi 199.",0
COM_871,5/7/2026,"Viettel TB: Quý khách đã sử dụng hết lưu lượng data trong ngày của gói 3TV95K. Để mua thêm, truy cập https://viettel.vn/goidata hoặc bấm gọi *098#. Chi tiết LH 198 ([MONEY]). Trân trọng.",0
COM_872,5/7/2026,"[TB] HẾT GÌ THÌ HẾT - ĐỪNG HẾT DATA!
1. Soạn ST5K gửi 191: [MONEY]/ngày có 500MB
2. Soạn ST10K gửi 191: [MONEY]/ngày có 2GB
Chi tiết gói cước tại https://viettel.vn/s/dt2. 
Đặc biệt: Truy cập https://myvt.page.link/ST5KM để mua gói ưu đãi 1GB với giá [MONEY]. LH 198 ([MONEY]).",0
COM_873,5/7/2026,"[TB] NẠP THẺ ONLINE - DATA XÀI NGAY!
Tặng 20% giá trị tất cả thẻ nạp vào tài khoản viễn thông trong ngày [DATE]. Tiền KM sử dụng TRUY CẬP INTERNET trong 15 ngày. CT áp dụng khi nạp thẻ online qua các ví điện tử, ứng dụng thanh toán hoặc tại https://km.vtmoney.vn/314y/kmdaitra. Chi tiết gọi 197 bấm phím 19 ([MONEY]). Trân trọng.",0
COM_874,5/7/2026,"[QC] CHÀO [NUMBER]! Viettel gửi tặng Quý khách 30 ngày trải nghiệm miễn phí DV iSign Plus - cho phép thiết lập mỗi cuộc gọi kèm một tin nhắn hiển thị tự động giúp NHẬN DIỆN CUỘC GỌI DỄ DÀNG, NHANH CHÓNG!
Soạn DK8 gửi [NUMBER] để đăng ký ngay, DV không tự động gia hạn.
Chi tiết truy cập https://isignplus.vn hoặc LH 198 ([MONEY]). Từ chối QC, soạn TC4 gửi 199.",0
COM_876,5/7/2026,"[QC] 3h00 ngày 19/2, Bayern Munich - Celtic: Liệu Celtic có thể tạo lên phép màu ở sân khách?
Đón xem trận đấu độc quyền tại vòng loại trực tiếp lượt về giải C1 trên [NUMBER] tại https://tv360.vn/ . Chi tiết LH 198 ([MONEY]). Từ chối QC, soạn TC4 gửi 199.",0
COM_877,5/7/2026,"[TB] Bộ Công an cảnh báo: Xuất hiện tình trạng tội phạm lợi dụng các hình ảnh, video của người dân được công khai trên không gian mạng để chỉnh sửa, cắt, ghép tạo nội dung nhạy cảm nhằm đe doạ, tống tiền. Khuyến cáo người dân: Cảnh giác khi nhận được các tin nhắn, cuộc gọi có nội dung như trên; Không chuyển tiền khi bị đe dọa; Khi phát hiện dấu hiệu bị lừa đảo, cưỡng đoạt tài sản cần nhanh chóng trình báo Cơ quan Công an nơi gần nhất và phản ánh qua ứng dụng VNeID.",0
COM_878,5/7/2026,"Đăng ký nhận [MONEY], chơi game ngắm gái đẹp, website: https://[NUMBER].vip",0
COM_879,5/7/2026,"[TB] Viettel kính mời Quý khách bật chế độ VoLTE trên máy điện thoại để sử dụng dịch vụ thoại chất lượng cao trên hạ tầng 4G - thoại Volte (cước như cuộc gọi thông thường, xem hướng dẫn tại https://viettel.vn/volte). Chi tiết LH 198 ([MONEY]). Trân trọng.",0
COM_880,5/7/2026,"Quy khach co don hang [NUMBER] (tien COD: [MONEY]) gui tu Kho Online Non Son - TONG KHO [NUMBER] da duoc phan cong cho nhan vien [NAME] [NUMBER] di giao. So dien thoai lien he den quy khach de giao hang la so tong dai VIETTELPOST [NUMBER]. Quy khach vui long nhan cuoc goi va truy cap vao yk.vtp.vn/S/82wn43aBftEsBuwlfJyarA de xac nhan dia chi nhan hang.
Hotline: [NUMBER].[NUMBER]",0
COM_881,5/7/2026,"Quy khach co don hang [NUMBER] (tien COD: [MONEY]) gui tu Kho Online Non Son - TONG KHO [NUMBER] da duoc nhan vien VIETTELPOST [NAME] [NUMBER]/ [NUMBER] giao thanh cong. Quy khach vui long danh gia chat luong dich vu cua Viettel Post tai yk.vtp.vn/S/lf4lOiuORhiW90JgoF_SmA
Hotline: [NUMBER]",0
COM_882,5/7/2026,"[TB] NẠP THẺ ĐỦ ĐẦY - DATA XÀI NGAY!
Tặng 20% giá trị tất cả thẻ nạp vào tài khoản viễn thông trong ngày [DATE]. Tiền KM sử dụng truy cập Internet trong 15 ngày. Nạp thẻ online tại các ví điện tử, ứng dụng thanh toán hoặc tại https://viettel.vn/naptienkm . Chi tiết gọi 197 bấm phím 19 ([MONEY]). Trân trọng.",0
COM_884,5/7/2026,SDTK [NUMBER] den [TIME] ngay [DATE] la [MONEY]. GD moi nhat: -[MONEY]: THU PHI QUAN LY TAI KHOAN KHONG HOAT DONG THANG 2 NAM [NUMBER].,0
COM_885,5/7/2026,"Chuong trinh trai nghiem mien phi 30 ngay DV Thong bao cuoc goi nho MCA da ket thuc. He thong da huy DV MCA cho Quy khach. De tiep tuc su dung DV, Quy khach vui long soan KM5 gui 193 (giam 50% cuoc dang ky chi con [MONEY]/30 ngay dau tien, cac thang tiep theo cuoc DV [MONEY]/30 ngay, gia han sau 30 ngay). Chi tiet LH 198 (mien phi).",0
COM_886,5/7/2026,"[QC] Tặng voucher di chuyển từ Be khi mua gói SD30S. Phí gói [MONEY]/7 ngày có tối đa 2GB/ngày. CT áp dụng đến [DATE] cho Khách hàng mua gói tại https://myvt.page.link/SD30S. Chi tiết LH 198 ([MONEY]). Từ chối QC, soạn TC3 gửi 199.",0
COM_887,5/7/2026,"[QC] Vay ngan ngay - giai ngan sieu toc den [MONEY] dong chi can CCCD. Tra gop 30-45 ngay. Dang ky online voi Viettel Money: https://viettelmoney.go.link/bY18O .Chi tiet LH [NUMBER] ([MONEY]). Tu choi QC, soan TC3, gui 199.",0
COM_888,5/7/2026,"[QC] Độc quyền trên [NUMBER]: Siêu đại chiến vòng 16 giải bóng đá cúp C1. Đừng bỏ lỡ các trận đấu đỉnh cao lúc 3h00 ngày 05/03: Real Madrid - Atletico Madrid; Dortmund - LOSC Lille.
Soạn DK SP gửi [NUMBER] ([MONEY]/30 ngày) hoặc DK VIP gửi [NUMBER] ([MONEY]/30 ngày) để xem các trận đấu C1 độc quyền, phim bom tấn và chương trình giải trí khác trên [NUMBER] với Data 4G/5G tốc độ cao từ Viettel tại https://tv360.vn/ . Gói cước gia hạn sau 30 ngày. LH 198 ([MONEY]). Từ chối QC soạn TC4 gửi 199.",0
COM_889,5/7/2026,"[QC] 3h00 ngày 5/3: Nội chiến máu lửa tại Champions League - Madrid chỉ có một ông vua!
Đón xem trận độc quyền vòng 1/8 giải bóng đá cúp C1 giữa Real Madrid và Aletico Madrid trên [NUMBER] tại https://tv360.vn/ . Chi tiết LH 198 ([MONEY]). Từ chối QC, soạn TC4 gửi 199.",0
COM_891,5/7/2026,"Quy khach duoc cong them [POINT] Viettel++ boi giao dich Tieu dung vien thong thang 02/[NUMBER]. Thoi han su dung diem den [DATE]. Hay truy cap https://myvt.page.link/vtplus tren My Viettel hoac *098# de doi diem sang Data, SMS, Phut goi cung nhieu uu dai gia tri khac. Chi tiet LH 198. Tran trong.",0
COM_892,5/7/2026,So tien Quy khach thanh toan truoc cho account t008_ftth_thanglq24 DV Ftth Viettel se het vao thang nay. De tiep tuc dong cuoc truoc huong chiet khau ngay 2.5% truy cap https://viettel.vn/ttcd. Vui long bo qua tin nhan nay neu quy khach da dong cuoc. LH [NUMBER] ([MONEY]).,0
COM_893,5/7/2026,"[TB] GÓI CƯỚC MỚI, GIÁ SIÊU HỜI!
1. Soạn ST7K gửi 191: [MONEY]/ngày có 1GB
2. Soạn 5G10 gửi 191: [MONEY]/ngày có 6GB
Ưu đãi sử dụng đến [TIME] ngày đăng ký. Các gói cước gia hạn theo ngày. Chi tiết LH 198 ([MONEY]).",0
COM_894,5/7/2026,"[TB] DATA THẢ GA, CHỈ TỪ [MONEY]!
1. Soạn ST7K gửi 191: [MONEY]/ngày có 1GB
2. Soạn 5G10 gửi 191: [MONEY]/ngày có 6GB
Ưu đãi sử dụng đến [TIME] ngày đăng ký. Các gói cước gia hạn theo ngày. Chi tiết LH 198 ([MONEY]).",0
COM_895,5/7/2026,"[TB] MUA DATA SIÊU TỐC - MIỄN PHÍ GỌI ĐIỆN
Soạn SD70 gửi 191: Chỉ [MONEY]/30 ngày có 30GB data (1GB/ngày). Gói cước gia hạn sau 30 ngày. Đặc biệt, MIỄN PHÍ [TIME] gọi nội mạng khi Quý khách tham gia gói trước ngày 01/04.
CT dành riêng cho Quý khách. LH 198 ([MONEY]).",0
COM_896,5/7/2026,"[TB] NẠP THẺ ĐỦ ĐẦY - DATA XÀI NGAY!
Tặng 20% giá trị tất cả thẻ nạp vào tài khoản viễn thông trong ngày [DATE]. Tiền KM sử dụng truy cập Internet trong 15 ngày. Nạp thẻ online tại các ví điện tử, ứng dụng thanh toán hoặc tại https://viettel.vn/naptienkm . Chi tiết gọi 197 bấm phím 19 ([MONEY]). Trân trọng.",0
COM_897,5/7/2026,Quy khach ([NUMBER]): Dong truoc [MONEY] (dong 6 tang thang). Phi DV [MONEY]. Tra cuu tai https://myvt.page.link/myviettel. Tran trong.,0
COM_898,5/7/2026,"[TB] NẠP THẺ ONLINE - DATA XÀI NGAY!
Tặng 20% giá trị tất cả thẻ nạp vào tài khoản viễn thông trong ngày [DATE]. Tiền KM sử dụng TRUY CẬP INTERNET trong 15 ngày. CT áp dụng khi nạp thẻ online qua các ví điện tử, ứng dụng thanh toán hoặc tại https://viettel.vn/pay/tt . Chi tiết gọi 197 bấm phím 19 ([MONEY]). Trân trọng.",0
COM_899,5/7/2026,"[KHAO SAT] VIETTEL kinh moi Quy khach danh gia chat luong dich vu: Quy khach co san sang gioi thieu dich vu INTERNET WIFI cua VIETTEL voi nguoi than va ban be? Vui long nhap so diem tu 0 den 10 (1-6: khong gioi thieu, 7-8: co kha nang gioi thieu, 9-10: san sang gioi thieu) va phan hoi lai tin nhan nay (mien phi).",0
COM_902,5/7/2026,"[TB] NẠP THẺ ĐỦ ĐẦY - DATA XÀI NGAY!
Tặng 20% giá trị tất cả thẻ nạp vào tài khoản viễn thông trong ngày [DATE]. Tiền KM sử dụng truy cập Internet trong 15 ngày. Nạp thẻ online tại các ví điện tử, ứng dụng thanh toán hoặc tại https://viettel.vn/naptienkm . Chi tiết gọi 197 bấm phím 19 ([MONEY]). Trân trọng.",0
COM_903,5/7/2026,"[QC] Dành tặng Quý khách ưu đãi tháng 3! iPhone 16 Pro Max 256GB chỉ còn [MONEY]; Samsung Galaxy S25 Ultra chỉ từ [MONEY]; Redmi Note 14 Series chỉ từ [MONEY]; Oppo Reno13 F chỉ [MONEY] và giảm thêm đến [MONEY]; Tecno camon 30s chỉ [MONEY]; HONOR X5b (4+64GB) chỉ [MONEY]; TCL 505 (4+128GB) chỉ [MONEY]. CT áp dụng đến 31/3 tại Viettel Store. Chi tiết truy cập https://m.viettelstore.vn hoặc LH [NUMBER] ([MONEY]). Từ chối QC, soạn TC3 gửi 199.",0
COM_904,5/7/2026,"Viettel TB: Từ ngày [DATE], gói 3TV95K sẽ kết thúc. Để biết các ưu đãi dành riêng cho Quý khách, truy cập https://viettel.vn/goidata hoặc bấm gọi *098#. Chi tiết LH 198 ([MONEY]). Trân trọng.",0
COM_905,5/7/2026,"Viettel TB: Gói 3TV95K đã kết thúc. Để biết ưu đãi dành riêng cho Quý khách, truy cập https://viettel.vn/goidata hoặc bấm gọi *098#. Chi tiết LH 198 ([MONEY]). Trân trọng.",0
COM_906,5/7/2026,"Nhap ma OTP 3425 de xac thuc Dang nhap tren ung dung My Viettel. Ma OTP se het han sau 5p. Chi tiet LH [NUMBER] ([MONEY]) hoac truy cap https://viettel.vn/app. De dam bao an toan cho tai khoan cua Quy khach, vui long khong chia se ma xac thuc nay voi bat ky ai.",0
COM_907,5/7/2026,"Quy khach la hoi vien Tiem nang chuong trinh Viettel++ chu ky tu [DATE] den [DATE]. Hien tai Quy khach co 1.[POINT] xet hang va 1.[POINT] tieu dung. De biet chi tiet, vui long truy cap https://vietteltelecom.vn/vtplus hoac LH 198 ([MONEY]). Tran trong.",0
COM_908,5/7/2026,"Luu luong con lai cua Quy khach la:
[NUMBER] MB (ST5KM) truy cap Internet den 00h00 ngay [NUMBER].
Xin Quy khach luu y: Ngat ket noi internet truoc khi thuc hien tra cuu. LH 198 ([MONEY]). Tran trong.",0
COM_909,5/7/2026,G-[NUMBER] is your Google verification code. Don't share your code with anyone.,0
COM_910,5/7/2026,"[TB] TIKTOK, YOUTUBE, FACEBOOK THẢ GA!
Soạn [NUMBER] gửi 191: [MONEY]/30 ngày có 30GB (1GB/ngày), miễn phí gọi điện, data truy cập TikTok, YouTube, Facebook và nhắn tin Messenger (tối đa 50GB/hướng sử dụng).
Chi tiết truy cập https://viettel.vn/s/[NUMBER] . Gói cước gia hạn sau 30 ngày.
CT dành riêng cho Quý khách. LH 198 ([MONEY]).",0
COM_911,5/7/2026,[TB] Mời Quý khách cập nhật thông tin thuê bao chính chủ theo Căn cước công dân mới dễ dàng và nhanh chóng trên My Viettel tại http://viettel.vn/thaydoigiayto. Chi tiết LH 198 ([MONEY]). Trân trọng.,0
COM_912,5/7/2026,"[QC] Tặng voucher di chuyển từ Be trị giá đến [MONEY] khi mua gói SD30S. Phí gói [MONEY]/7 ngày có tối đa 2GB/ngày. CT áp dụng đến [DATE] cho khách hàng mua gói tại https://myviettel.go.link/8PinC. Chi tiết LH 198 ([MONEY]). Từ chối QC, soạn TC3 gửi 199.",0
COM_913,5/7/2026,"[QC] TNEX cung cấp dịch vụ cho vay nhanh đến [MONEY] đồng, lãi suất ưu đãi, kỳ hạn linh hoạt. Đăng ký ngay tại https://viettel.vn/s/TNEXSMS1 . Sản phẩm được cung cấp bởi công ty Tài chính trách nhiệm hữu hạn một thành viên TNEX. Chi tiết LH [NUMBER] ([MONEY]). Từ chối QC, soạn TC7 VT_MALL gửi 197.",0
COM_915,5/7/2026,"[QC] Mở thẻ tín dụng VIB hạn mức đến [MONEY] đồng, đăng ký 100% online. Miễn phí thường niên và phí rút tiền mặt. Tận hưởng ưu đãi đến 40% từ hệ sinh thái Privileges của VIB tại các thương hiệu hàng đầu Việt Nam. Đăng ký tại https://viettel.vn/vibsms4 hoặc LH [NUMBER] ([MONEY]/p) để được tư vấn. Từ chối QC, soạn TC7 VT_MALL gửi 197.",0
COM_916,5/7/2026,"Tai khoan cua Quy khach sap het. Soan:
1 gui 211 de cong [TIME] noi mang ([MONEY]/p), su dung trong 7 ngay
2 gui 211 de cong [TIME] ngoai mang ([MONEY]/p), su dung trong 7 ngay
3 gui 211 de cong 15 tin nhan noi mang ([MONEY]/tin), su dung trong 7 ngay
Chi tiet LH 198 (mien phi).",0
COM_918,5/7/2026,"[TB] NAP THE ONLINE - CO THEM UU DAI 
Tang 35% gia tri tat ca the nap vao tai khoan vien thong trong ngay [DATE] (20% de truy cap Internet, 15% de goi va nhan tin noi mang). Tien KM su dung trong 15 ngay. 
CT ap dung cho thue bao nhan duoc tin nhan va nap the online qua cac vi dien tu, ung dung thanh toan hoac tai https://viettel.vn/naptienkm . LH 198 ([MONEY]).",0
COM_919,5/7/2026,"[QC] TRỰC TIẾP VÀ ĐỘC QUYỀN phát trên [NUMBER] vào 02h00 ngày 9/4: Arsenal - Real Madrid!
Đón xem trận cầu tâm điểm nhất của vòng tứ kết lượt đi giải C1 tại https://tv360.vn/ . Chi tiết LH [NUMBER] ([MONEY]) hoặc quan tâm Zalo OA [NUMBER] tại https://zalo.me/tv360official . Từ chối QC, soạn TC4 gửi 199.",0
COM_920,5/7/2026,"[TB] NẠP THẺ ĐỦ ĐẦY - DATA XÀI NGAY!
Tặng 20% giá trị tất cả thẻ nạp vào tài khoản viễn thông trong ngày [DATE]. Tiền KM sử dụng truy cập Internet trong 15 ngày. Nạp thẻ online tại các ví điện tử, ứng dụng thanh toán hoặc tại https://viettel.vn/naptienkm . Chi tiết gọi 197 bấm phím 19 ([MONEY]). Trân trọng.",0
COM_921,5/7/2026,"[QC] Trợ lý cuộc gọi VCall ID - Cảnh báo cuộc gọi làm phiền đã chính thức ra mắt trên My Viettel, giúp Bạn kiểm soát cuộc gọi, nói không với quảng cáo. Cài đặt và cập nhật tính năng ngay tại https://vietteltelecom.vn/vcall. Chi tiết LH 198 ([MONEY]). Từ chối QC, soạn TC3 gửi 199.",0
COM_922,5/7/2026,"[TB] NẠP THẺ ONLINE - CÓ THÊM ƯU ĐÃI
Tặng 35% giá trị tất cả thẻ nạp (20% để truy cập Internet, 15% để gọi và nhắn tin nội mạng) khi nạp tiền vào tài khoản viễn thông trong ngày 11/04. Tiền KM sử dụng trong 15 ngày. 
CT áp dụng khi nạp thẻ ONLINE qua các ví điện tử, ứng dụng thanh toán hoặc tại https://viettel.vn/naptienkm cho thuê bao nhận được tin nhắn. LH 198 ([MONEY]).",0
COM_923,5/7/2026,"[TB] NẠP THẺ ONLINE - DATA XÀI NGAY!
Tặng 20% giá trị tất cả thẻ nạp vào tài khoản viễn thông trong ngày [DATE]. Tiền KM sử dụng TRUY CẬP INTERNET trong 15 ngày. CT áp dụng khi nạp thẻ online qua các ví điện tử, ứng dụng thanh toán hoặc tại https://viettel.vn/pay/tt . Chi tiết gọi 197 bấm phím 19 ([MONEY]). Trân trọng.",0
COM_924,5/7/2026,"[TB] GÓI 5G MỚI, ƯU ĐÃI CỰC HỜI!
1. Soạn ST7K gửi 191: [MONEY] có 1GB
2. Soạn 5G10 gửi 191: [MONEY] có 6GB
Ưu đãi sử dụng đến [TIME] ngày đăng ký. Các gói cước gia hạn theo ngày. Chi tiết LH 198 ([MONEY]).",0
COM_925,5/7/2026,"[TB] ƯU ĐÃI DÀNH CHO KHÁCH HÀNG MỚI!
Soạn 3N gửi 191: [MONEY]/3 ngày (giá gốc [MONEY]) có 15GB (5GB/ngày), 15p gọi ngoại mạng, miễn phí 10p/cuộc gọi nội mạng, SMS nội mạng và [NUMBER]. Gói cước gia hạn với giá gốc sau 3 ngày.
CT áp dụng đến hết 30/04 cho lần đăng ký đầu tiên của Quý khách. LH 198 ([MONEY]).",0
COM_926,5/7/2026,"[TB] Nhân dịp Ngày Sách và Văn hoá đọc Việt Nam lần IV ([DATE]), Bộ VHTTDL kêu gọi các tổ chức, doanh nghiệp và bạn đọc cả nước cùng nhau lan toả tình yêu sách, để mỗi người dân là một đại sứ văn hoá đọc, mỗi gia đình, cộng đồng là một không gian văn hoá đọc, để cùng sách bước vào kỷ nguyên mới, kỷ nguyên vươn mình của dân tộc.",0
COM_927,5/7/2026,Tai khoan cua Quy khach khong du [MONEY] de dang ky goi ST5KM. Quy khach vui long nap them tien de dang ky lai. Chi tiet LH 198 ([MONEY]). Tran trong.,0
COM_928,5/7/2026,"Quy khach da duoc thanh toan [MONEY] tu nhan vien [NUMBER], Ngay GD: [DATE] [TIME]. Ma GD 2504207702210863. LH [NUMBER] ([MONEY]). Tran trong.",0
COM_929,5/7/2026,Quy khach vua nap the thanh cong va duoc khuyen mai 20% gia tri the nap. Bam *102# de kiem tra tai khoan khuyen mai. Tran trong.,0
COM_930,5/7/2026,"Quy khach co [MONEY] trong tai khoan. Bam goi *098*3# de co 3GB voi [MONEY]/3 ngay hoac *098*989# ([MONEY]/3 ngay) co 15GB (5GB/ngay), mien phi [TIME]/cuoc noi mang, [TIME] ngoai mang, SMS noi mang va [NUMBER]. Goi cuoc gia han khi het chu ky. De biet thong tin cac uu dai khac, bam goi *098# hoac truy cap https://vietteltelecom.vn/goidata. Chi tiet LH 198 ([MONEY]). Tran trong.",0
COM_931,5/7/2026,Tin nhan khong hop le. Quy khach vui long goi [NUMBER] (mien phi) hoac truy cap www.vietteltelecom.vn de duoc tro giup. Xin cam on!,0
COM_932,5/7/2026,Tai khoan goc cua ban con duoi [MONEY]! Ban duoc MIEN PHI 100% LUU LUONG DATA khi truy cap App Viettel Money + HOAN TIEN [MONEY] khi nap dien thoai [MONEY] tren Viettel Money. Mo App nap ngay tai https://km.vtmoney.vn/314y/mm1 . Vui long duy tri ket noi mang de dam bao qua trinh truy cap App Viettel Money khong bi gian doan.,0
COM_933,5/7/2026,"[TB] MỪNG ĐẠI LỄ, NHÂN 3 LƯU LƯỢNG!
Soạn HCM50 gửi 191: [MONEY]/5 ngày có 25GB (5GB/ngày). Đặc biệt, tặng thêm 50GB (10GB/ngày) sử dụng tại TP. Hồ Chí Minh nhân dịp 50 năm giải phóng miền Nam, thống nhất đất nước.
Gói cước được miễn phí gọi điện, SMS nội mạng và xem [NUMBER] (chi tiết tại https://viettel.vn/HCM50).
CT áp dụng đến ngày [DATE]. LH 198 ([MONEY]).",0
COM_934,5/7/2026,"[TB] ĐẠI LỄ 50 NĂM - VIETTEL TẶNG 50%!
Khuyến mại 50% giá trị tất cả thẻ nạp trong ngày [DATE]: 20% sử dụng truy cập Internet trong 15 ngày, 30% sử dụng gọi và nhắn tin nội mạng trong 5 ngày. Nạp thẻ online tại https://viettel.vn/naptienkm . Chi tiết gọi 197 bấm phím 19 ([MONEY]). Trân trọng.",0
COM_935,5/7/2026,"Ban co [MONEY] qua Nap Dien Thoai & [MONEY] qua khac trong MoMo, het han 30/4. Mo Vi > UU DAI > QUA CUA TOI dung ngay!",0
COM_936,5/7/2026,"[TB] NẠP THẺ TẶNG TIỀN - DÙNG LIỀN DATA!
Tặng 20% giá trị tất cả thẻ nạp vào tài khoản viễn thông trong ngày 26/04. Tiền KM sử dụng TRUY CẬP INTERNET trong 15 ngày.
Nạp thẻ online tại các ví điện tử, ứng dụng thanh toán hoặc tại https://viettel.vn/naptienkm .
CT dành riêng cho Quý khách. LH 198 ([MONEY]).",0
COM_937,5/7/2026,"Ban co the qua NAP DIEN THOAI MIEN PHI [MONEY] trong MoMo, het han 30/4. Mo Vi > UU DAI > QUA CUA TOI dung ngay!",0
COM_938,5/7/2026,"[TB] 5G: MUA 2 TẶNG 1 - MỪNG 50 NĂM ĐẠI THẮNG!
Soạn 5G70 gửi 191: [MONEY]/7 ngày có 8GB/ngày.
Đặc biệt: Từ 28/4 - 5/5, mua 2 lần gói 5G70 sẽ được tặng 1 lần đăng ký miễn phí. Quà tặng được áp dụng sau khi Quý khách nhận thông báo từ Viettel.
Gói cước gia hạn sau 7 ngày. Chi tiết LH 198 ([MONEY]).",0
COM_939,6/7/2026,[TB] Tang 20% gia tri tat ca the nap trong ngay [DATE]. Tien KM su dung TRUY CAP INTERNET trong 15 ngay. CT danh rieng cho TB cua Quy khach. LH 198 ([MONEY]).,0
COM_940,6/7/2026,"[TB] 5G SIÊU TỐC - THẦN TỐC BỨT PHÁ
Mừng Đại Lễ, Viettel tặng [MONEY] khi đăng ký gói:
1. Soạn 5GLQ190 gửi 191: [MONEY]/30 ngày có 180GB (6GB/ngày)
2. Soạn 5GLQ210 gửi 191: [MONEY]/30 ngày có 180GB (6GB/ngày), miễn phí gọi điện
Gói cước gia hạn sau 30 ngày. Chi tiết gói xem tại https://viettel.vn/5glq.
Tiền KM cộng trong [TIME], dùng để truy cập Internet trong 5 ngày. CT dành riêng cho Quý khách đến hết [DATE]. LH 198 ([MONEY]).",0
COM_941,6/7/2026,"Quy khach da duoc thanh toan [MONEY] tu nhan vien [NUMBER], Ngay GD: [DATE] [TIME]. Ma GD 250430660416739. LH [NUMBER] ([MONEY]). Tran trong.",0
COM_942,6/7/2026,Mang mũ bảo hiểm cho am,0
COM_943,6/7/2026,"Quy khach da duoc thanh toan [MONEY] tu nhan vien [NUMBER], Ngay GD: [DATE] [TIME]. Ma GD 250501673740371. LH [NUMBER] ([MONEY]). Tran trong.",0
COM_944,6/7/2026,Quý khách đã đăng ký thành công gói ST15K: [MONEY]/3 ngày có 3GB. Gói cước gia hạn sau 3 ngày. Truy cập https://viettel.vn/kttk để kiểm tra ưu đãi. Chi tiết LH 198 ([MONEY]). Trân trọng.,0
COM_945,6/7/2026,"Quy khach co [MONEY] trong tai khoan. Bam goi *098*3# de co 3GB voi [MONEY]/3 ngay hoac *098*989# ([MONEY]/3 ngay) co 15GB (5GB/ngay), mien phi [TIME]/cuoc noi mang, [TIME] ngoai mang, SMS noi mang va [NUMBER]. Goi cuoc gia han khi het chu ky. De biet thong tin cac uu dai khac, bam goi *098# hoac truy cap https://vietteltelecom.vn/goidata. Chi tiet LH 198 ([MONEY]). Tran trong.",0
COM_946,6/7/2026,"Tai khoan cua Quy khach sap het. Soan:
1 gui 211 de cong [TIME] noi mang ([MONEY]/p), su dung trong 7 ngay
2 gui 211 de cong [TIME] ngoai mang ([MONEY]/p), su dung trong 7 ngay
3 gui 211 de cong 15 tin nhan noi mang ([MONEY]/tin), su dung trong 7 ngay
Chi tiet LH [NUMBER] (mien phi).",0
COM_947,6/7/2026,"[TB] Tien ich Loi nhan thoai cua Viettel: Quy khach co loi nhan tu TB [NUMBER] vao luc [TIME] [DATE]. Voi noi dung: alo. De nghe loi nhan thoai, vui long bam goi [NUMBER] (mien phi).",0
COM_948,6/7/2026,"Viettel TB: Từ [TIME]-[TIME] ngày [DATE], gói ST15K sẽ gia hạn. Cước phí [MONEY]/3 ngày có 3GB. Quý khách đảm bảo thuê bao hoạt động 2 chiều và đủ tiền để gói cước gia hạn thành công. Để hủy gia hạn, soạn HUY ST15K gửi 191. Đặc biệt: Cập nhật nhiều ưu đãi HOT khi Nạp thẻ/Mua data qua Viettel Money tại https://viettelmoney.go.link/eiCbh. LH 198 ([MONEY]). Trân trọng.",0
COM_949,6/7/2026,"Viettel TB: Gói ST15K gia hạn không thành công. Để biết các ưu đãi khác, truy cập https://viettel.vn/goidata hoặc bấm gọi *098#. Chi tiết LH 198 ([MONEY]). Trân trọng.",0
COM_950,6/7/2026,[TB] Tien ich Loi nhan thoai cua Viettel: Quy khach co cuoc goi nho tu TB [NUMBER] vao luc [TIME] [DATE].,0
COM_951,6/7/2026,"Nhap ma OTP 6286 de xac thuc Dang nhap tren ung dung My Viettel. Ma OTP se het han sau 5p. Chi tiet LH [NUMBER] ([MONEY]) hoac truy cap https://viettel.vn/app. De dam bao an toan cho tai khoan cua Quy khach, vui long khong chia se ma xac thuc nay voi bat ky ai.",0
COM_952,6/7/2026,"Quy khach da duoc thanh toan [MONEY] tu nhan vien [NUMBER], Ngay GD: [DATE] [TIME]. Ma GD 250504619134935. LH [NUMBER] ([MONEY]). Tran trong.",0
COM_953,6/7/2026,"Quý khách đã đăng ký thành công gói ST7K: [MONEY]/ngày có 1GB sử dụng đến [TIME] ngày [DATE]. Truy cập https://viettel.vn/kttk để kiểm tra ưu đãi. Gói cước gia hạn theo ngày. Để hủy gia hạn, soạn HUY ST7K gửi 191. Chi tiết LH 198 ([MONEY]). Trân trọng.",0
COM_954,6/7/2026,"[TB] KHUYẾN MẠI 5G - MỪNG ĐẠI LỄ!
1. Soạn 5G30 gửi 191: [MONEY]/3 ngày có 7GB/ngày
2. Soạn ST7K gửi 191: [MONEY] có 1GB dùng đến [TIME] ngày đăng ký
Đặc biệt: Từ 28/4 - 5/5, mua 2 lần gói 5G30 sẽ được tặng 1 lần đăng ký miễn phí. Quà tặng được áp dụng sau khi Quý khách nhận thông báo từ Viettel.
Các gói cước gia hạn khi hết chu kỳ. Chi tiết LH 198 ([MONEY]).",0
COM_955,6/7/2026,"Moi Quy khach soan tin de tham gia DV Data Plus:
1 gui [NUMBER] de cong 1024MB (cuoc [MONEY], su dung trong vong [TIME] sau khi cong).
2 gui [NUMBER] de cong 500MB (cuoc [MONEY], su dung trong vong [TIME] sau khi cong).
Tin nhan co hieu luc trong [TIME]. Chi tiet LH [NUMBER] (mien phi).",0
COM_956,6/7/2026,"Viettel TB: Gói ST7K gia hạn không thành công. Để biết các ưu đãi khác, truy cập https://viettel.vn/goidata hoặc bấm gọi *098#. Chi tiết LH 198 ([MONEY]). Trân trọng.",0
COM_957,6/7/2026,"[TB] Quy khach da dang ky thanh cong goi ST7K tren ung dung My Viettel ngay [DATE] va duoc tang 01 ma uu dai giam 25% toi da [MONEY] cho beBike, 01 ma uu dai giam 15% toi da [MONEY] cho beCar. Quy khach truy cap link https://begroup.onelink.me/ZOqn/Viettel100k, bam chon DANG KY NGAY. Ma uu dai se duoc cap nhat tai muc Uu dai cua toi tren ung dung BE trong vong [TIME]. Chi tiet LH 198 ([MONEY]). Tran trong!",0
COM_958,6/7/2026,"[TB] Thành phố khuyến nghị cơ quan, tổ chức khẩn trương thực hiện việc đăng ký tài khoản định danh điện tử cho đơn vị để sớm hưởng những tiện ích, kết nối được với các thông tin hữu ích của định danh điện tử đem lại.",0
COM_959,6/7/2026,"[CẢNH BÁO] Xuất hiện tình trạng tội phạm tạo lập các website, facebook giả mạo trường đại học, trung tâm đào tạo, quảng cáo khóa huấn luyện, học kỳ/trại hè quân đội, công an... cho trẻ em nhằm tiếp cận phụ huynh có nhu cầu và dụ dỗ nộp tiền tham gia để chiếm đoạt tài sản. Khuyến cáo người dân: Nâng cao cảnh giác, chỉ đăng ký tham gia và chuyển tiền khi đã tìm hiểu rõ thông tin của đơn vị tổ chức. Khi phát hiện dấu hiệu bị lừa đảo chiếm đoạt tài sản, cần nhanh chóng trình báo Cơ quan Công an nơi gần nhất và phản ánh qua ứng dụng VNeID.",0
COM_960,6/7/2026,"VNeID: Ma OTP 208193 co hieu luc trong [TIME], su dung de xac thuc cho yeu cau dang ky tai khoan. Vi ly do bao mat, tuyet doi khong duoc cung cap ma OTP nay cho bat ky ai. Tran trong!",0
COM_961,6/7/2026,"[QC] TRANG BỊ MIỄN PHÍ 04 CAMERA TRONG NHÀ khi Khách hàng Internet Viettel đăng ký DV Home Camera: Phí lắp đặt chỉ từ [MONEY]/camera, lưu trữ Cloud chỉ từ [MONEY]/tháng/camera. Truy cập https://www.viettel.vn/camera hoặc LH [NUMBER] ([MONEY]) để biết chi tiết và đăng ký DV. Từ chối QC, soạn TC3 gửi 199.",0
COM_963,6/7/2026,"Quy khach da duoc thanh toan [MONEY] tu nhan vien [NUMBER], Ngay GD: [DATE] [TIME]. Ma GD 250507670385927. LH [NUMBER] ([MONEY]). Tran trong.",0
COM_964,6/7/2026,"Quy khach co [MONEY] trong tai khoan. Bam goi *098*3# de co 3GB voi [MONEY]/3 ngay hoac *098*989# ([MONEY]/3 ngay) co 15GB (5GB/ngay), mien phi [TIME]/cuoc noi mang, [TIME] ngoai mang, SMS noi mang va [NUMBER]. Goi cuoc gia han khi het chu ky. De biet thong tin cac uu dai khac, bam goi *098# hoac truy cap https://vietteltelecom.vn/goidata. Chi tiet LH 198 ([MONEY]). Tran trong.",0
COM_965,6/7/2026,"[QC] Tặng 5.[POINT] Viettel++ khi trải nghiệm các tính năng dành riêng cho THUÊ BAO INTERNET: Nâng cấp băng thông, đổi gói cước, hỗ trợ/báo lỗi dịch vụ, quản lý modem wifi từ xa, thay đổi thông tin (số điện thoại, địa chỉ) trên My Viettel tại http://viettel.vn/tienichcodinh. Chi tiết LH [NUMBER] ([MONEY]). Từ chối QC, soạn TC3 gửi 199.",0
COM_966,6/7/2026,"[QC] TẶNG 20.[POINT] VIETTEL++ KHI ĐỔI GÓI CƯỚC INTERNET TRÊN MY VIETTEL. Thao tác nhanh chóng, dễ dàng để nâng cao tốc độ đường truyền tại http://viettel.vn/doigoicodinh. Chi tiết LH [NUMBER] ([MONEY]). Từ chối QC, soạn TC3 gửi 199.",0
COM_967,6/7/2026,"[QC] Ưu đãi Truyền hình Viettel [NUMBER]: Tặng 1 tháng cước DV khi đóng trước cước 12 tháng, khám phá hơn 100 kênh Truyền hình (VTV, SCTV, THVL, HTV,...) chỉ từ [MONEY]/tháng. Đăng ký ngay tại https://vietteltelecom.vn/[NUMBER]. Chi tiết LH [NUMBER] ([MONEY]). Từ chối QC, soạn TC3 gửi 199.",0
COM_968,6/7/2026,"Doi thanh cong [POINT] tieu dung Viettel++ thanh 40 MB Data. Han su dung truoc [DATE]. Tong diem tieu dung con lai trong tai khoan Viettel++ cua Quy khach la 1.[POINT]. De kiem tra lich su doi diem va lua chon uu dai hap dan khac, vui long truy cap https://vietteltelecom.vn/vtplus. Tran trong.",0
COM_969,6/7/2026,"Tai khoan cua Quy khach sap het. Soan:
1 gui 211 de cong [TIME] noi mang ([MONEY]/p), su dung trong 7 ngay
2 gui 211 de cong [TIME] ngoai mang ([MONEY]/p), su dung trong 7 ngay
3 gui 211 de cong 85 tin nhan noi mang ([MONEY]/tin), su dung trong 15 ngay
4 gui 211 de cong 15 tin nhan ngoai mang ([MONEY]/tin), su dung trong 7 ngay
Chi tiet LH [NUMBER] (mien phi).",0
COM_970,6/7/2026,"Doi thanh cong [POINT] tieu dung Viettel++ thanh 40 MB Data. Han su dung truoc [DATE]. Tong diem tieu dung con lai trong tai khoan Viettel++ cua Quy khach la 1.[POINT]. De kiem tra lich su doi diem va lua chon uu dai hap dan khac, vui long truy cap https://vietteltelecom.vn/vtplus. Tran trong.",0
COM_971,6/7/2026,Cuc Canh sat QLHC ve TTXH thong bao: Ho so dang ky tai khoan dinh danh dien tu cua cong dan [NAME] da duoc phe duyet. De nghi truy cap ung dung VNeID hoac dia chi https://vneid.gov.vn de kich hoat tai khoan.,0
COM_972,6/7/2026,"[TB] NẠP THẺ ĐỦ ĐẦY - DATA XÀI NGAY!
Tặng 20% giá trị tất cả thẻ nạp vào tài khoản viễn thông trong ngày [DATE]. Tiền KM sử dụng truy cập Internet trong 15 ngày. Nạp thẻ online tại các ví điện tử, ứng dụng thanh toán hoặc tại https://viettel.vn/naptienkm . Chi tiết gọi 197 bấm phím 19 ([MONEY]). Trân trọng.",0
COM_974,6/7/2026,"Cầu vượt sóng thần ở An Bình, Dĩ An đúng ko ba",0
COM_975,6/7/2026,"[TB] Combo trả sau giá hời V120K: [MONEY]/tháng có 1,5GB/ngày, miễn phí 20p/cuộc nội mạng, 50p ngoại mạng. Gói cước gia hạn theo tháng. Đặc biệt: Đóng trước cước 6 tháng - tặng 1 tháng, 12 tháng - tặng 2 tháng. LH [NUMBER] ([MONEY]) để được hỗ trợ đăng ký.",0
COM_976,6/7/2026,Người ta nói gần bến xe mới miền đông,0
COM_977,6/7/2026,"Quy khach da duoc thanh toan [MONEY] tu nhan vien [NUMBER], Ngay GD: [DATE] [TIME]. Ma GD 2505127717736315. LH [NUMBER] ([MONEY]). Tran trong.",0
COM_978,6/7/2026,"Quy khach co [MONEY] trong tai khoan. Bam goi *098*3# de co 3GB voi [MONEY]/3 ngay hoac *098*989# ([MONEY]/3 ngay) co 15GB (5GB/ngay), mien phi [TIME]/cuoc noi mang, [TIME] ngoai mang, SMS noi mang va [NUMBER]. Goi cuoc gia han khi het chu ky. De biet thong tin cac uu dai khac, bam goi *098# hoac truy cap https://vietteltelecom.vn/goidata. Chi tiet LH 198 ([MONEY]). Tran trong.",0
COM_979,6/7/2026,"[QC] Vay nhanh [TIME] - [MONEY] dong ve tay. Chi can CCCD, tra gop den 24 thang. Lai suat uu dai. Dang ky online voi Viettel Money: https://viettelmoney.go.link/Ngdub .Chi tiet LH [NUMBER] ([MONEY]). Tu choi QC, soan TC3 gui 199.",0
COM_980,6/7/2026,"[TB] DATA CHO MỖI CHUYẾN ĐI!
1. Soạn ST7K gửi 191: [MONEY] có 1GB
2. Soạn 5G10 gửi 191: [MONEY] có 6GB
Ưu đãi sử dụng đến [TIME] ngày đăng ký. Các gói cước gia hạn theo ngày. Chi tiết LH 198 ([MONEY]).",0
COM_981,6/7/2026,"[TB] Tien ich Loi nhan thoai cua Viettel: Quy khach co loi nhan tu TB [NUMBER] vao luc [TIME] [DATE]. Voi noi dung: 123 bê phát mưa lì xì tiền tỷ mỗi ngày liên hệ chăm sóc khách hàng tham gia trang nhuận ngay tiền hưởng lên tới [NUMBER] truy cập ngay [NUMBER] chấm com. De nghe loi nhan thoai, vui long bam goi [NUMBER] (mien phi).",0
COM_982,6/7/2026,"[QC] MUA DATA - NGHE SÁCH NÓI KHÔNG GIỚI HẠN
Soạn VM80 gửi 191 ([MONEY]/30 ngày) có 30GB data tốc độ cao (1GB/ngày), miễn phí nghe toàn bộ nội dung sách nói, truyện kể trên ứng dụng Mydio tại http://mydio.vn. DV gia hạn sau 30 ngày.
Chi tiết LH 198 ([MONEY]). Từ chối QC, soạn TC4 gửi 199.",0
COM_983,6/7/2026,HUYDATA ST15K gửi 191 đây nè ba,0
COM_984,6/7/2026,"[TB] NẠP THẺ ONLINE - DATA XÀI NGAY!
Tặng 20% giá trị tất cả thẻ nạp vào tài khoản viễn thông trong ngày [DATE]. Tiền KM sử dụng TRUY CẬP INTERNET trong 15 ngày. CT áp dụng khi nạp thẻ online qua các ví điện tử, ứng dụng thanh toán hoặc tại https://viettel.vn/pay/tt . Chi tiết gọi 197 bấm phím 19 ([MONEY]). Trân trọng.",0
COM_985,6/7/2026,"VNeID: Ma OTP 143861 co hieu luc trong [TIME], su dung de xac thuc cho yeu cau lay lai mat khau. Vi ly do bao mat, tuyet doi khong duoc cung cap ma OTP nay cho bat ky ai. Tran trong!",0
COM_986,6/7/2026,"Quy khach da duoc thanh toan [MONEY] tu nhan vien [NUMBER], Ngay GD: [DATE] [TIME]. Ma GD 2505197724403335. LH [NUMBER] ([MONEY]). Tran trong.",0
COM_987,6/7/2026,"Nhap ma OTP 7567 de xac thuc Dang nhap tren ung dung My Viettel. Ma OTP se het han sau 5p. Chi tiet LH [NUMBER] ([MONEY]) hoac truy cap https://viettel.vn/app. De dam bao an toan cho tai khoan cua Quy khach, vui long khong chia se ma xac thuc nay voi bat ky ai.",0
COM_988,6/7/2026,"Quy khach co [MONEY] trong tai khoan. Bam goi *098*3# de co 3GB voi [MONEY]/3 ngay hoac *098*989# ([MONEY]/3 ngay) co 15GB (5GB/ngay), mien phi [TIME]/cuoc noi mang, [TIME] ngoai mang, SMS noi mang va [NUMBER]. Goi cuoc gia han khi het chu ky. De biet thong tin cac uu dai khac, bam goi *098# hoac truy cap https://vietteltelecom.vn/goidata. Chi tiet LH 198 ([MONEY]). Tran trong.",0
COM_989,6/7/2026,"Nhap ma OTP 0254 de xac thuc Dang nhap tren ung dung My Viettel. Ma OTP se het han sau 5p. Chi tiet LH [NUMBER] ([MONEY]) hoac truy cap https://viettel.vn/app. De dam bao an toan cho tai khoan cua Quy khach, vui long khong chia se ma xac thuc nay voi bat ky ai.",0
COM_990,6/7/2026,"<#> Mã WhatsApp của bạn: 672-500
Đừng cho ai biết mã này
4sgLq1p5sV6",0
COM_991,6/7/2026,Tuần này hôm nào con rỗi,0
COM_992,6/7/2026,"Quy khach da duoc thanh toan [MONEY] tu nhan vien [NUMBER], Ngay GD: [DATE] [TIME]. Ma GD 250525661647899. LH [NUMBER] ([MONEY]). Tran trong.",0
COM_993,6/7/2026,"Quy khach co [MONEY] trong tai khoan. Bam goi *098*3# de co 3GB voi [MONEY]/3 ngay hoac *098*989# ([MONEY]/3 ngay) co 15GB (5GB/ngay), mien phi [TIME]/cuoc noi mang, [TIME] ngoai mang, SMS noi mang va [NUMBER]. Goi cuoc gia han khi het chu ky. De biet thong tin cac uu dai khac, bam goi *098# hoac truy cap https://vietteltelecom.vn/goidata. Chi tiet LH 198 ([MONEY]). Tran trong.",0
COM_994,6/7/2026,"[TB] NẠP THẺ ĐỦ ĐẦY - DATA XÀI NGAY!
Tặng 20% giá trị tất cả thẻ nạp vào tài khoản viễn thông trong ngày [DATE]. Tiền KM sử dụng truy cập Internet trong 15 ngày. Nạp thẻ online tại các ví điện tử, ứng dụng thanh toán hoặc tại https://viettel.vn/naptienkm . Chi tiết gọi 197 bấm phím 19 ([MONEY]). Trân trọng.",0
COM_995,6/7/2026,"Quy khach co [MONEY] trong tai khoan. Bam goi *098*3# de co 3GB voi [MONEY]/3 ngay hoac *098*989# ([MONEY]/3 ngay) co 15GB (5GB/ngay), mien phi [TIME]/cuoc noi mang, [TIME] ngoai mang, SMS noi mang va [NUMBER]. Goi cuoc gia han khi het chu ky. De biet thong tin cac uu dai khac, bam goi *098# hoac truy cap https://vietteltelecom.vn/goidata. Chi tiet LH 198 ([MONEY]). Tran trong.",0
COM_996,6/7/2026,"Quy khach da duoc thanh toan [MONEY] tu nhan vien [NUMBER], Ngay GD: [DATE] [TIME]. Ma GD 250527690772464. LH [NUMBER] ([MONEY]). Tran trong.",0
COM_997,6/7/2026,"Viettel TB: Từ [TIME]-[TIME] ngày [DATE], gói ST15K sẽ gia hạn. Cước phí [MONEY]/3 ngày có 3GB. Quý khách đảm bảo thuê bao hoạt động 2 chiều và đủ tiền để gói cước gia hạn thành công. Để hủy gia hạn, soạn HUY ST15K gửi 191. Đặc biệt: Cập nhật nhiều ưu đãi HOT khi Nạp thẻ/Mua data qua Viettel Money tại https://viettelmoney.go.link/eiCbh. LH 198 ([MONEY]). Trân trọng.",0
COM_998,6/7/2026,"Doi thanh cong [POINT] tieu dung Viettel++ thanh 40 MB Data. Han su dung truoc [DATE]. Tong diem tieu dung con lai trong tai khoan Viettel++ cua Quy khach la [POINT]. De kiem tra lich su doi diem va lua chon uu dai hap dan khac, vui long truy cap https://vietteltelecom.vn/vtplus. Tran trong.",0
COM_999,6/7/2026,"[TB] Bộ Văn hóa, Thể thao và Du lịch khuyến cáo: Trong thời gian gần đây, tình trạng một số tổ chức, cá nhân, người chuyển tải sản phẩm quảng cáo có ảnh hưởng tham gia hoạt động quảng cáo trên mạng xã hội sai sự thật, làm ảnh hưởng đến quyền lợi của người tiêu dùng. Người dân cần nâng cao cảnh giác đối với các thông tin quảng cáo, đặc biệt là quảng cáo về sữa, thuốc, thực phẩm chức năng, mỹ phẩm... để chọn lọc, đánh giá, kiểm tra chất lượng hàng hóa trước khi quyết định lựa chọn sản phẩm, hàng hóa, dịch vụ.",0
COM_1000,10/7/2026,"Doi thanh cong [POINT] tieu dung Viettel++ thanh 60 MB Data. Han su dung truoc [DATE]. Tong diem tieu dung con lai trong tai khoan Viettel++ cua Quy khach la [POINT]. De kiem tra lich su doi diem va lua chon uu dai hap dan khac, vui long truy cap https://vietteltelecom.vn/vtplus. Tran trong.",0
COM_1002,10/7/2026,"Doi thanh cong [POINT] tieu dung Viettel++ thanh 40 MB Data. Han su dung truoc [DATE]. Tong diem tieu dung con lai trong tai khoan Viettel++ cua Quy khach la [POINT]. De kiem tra lich su doi diem va lua chon uu dai hap dan khac, vui long truy cap https://vietteltelecom.vn/vtplus. Tran trong.",0
COM_1003,10/7/2026,[PUBG] mã: [NUMBER]. có hiệu lực cho [TIME].,0
COM_1004,10/7/2026,"[QC] TẠO TÀI KHOẢN VÀ ĐĂNG NHẬP MY VIETTEL - NHẬN 10.[POINT] VIETTEL++. CT áp dụng cho thuê bao Internet, Truyền hình tạo tài khoản và đăng nhập ứng dụng My Viettel thành công tại https://viettel.vn/dangkytaikhoancd. Chi tiết LH [NUMBER] ([MONEY]). Từ chối QC, soạn TC3 gửi 199.",0
COM_1005,10/7/2026,"[QC] Tham gia chương trình Săn kho báu cùng Viettel trên Zalo tại https://viettel.vn/zalo/sankhobau và nhận ngay hàng ngàn quà tặng hấp dẫn (data, ưu đãi giảm giá…) với tổng giá trị đến 75 tỷ đồng. Chi tiết LH 198 ([MONEY]). Từ chối QC soạn TC3 gửi 199.",0
COM_1007,10/7/2026,"Quy khach duoc cong them 1.[POINT] Viettel++ boi giao dich Tieu dung vien thong thang 05/[NUMBER]. Thoi han su dung diem den [DATE]. Hay truy cap https://vietteltelecom.vn/vtplus tren My Viettel hoac *098# de doi diem sang Data, SMS, Phut goi cung nhieu uu dai gia tri khac. Chi tiet LH 198. Tran trong.",0
COM_1008,10/7/2026,"Quy khach da duoc thanh toan [MONEY] tu nhan vien [NUMBER], Ngay GD: [DATE] [TIME]. Ma GD 250606639203713. LH [NUMBER] ([MONEY]). Tran trong.",0
COM_1009,10/7/2026,"Quy khach co [MONEY] trong tai khoan. Bam goi *098*3# de co 3GB voi [MONEY]/3 ngay hoac *098*989# ([MONEY]/3 ngay) co 15GB (5GB/ngay), mien phi [TIME]/cuoc noi mang, [TIME] ngoai mang, SMS noi mang va [NUMBER]. Goi cuoc gia han khi het chu ky. De biet thong tin cac uu dai khac, bam goi *098# hoac truy cap https://vietteltelecom.vn/goidata. Chi tiet LH 198 ([MONEY]). Tran trong.",0
COM_1010,10/7/2026,Quy khach da dang ky thanh cong goi ST60N: [MONEY]/30 ngay co 60GB (2GB/ngay). Goi cuoc gia han sau 30 ngay. Truy cap https://viettel.vn/kttk de kiem tra uu dai. Chi tiet LH 198 ([MONEY]). Tran trong.,0
COM_1011,10/7/2026,"Tai khoan cua Quy khach sap het. Soan UT hoac Y gui [NUMBER] de xac nhan cong [MONEY] vao tai khoan (cuoc DV [MONEY]). De cong muc thap hon, soan UTx gui [NUMBER] (x la boi so cua 5) hoac bam 1588sodienthoai de yeu cau nguoi nghe la thue bao Viettel tra phi cuoc goi. Chi tiet soan HD gui [NUMBER] hoac LH [NUMBER] ([MONEY]). Xin cam on.",0
COM_1012,10/7/2026,Tai khoan goc cua ban con duoi [MONEY]! Ban duoc MIEN PHI 100% LUU LUONG DATA khi truy cap App Viettel Money + HOAN TIEN [MONEY] khi nap dien thoai [MONEY] tren Viettel Money. Mo App nap ngay tai https://viettelmoney.go.link/7gQxR . Vui long duy tri ket noi mang de dam bao qua trinh truy cap App Viettel Money khong bi gian doan.,0
COM_1014,10/7/2026,"Tai khoan cua Quy khach sap het. Soan:
1 gui 211 de cong [TIME] noi mang ([MONEY]/p), su dung trong 15 ngay
2 gui 211 de cong [TIME] ngoai mang ([MONEY]/p), su dung trong 15 ngay
3 gui 211 de cong 100 tin nhan noi mang ([MONEY]/tin), su dung trong 15 ngay
4 gui 211 de cong 20 tin nhan ngoai mang ([MONEY]/tin), su dung trong 7 ngay
5 gui 211 de cong 3.072 MB data voi gia [MONEY], su dung trong 7 ngay
Chi tiet LH [NUMBER] (mien phi).",0
COM_1015,10/7/2026,"[QC] 20h00 ngày 10/6: Việt Nam quyết đấu với Malaysia vì tấm vé Asian Cup.
Những chiến binh Sao Vàng sẽ ra sân với tinh thần quyết tâm cao nhất, cống hiến hết mình vì màu cờ sắc áo. Hãy cùng nhau tiếp lửa, cổ vũ cho đội tuyển Việt Nam trên hành trình chinh phục mục tiêu lớn! Đón xem trận đấu trên [NUMBER] tại https://tv360.vn/ . Chi tiết LH [NUMBER] ([MONEY]). Từ chối QC, soạn TC4 gửi 199.",0
COM_1016,10/7/2026,"[QC] TẶNG 10.[POINT] VIETTEL++ KHI ĐĂNG KÝ TÀI KHOẢN MY VIETTEL. CT áp dụng cho thuê bao di động tạo tài khoản lần đầu và đăng nhập ứng dụng My Viettel thành công tại https://viettel.vn/dangkytaikhoan. Chi tiết LH 198 ([MONEY]). Từ chối QC, soạn TC3 gửi 199.",0
COM_1017,10/7/2026,"[TB] NẠP THẺ ĐỦ ĐẦY - DATA XÀI NGAY!
Tặng 20% giá trị tất cả thẻ nạp vào tài khoản viễn thông trong ngày [DATE]. Tiền KM sử dụng truy cập Internet trong 15 ngày. Nạp thẻ online tại các ví điện tử, ứng dụng thanh toán hoặc tại https://viettel.vn/naptienkm . Chi tiết gọi 197 bấm phím 19 ([MONEY]). Trân trọng.",0
COM_1018,10/7/2026,"[TB] Tien ich Loi nhan thoai cua Viettel: Quy khach co cuoc goi nho tu TB [NUMBER] vao luc [TIME] [DATE]. De nghe loi nhan thoai, vui long bam goi [NUMBER] (mien phi).",0
COM_1019,10/7/2026,"[TB] CHỈ [MONEY]/tháng - gọi điện, lướt mạng thả ga với V120K: Có 1,5GB/ngày, 50p ngoại mạng, miễn phí 20p/cuộc nội mạng. Gói cước gia hạn theo tháng.
CT áp dụng cho thuê bao chuyển trả sau qua ứng dụng My Viettel tại https://myvt.page.link/chuyentrasau . LH 198 ([MONEY]).",0
COM_1020,10/7/2026,"[TB] Toàn dân tích cực hưởng ứng Tháng hành động phòng, chống ma túy (tháng 6), Ngày quốc tế phòng, chống ma túy và Ngày toàn dân phòng, chống ma túy (ngày 26/6).",0
COM_1021,10/7/2026,"[QC] Thưởng thức các siêu phẩm điện ảnh: Na Tra (Ma Đồng Giáng Thế, Hổ Cánh Cụt Và Biệt Đội Rừng Xanh 2), Bé Trứng (Náo Loạn Châu Phi) cùng hàng loạt phim bom tấn của Galaxy Play trên [NUMBER] tại https://tv360.vn/page/galaxy - Không mất phí data 5G/4G. Soạn DK GA1 để đăng ký gói Galaxy Mobile ([MONEY]/30 ngày). DV gia hạn sau 30 ngày. LH [NUMBER] ([MONEY]). Từ chối QC, soạn TC4 gửi 199.",0
COM_1022,10/7/2026,"[QC] Thang nay het tien? VAY NGAN NGAY den [MONEY] dong sau [TIME], chi can CCCD. Tra gop 30-45 ngay. Dang ky online voi Viettel Money: https://viettelmoney.go.link/bY18O .Chi tiet LH [NUMBER] ([MONEY]). Tu choi QC, soan TC3 gui 199.",0
COM_1023,10/7/2026,"Tai khoan cua Quy khach sap het, soan UT hoac Y gui [NUMBER] (trong vong [TIME]) de duoc cong [MONEY], su dung trong [TIME] tu DV Fast Airtime. Tai khoan cong se duoc tru khi Quy khach nap the. Tai khoan cong chua su dung het se bi huy khi het thoi gian su dung (Tai khoan cong chi su dung goi, nhan tin noi mang va ngoai mang). Tu choi nhan tin nhan, soan TC gui [NUMBER]. Chi tiet LH [NUMBER] (mien phi).",0
COM_1025,10/7/2026,"Tai khoan cua Quy khach sap het, soan UT gui [NUMBER] (trong vong [TIME]) de duoc cong [MONEY], su dung trong [TIME] tu DV Fast Airtime. Tai khoan cong se duoc tru khi Quy khach nap the. Tai khoan cong chua su dung het se bi huy khi het thoi gian su dung (Tai khoan cong chi su dung goi, nhan tin noi mang va ngoai mang). Tu choi nhan tin nhan, soan TC gui [NUMBER]. Chi tiet LH [NUMBER] (mien phi).",0
COM_1026,10/7/2026,"[QC] XEM PHIM CẢ THÁNG VỚI GÓI V CINE TRÊN [NUMBER]. Soạn DK PH gửi [NUMBER] để xem toàn bộ kho phim hấp dẫn, các phim bộ mới nhất và gần 160 kênh truyền hình tại https://tv360.vn/ với 100% data tốc độ cao. Cước phí [MONEY]/30 ngày, gia hạn sau 30 ngày. Chi tiết LH 198 ([MONEY]). Từ chối QC, soạn TC4 gửi 199.",0
COM_1027,10/7/2026,"[QC] Vay nhanh [TIME] - [MONEY] dong ve tay. Chi can CCCD, tra gop den 24 thang. Lai suat uu dai. Dang ky online voi Viettel Money: https://viettelmoney.go.link/5UxXz .Chi tiet LH [NUMBER] ([MONEY]). Tu choi QC, soan TC3 gui 199.",0
COM_1028,10/7/2026,[TB] Chung một quyết tâm - Hãy hành động vì cộng đồng không ma tuý.,0
COM_1029,10/7/2026,"Ban co the qua NAP DIEN THOAI MIEN PHI [MONEY] trong MoMo, het han 30/6. Mo Vi > UU DAI > QUA CUA TOI dung ngay!",0
COM_1030,10/7/2026,"[TB] NẠP THẺ ĐỦ ĐẦY - DATA XÀI NGAY!
Tặng 20% giá trị tất cả thẻ nạp vào tài khoản viễn thông trong ngày [DATE]. Tiền KM sử dụng truy cập Internet trong 15 ngày. Nạp thẻ online tại các ví điện tử, ứng dụng thanh toán hoặc tại https://viettel.vn/naptienkm . Chi tiết gọi 197 bấm phím 19 ([MONEY]). Trân trọng.",0
COM_1031,10/7/2026,"[TB] Tham gia phòng, chống ma túy là bảo vệ chính bạn, gia đình và xã hội - Vì tương lai tốt đẹp.",0
COM_1033,10/7/2026,"Ban co [MONEY] qua Nap Dien Thoai & [MONEY] qua khac trong MoMo, het han 30/6. Mo Vi > UU DAI > QUA CUA TOI dung ngay!",0
COM_1035,10/7/2026,"[QC] Giải trí với chương trình truyền hình thực tế [NAME] - độc quyền phát sóng vòng sơ loại trên [NUMBER] tại http://s.viettel.vn/s3hOgZ . Chi tiết LH [NUMBER] ([MONEY]). Từ chối QC, soạn TC4 gửi 199.",0
COM_1036,10/7/2026,"Viettel TB: Từ [TIME]-[TIME] ngày [DATE], gói ST60N sẽ gia hạn. Cước phí [MONEY]/30 ngày có 60GB (2GB/ngày). Quý khách đảm bảo thuê bao hoạt động 2 chiều và đủ tiền để gói cước gia hạn thành công. Nếu tài khoản không đủ, gói cước sẽ gia hạn tương ứng với số tiền còn lại, tối thiểu [MONEY] (không áp dụng với thuê bao không gia hạn đủ 100% cước phí gói trong 60 ngày). Chiết khấu 2,5% khi nạp thẻ tại https://viettel.vn/nt. Để hủy gia hạn, soạn HUY gửi 191. LH 198 ([MONEY]). Trân trọng.",0
COM_1037,10/7/2026,"Viettel TB: Quý khách đã sử dụng hết lưu lượng data trong ngày của gói ST60N. Để mua thêm, truy cập https://viettel.vn/goidata hoặc bấm gọi *098#. Chi tiết LH 198 ([MONEY]). Trân trọng.",0
COM_1038,10/7/2026,"Viettel TB: Gói ST60N gia hạn không thành công. Gói cước sẽ được khôi phục khi thuê bao hoạt động 2 chiều và có đủ [MONEY]. Thời gian chờ khôi phục trước ngày [DATE]. Nếu tài khoản gốc không đủ, gói cước sẽ được khôi phục tương ứng với số tiền còn lại, tối thiểu [MONEY] (không áp dụng với thuê bao không gia hạn đủ 100% cước phí gói trong 60 ngày gần đây). Để hủy khôi phục, soạn HUY gửi 191. Chi tiết LH 198 ([MONEY]). Trân trọng.",0
COM_1039,10/7/2026,"Moi Quy khach soan tin de tham gia cong MB data. Soan:
5 gui 211 de cong 3.072 MB data voi gia [MONEY], su dung trong 7 ngay
De cong tai nguyen khac, soan:
1 gui 211 de cong [TIME] noi mang ([MONEY]/p), su dung trong 15 ngay
2 gui 211 de cong [TIME] ngoai mang ([MONEY]/p), su dung trong 15 ngay
3 gui 211 de cong 100 tin nhan noi mang ([MONEY]/tin), su dung trong 15 ngay
4 gui 211 de cong 20 tin nhan ngoai mang ([MONEY]/tin), su dung trong 7 ngay
Chi tiet LH [NUMBER] (mien phi).",0
COM_1040,10/7/2026,"Nhap ma xac thuc OTP 9021 de Dang nhap tren ung dung My Viettel. Chi tiet LH [NUMBER] ([MONEY]) hoac truy cap https://viettel.vn/app. De dam bao an toan cho tai khoan cua Quy khach, vui long khong chia se ma xac thuc nay voi bat ky ai.",0
COM_1041,10/7/2026,"Quy khach da duoc thanh toan [MONEY] tu nhan vien [NUMBER], Ngay GD: [DATE] [TIME]. Ma GD 250706644620068. LH [NUMBER] ([MONEY]). Tran trong.",0
COM_1042,10/7/2026,"Quy khach co [MONEY] trong tai khoan. Bam goi *098*3# de co 3GB voi [MONEY]/3 ngay hoac *098*989# ([MONEY]/3 ngay) co 15GB (5GB/ngay), mien phi [TIME]/cuoc noi mang, [TIME] ngoai mang, SMS noi mang va [NUMBER]. Goi cuoc gia han khi het chu ky. De biet thong tin cac uu dai khac, bam goi *098# hoac truy cap https://vietteltelecom.vn/goidata. Chi tiet LH 198 ([MONEY]). Tran trong.",0
COM_1043,10/7/2026,"Quy khach da duoc thanh toan [MONEY] tu nhan vien [NUMBER], Ngay GD: [DATE] [TIME]. Ma GD 250706643916506. LH [NUMBER] ([MONEY]). Tran trong.",0
COM_1044,10/7/2026,"Quy khach co [MONEY] trong tai khoan. Bam goi *098*3# de co 3GB voi [MONEY]/3 ngay hoac *098*989# ([MONEY]/3 ngay) co 15GB (5GB/ngay), mien phi [TIME]/cuoc noi mang, [TIME] ngoai mang, SMS noi mang va [NUMBER]. Goi cuoc gia han khi het chu ky. De biet thong tin cac uu dai khac, bam goi *098# hoac truy cap https://vietteltelecom.vn/goidata. Chi tiet LH 198 ([MONEY]). Tran trong.",0
COM_1045,10/7/2026,"Tai khoan cua Quy khach sap het. Soan UT hoac Y gui [NUMBER] de xac nhan cong [MONEY] vao tai khoan (cuoc DV [MONEY]). De cong muc thap hon, soan UTx gui [NUMBER] (x la boi so cua 5) hoac bam 1588sodienthoai de yeu cau nguoi nghe la thue bao Viettel tra phi cuoc goi. Chi tiet soan HD gui [NUMBER] hoac LH [NUMBER] ([MONEY]). Xin cam on.",0
COM_1046,10/7/2026,"[TB] DATA THẢ GA CHỈ VỚI [MONEY]!
1. Soạn 5G10 gửi 191: [MONEY]/ngày có 6GB
2. Soạn 1N gửi 191: [MONEY]/ngày có 5GB, [TIME] gọi ngoại mạng, miễn phí 10p/cuộc gọi nội mạng, SMS nội mạng và xem [NUMBER]
Gói cước gia hạn khi hết chu kỳ. Chi tiết LH 198 ([MONEY]).",0
COM_1047,10/7/2026,Tai khoan cua Quy khach sap het. Soan UT gui [NUMBER] de xac nhan cong [MONEY] vao tai khoan (cuoc DV [MONEY]). Chi tiet LH [NUMBER] (mien phi).,0
COM_1048,10/7/2026,"Moi Quy khach soan tin de tham gia cong MB data. Soan
5 gui 211 de cong 3.072 MB data voi gia [MONEY], su dung trong 7 ngay
De cong tai nguyen khac, soan:
1 gui 211 de cong [TIME] noi mang ([MONEY]/p), su dung trong 15 ngay
2 gui 211 de cong [TIME] ngoai mang ([MONEY]/p), su dung trong 15 ngay
3 gui 211 de cong 100 tin nhan noi mang ([MONEY]/tin), su dung trong 15 ngay
4 gui 211 de cong 20 tin nhan ngoai mang ([MONEY]/tin), su dung trong 7 ngay
Chi tiet LH [NUMBER] (mien phi).",0
COM_1049,10/7/2026,"[QC] Vay nhanh den [MONEY] dong voi TIN VAY tren Viettel Money. Chi can CCCD, thu tuc online 100%. Dang ky ngay: https://viettelmoney.go.link/1bPTU .Chi tiet LH [NUMBER] ([MONEY]). Tu choi QC, soan TC3 gui 199.",0
COM_1050,10/7/2026,"[CẢNH BÁO] Cục An ninh mạng và Phòng, chống tội phạm sử dụng công nghệ cao cảnh báo: Xuất hiện tình trạng lừa đảo, giả mạo lực lượng chức năng xã/phường... thông báo về việc sắp xếp đơn vị hành chính mới trên cả nước. Các đối tượng yêu cầu người dân truy cập đường dẫn hoặc cài ứng dụng VNeID giả mạo chứa mã độc, dụ dỗ người dân để lấy mã OTP tài khoản ngân hàng hoặc dữ liệu sinh trắc học nhằm chiếm đoạt tài sản. Người dân cần cảnh giác, không làm theo các yêu cầu qua điện thoại, chỉ thực hiện cập nhật thông tin trực tiếp tại Công an xã/phường nơi sinh sống; trình báo đến cơ quan Công an nơi gần nhất để được hướng dẫn.",0
COM_1051,10/7/2026,"[TB] NẠP THẺ ĐỦ ĐẦY - DATA XÀI NGAY!
Tặng 20% giá trị tất cả thẻ nạp vào tài khoản viễn thông trong ngày [DATE]. Tiền KM sử dụng truy cập Internet trong 15 ngày. Nạp thẻ online tại các ví điện tử, ứng dụng thanh toán hoặc tại https://viettel.vn/naptienkm . Chi tiết gọi 197 bấm phím 19 ([MONEY]). Trân trọng.",0
COM_1052,10/7/2026,"[TB] QUÀ ĐẬM SÂU, KHÔNG ĐÂU CÓ!
Soạn SD70 gửi 191: [MONEY]/30 ngày có 30GB (1GB/ngày). Gói cước gia hạn sau 30 ngày.
Tặng thêm 7 ngày miễn phí data truy cập TikTok (tối đa 25GB) cho lần đăng ký đầu tiên trước ngày 31/07 của Quý khách. LH 198 ([MONEY]).",0
COM_1053,10/7/2026,"(QC) Ban yeu thich kinh doanh? Ban muon san pham, DV duoc quang cao den Khach hang don gian nhat, hieu qua nhat, tiet kiem nhat? DV Nhac cho doanh nghiep chinh la ban dong hanh cua Ban - giai phap toi uu dua san pham, DV den gan Khach hang. Soan DN gui [NUMBER] ([MONEY]) hoac truy cap http://doanhnghiep.imuzik.vn de nhan vien Viettel lien he tu van tao ban nhac cho hap dan nhat. Cuoc DV tu [MONEY]/30 ngay/thue bao, phi khoi tao [MONEY]. LH [NUMBER] ([MONEY]). Tu choi QC, soan TC4 gui 199.",0
COM_1054,10/7/2026,"Moi Quy khach soan tin de tham gia DV Data Plus:
1 gui [NUMBER] de cong 2048MB (cuoc [MONEY], su dung trong 5 ngay).
2 gui [NUMBER] de cong 1024MB (cuoc [MONEY], su dung trong vong [TIME] sau khi cong).
Tin nhan co hieu luc trong [TIME]. Chi tiet LH [NUMBER] (mien phi).",0
COM_1055,10/7/2026,"[TB] ĐỪNG ĐỂ GIÁN ĐOẠN DATA
1. Soạn ST7K gửi 191: [MONEY] có 1GB
2. Soạn 5G10 gửi 191: [MONEY] có 6GB
Ưu đãi sử dụng đến [TIME] ngày đăng ký. Các gói cước gia hạn theo ngày. Chi tiết LH 198 ([MONEY]).",0
COM_1056,10/7/2026,"Moi Quy khach soan tin de tham gia cong MB data. Soan:
5 gui 211 de cong 2.048 MB data voi gia [MONEY], su dung trong 5 ngay
De cong tai nguyen khac, soan:
1 gui 211 de cong [TIME] noi mang ([MONEY]/p), su dung trong 15 ngay
2 gui 211 de cong [TIME] ngoai mang ([MONEY]/p), su dung trong 7 ngay
3 gui 211 de cong 100 tin nhan noi mang ([MONEY]/tin), su dung trong 15 ngay
4 gui 211 de cong 20 tin nhan ngoai mang ([MONEY]/tin), su dung trong 7 ngay
Chi tiet LH [NUMBER] (mien phi).",0
COM_1058,10/7/2026,"Doi thanh cong [POINT] tieu dung Viettel++ thanh 60 MB Data. Han su dung truoc [DATE]. Tong diem tieu dung con lai trong tai khoan Viettel++ cua Quy khach la [POINT]. De kiem tra lich su doi diem va lua chon uu dai hap dan khac, vui long truy cap https://vietteltelecom.vn/vtplus. Tran trong.",0
COM_1059,10/7/2026,"[QC] Vay nhanh [TIME] - [MONEY] dong ve tay. Chi can CCCD, tra gop den 24 thang. Lai suat uu dai. Dang ky online voi Viettel Money: https://viettelmoney.go.link/Ngdub.Chi tiet LH [NUMBER] ([MONEY]). Tu choi QC, soan TC3 gui 199.",0
COM_1060,10/7/2026,VNG: Activation code [NUMBER] is used for VNGGames authentication,0
COM_1061,10/7/2026,"[QC] SALE 20%: Gói xịn, Giá hời.
Soạn 3N gửi 191: [MONEY]/3 ngày (giá gốc [MONEY]) có 15GB (5GB/ngày), 15p gọi ngoại mạng, miễn phí 10p/cuộc gọi nội mạng, nhắn tin nội mạng, xem [NUMBER].
Gói cước gia hạn với giá gốc sau 3 ngày. CT áp dụng với lần đăng ký đầu tiên trước 16/07 cho TB nhận được tin nhắn. LH 198 ([MONEY]). Từ chối QC, soạn TC4 gửi 199.",0
COM_1062,10/7/2026,"[TB] NẠP THẺ ONLINE - DATA XÀI NGAY!
Tặng 20% giá trị tất cả thẻ nạp vào tài khoản viễn thông trong ngày [DATE]. Tiền KM sử dụng TRUY CẬP INTERNET trong 15 ngày. CT áp dụng khi nạp thẻ online qua các ví điện tử, ứng dụng thanh toán hoặc tại https://viettel.vn/pay/tt . Chi tiết gọi 197 bấm phím 19 ([MONEY]). Trân trọng.",0
COM_1064,10/7/2026,"[TB] NẠP THẺ ONLINE - DATA XÀI NGAY!
Tặng 20% giá trị tất cả thẻ nạp vào tài khoản viễn thông trong ngày [DATE]. Tiền KM sử dụng TRUY CẬP INTERNET trong 15 ngày. CT áp dụng khi nạp thẻ online qua các ví điện tử, ứng dụng thanh toán hoặc tại https://km.vtmoney.vn/314y/kmdaitra. Chi tiết gọi 197 bấm phím 19 ([MONEY]). Trân trọng.",0
COM_1065,10/7/2026,"[CẢNH BÁO] Cục An ninh mạng và Phòng, chống tội phạm sử dụng công nghệ cao cảnh báo: Xuất hiện tình trạng lừa đảo, giả mạo doanh nghiệp lữ hành, cơ sở lưu trú, khách sạn, khu nghỉ dưỡng... quảng cáo thông tin về các chương trình du lịch. Người dân khi có nhu cầu tìm kiếm tour du lịch, đặt phòng khách sạn… thông qua mạng xã hội cần kiểm tra kỹ tính minh bạch của trang, lịch sử đổi tên, quốc gia của quản trị viên. Nếu thấy tài khoản mới được tạo lập hoặc mới đổi tên cần cảnh giác, kiểm tra kỹ thông tin từ nhiều nguồn khác nhau.",0
COM_1066,10/7/2026,"[KHAO SAT] VIETTEL kinh moi Quy khach danh gia chat luong dich vu: Quy khach co san sang gioi thieu UNG DUNG [NUMBER] voi nguoi than va ban be? Vui long nhap so diem tu 0 den 10 (0-6: khong gioi thieu, 7-8: co kha nang gioi thieu, 9-10: san sang gioi thieu) va phan hoi lai tin nhan nay (mien phi).",0
COM_1067,10/7/2026,"[QC] Lào - Việt Nam: [TIME] ngày 19/7.
U23 Việt Nam chính thức ra quân.
Soạn 5GVS12 gửi 191: [MONEY]/ngày có:
- 6GB data
- Xem thể thao và truyền hình trên [NUMBER] không tốn data tại https://tv360.vn .
Ưu đãi sử dụng đến [TIME] ngày đăng ký, gia hạn theo ngày. LH [NUMBER] ([MONEY]). Từ chối QC, soạn TC4 gửi 199.",0
COM_1068,10/7/2026,"Tai khoan cua Quy khach sap het, soan UT hoac Y gui [NUMBER] (trong vong [TIME]) de duoc cong [MONEY], su dung trong [TIME] tu DV Fast Airtime. Tai khoan cong se duoc tru khi Quy khach nap the. Tai khoan cong chua su dung het se bi huy khi het thoi gian su dung (Tai khoan cong chi su dung goi, nhan tin noi mang va ngoai mang). Tu choi nhan tin nhan, soan TC gui [NUMBER]. Chi tiet LH [NUMBER] (mien phi).",0
COM_1069,10/7/2026,"[TB] NẠP THẺ ĐỦ ĐẦY - DATA XÀI NGAY!
Tặng 20% giá trị tất cả thẻ nạp vào tài khoản viễn thông trong ngày [DATE]. Tiền KM sử dụng truy cập Internet trong 15 ngày. Nạp thẻ online tại các ví điện tử, ứng dụng thanh toán hoặc tại https://viettel.vn/naptienkm . Chi tiết gọi 198 bấm phím 8 ([MONEY]). Trân trọng.",0
COM_1071,10/7/2026,"[QC] Chỉ với [MONEY] - Cần chi wifi!
Soạn 1N gửi 191: Chỉ [MONEY] (giá gốc [MONEY]), có 5GB, [TIME] gọi ngoại mạng, miễn phí 10p/cuộc gọi nội mạng, SMS nội mạng, xem [NUMBER]. Ưu đãi sử dụng đến [TIME] ngày đăng ký, gói cước gia hạn theo ngày với giá gốc. CT áp dụng với lần đăng ký đầu tiên trước 31/07 cho TB nhận được tin nhắn. LH 198 ([MONEY]). Từ chối QC, soạn TC4 gửi 199.",0
COM_1072,10/7/2026,"[TB] Tien ich Loi nhan thoai cua Viettel: Quy khach co loi nhan tu TB [NUMBER] vao luc [TIME] [DATE]. Voi noi dung: alo. De nghe loi nhan thoai, vui long bam goi [NUMBER] (mien phi).",0
COM_1073,10/7/2026,"[TB] Toàn dân tích cực tham gia phòng, chống mua bán người. Khi phát hiện dấu hiệu liên quan đến mua bán người, hãy thông báo ngay cho cơ quan Công an gần nhất hoặc Tổng đài quốc gia 111 để được tư vấn, hỗ trợ, hướng dẫn kịp thời.",0
COM_1074,10/7/2026,[TB] Tien ich Loi nhan thoai cua Viettel: Quy khach co cuoc goi nho tu TB [NUMBER] vao luc [TIME] 01/08/25.,0
COM_1075,10/7/2026,"[QC] TẠO TÀI KHOẢN VÀ ĐĂNG NHẬP MY VIETTEL - NHẬN 10.[POINT] VIETTEL++. CT áp dụng cho thuê bao Internet, Truyền hình tạo tài khoản và đăng nhập ứng dụng My Viettel thành công tại https://myviettel.go.link/fVdKW. Điểm tặng sẽ được lưu trong ví voucher trên ứng dụng My Viettel. Chi tiết LH [NUMBER] ([MONEY]). Từ chối QC, soạn TC3 gửi 199.",0
COM_1076,10/7/2026,"[TB] LÊN MẠNG, GỌI ĐIỆN THẢ GA!
1. Soạn V90B gửi 191: [MONEY]/30 ngày có 30GB (1GB/ngày), 30p gọi ngoại mạng, miễn phí 10p/cuộc gọi nội mạng
2. Soạn SD70 gửi 191: [MONEY]/30 ngày có 30GB (1GB/ngày)
Gói cước gia hạn sau 30 ngày. CT dành riêng cho Quý khách. LH 198 ([MONEY]).",0
COM_1077,10/7/2026,"[QC] Thay đổi địa chỉ lắp đặt của thuê bao Internet, Truyền hình trên My Viettel đơn giản, dễ dàng, không mất thời gian ra cửa hàng. Truy cập https://myviettel.go.link/ibhUf để trải nghiệm dịch vụ. Chi tiết LH [NUMBER] ([MONEY]). Từ chối QC, soạn TC3 gửi 199.",0
COM_1078,10/7/2026,"Viettel TB: Từ [TIME]-[TIME] ngày [DATE], gói ST60N sẽ gia hạn. Cước phí [MONEY]/30 ngày có 60GB (2GB/ngày). Quý khách đảm bảo thuê bao hoạt động 2 chiều và đủ tiền để gói cước gia hạn thành công. Nếu tài khoản không đủ, gói cước sẽ gia hạn tương ứng với số tiền còn lại, tối thiểu [MONEY] (không áp dụng với thuê bao không gia hạn đủ 100% cước phí gói trong 60 ngày). Chiết khấu 2,5% khi nạp thẻ tại https://viettel.vn/nt. Để hủy gia hạn, soạn HUY gửi 191. LH 198 ([MONEY]). Trân trọng.",0
COM_1079,10/7/2026,"Quy khach da duoc thanh toan [MONEY] tu nhan vien [NUMBER], Ngay GD: [DATE] [TIME]. Ma GD 250805646239050. LH [NUMBER] ([MONEY]). Tran trong.",0
COM_1080,10/7/2026,Viettel TB: Gói ST60N đã khôi phục thành công. Cước phí [MONEY] có 2GB/ngày; ưu đãi sử dụng đến [DATE]. Quý khách nạp thêm [MONEY] trước [TIME] ngày [DATE] để tiếp tục sử dụng ưu đãi gói cước. Truy cập https://viettel.vn/kttk để kiểm tra ưu đãi. Chi tiết LH 198 ([MONEY]). Trân trọng.,0
COM_1081,10/7/2026,"Quy khach da duoc thanh toan [MONEY] tu nhan vien [NUMBER], Ngay GD: [DATE] [TIME]. Ma GD 250805647054476. LH [NUMBER] ([MONEY]). Tran trong.",0
COM_1082,10/7/2026,Viettel TB: Gói ST60N đã được gia hạn sử dụng đến ngày [DATE] với cước phí [MONEY]. Truy cập https://viettel.vn/kttk để kiểm tra ưu đãi. Chi tiết LH 198 ([MONEY]). Trân trọng.,0
COM_1083,10/7/2026,"Moi Quy khach soan tin de tham gia DV Data Plus:
1 gui [NUMBER] de cong 3072MB (cuoc [MONEY], su dung trong 7 ngay).
2 gui [NUMBER] de cong 2048MB (cuoc [MONEY], su dung trong vong [TIME] sau khi cong).
Tin nhan co hieu luc trong [TIME]. Chi tiet LH [NUMBER] (mien phi).",0
COM_1085,10/7/2026,"Moi Quy khach soan tin de tham gia cong MB data. Soan
5 gui 211 de cong 2.048 MB data voi gia [MONEY], su dung trong 5 ngay
De cong tai nguyen khac, soan:
1 gui 211 de cong [TIME] noi mang ([MONEY]/p), su dung trong 15 ngay
2 gui 211 de cong [TIME] ngoai mang ([MONEY]/p), su dung trong 7 ngay
3 gui 211 de cong 100 tin nhan noi mang ([MONEY]/tin), su dung trong 15 ngay
4 gui 211 de cong 20 tin nhan ngoai mang ([MONEY]/tin), su dung trong 7 ngay
Chi tiet LH [NUMBER] (mien phi).",0
COM_1086,10/7/2026,"[QC] Vay nhanh [TIME] - [MONEY] dong ve tay. Chi can CCCD, tra gop den 24 thang. Lai suat uu dai. Dang ky online voi Viettel Money: https://viettelmoney.go.link/Ngdub .Chi tiet LH [NUMBER] ([MONEY]). Tu choi QC, soan TC3 gui 199.",0
COM_1087,10/7/2026,"[QC] GIẢI TRÍ MIỄN PHÍ DATA! Chuyển từ thuê bao trả trước sang trả sau và trải nghiệm gói [NUMBER]: [MONEY]/tháng có 1GB/ngày, gói [NUMBER] basic, miễn phí: [TIME]/cuộc gọi nội mạng, [TIME] ngoại mạng, 30 SMS, data truy cập TikTok + YouTube + Facebook + nhắn tin Messenger. Chuyển sang trả sau tại https://vietteltelecom.vn/tsmxh . CT dành riêng cho Quý khách. LH 198 ([MONEY]). Từ chối QC, soạn TC3 gửi 199.",0
COM_1088,10/7/2026,"Tai khoan vien thong cua Quy khach hien con duoi [MONEY]. Moi Quy khach nap them tien vao tai khoan vien thong hoac goi *911# de duoc cong truoc [MONEY] (phi: [MONEY]). Neu tai khoan vien thong het tien, cuoc phat sinh tiep theo se duoc tru vao tai khoan Tien di dong (neu co). DAC BIET khuyen mai 50% GIA TRI NAP TIEN vao chu nhat hang tuan tren My Viettel (https://vietteltelecom.vn/naptienkm). LH [NUMBER] ([MONEY]). Tran trong.",0
COM_1089,10/7/2026,Ma OTP Vinhomes cua Quy khach la: 340115,0
COM_1090,10/7/2026,"[QC] Duy nhất tại [NUMBER], bình chọn thí sinh vào vòng Chung kết [NAME]. Mua ngay gói V Cine chỉ từ [MONEY] tại https://tv360.vn/packages để có 20 lượt bình chọn. Gói cước gia hạn sau 30 ngày với giá từ [MONEY]. Chi tiết LH [NUMBER] ([MONEY]). Từ chối QC, soạn TC4 gửi 199.",0
COM_1091,10/7/2026,"Doi thanh cong [POINT] tieu dung Viettel++ thanh 40 MB Data. Han su dung truoc [DATE]. Tong diem tieu dung con lai trong tai khoan Viettel++ cua Quy khach la [POINT]. De kiem tra lich su doi diem va lua chon uu dai hap dan khac, vui long truy cap https://vietteltelecom.vn/vtplus. Tran trong.",0
COM_1092,10/7/2026,"[TB] NẠP THẺ ONLINE - DATA XÀI NGAY!
Tặng 20% giá trị tất cả thẻ nạp vào tài khoản viễn thông trong ngày [DATE]. Tiền KM sử dụng TRUY CẬP INTERNET trong 15 ngày. CT áp dụng khi nạp thẻ online qua các ví điện tử, ứng dụng thanh toán hoặc tại https://viettel.vn/pay/tt . Chi tiết gọi 198, bấm phím 8 ([MONEY]). Trân trọng.",0
COM_1093,10/7/2026,"[TB] Tien ich Loi nhan thoai cua Viettel: Quy khach co loi nhan tu TB [NUMBER] vao luc [TIME] [DATE]. Voi noi dung: kính chào quý khách viettel xin được giới thiệu chương trình siêu khuyến mại quý khách có thể đổi [MONEY] trong tài khoản gốc thành [MONEY] tiền khuyến mại để gọi nội mạng nhắn tin nội mạng và truy cập internet trong 15 ngày để tham gia chương trình quý khách vui lòng nói tôi đồng ý hoặc nói từ chối nếu không đồng ý tham gia kính chào quý khách viettel xin được giới thiệu chương trình siêu khuyến mại quý khách có thể đổi [MONEY] trong tài khoản gốc thành [MONEY] tiền khuyến mại để gọi nội mạng nhắn tin nội mạng và truy cập internet trong 15 ngày để tham gia chương trình quý khách vui lòng nói tôi đồng ý hoặc nói từ chối nếu không đồng ý tham gia xin lỗi quý khách viettel xin phép gọi lại sau ạ. De nghe loi nhan thoai, vui long bam goi [NUMBER] (mien phi).",0
COM_1095,10/7/2026,"Tai khoan cua Quy khach sap het, soan UT hoac Y gui [NUMBER] (trong vong [TIME]) de duoc cong [MONEY], su dung trong [TIME] tu DV Fast Airtime. Tai khoan cong se duoc tru khi Quy khach nap the. Tai khoan cong chua su dung het se bi huy khi het thoi gian su dung (Tai khoan cong chi su dung goi, nhan tin noi mang va ngoai mang). Tu choi nhan tin nhan, soan TC gui [NUMBER]. Chi tiet LH [NUMBER] (mien phi).",0
COM_1096,10/7/2026,"[QC] Vay nhanh [TIME] - [MONEY] dong ve tay. Chi can CCCD, tra gop den 24 thang. Lai suat uu dai. Dang ky online voi Viettel Money: https://viettelmoney.go.link/fLcIg .Chi tiet LH [NUMBER] ([MONEY]). Tu choi QC, soan TC3 gui 199.",0
COM_1097,10/7/2026,"[QC] Độc quyền phát sóng giải Siêu cúp Đức trên [NUMBER]: Stuttgart - Bayern Munich vào 1h30 ngày 17/8.
Soạn 5GVS12 gửi 191 chỉ [MONEY]/ngày có:
- 6GB data
- Xem thể thao và truyền hình trên [NUMBER] không tốn data tại https://tv360.vn .
Gói cước gia hạn theo ngày. LH [NUMBER] ([MONEY]). Từ chối QC, soạn TC4 gửi 199.",0
COM_1098,10/7/2026,"Tai khoan cua Quy khach sap het, soan UT gui [NUMBER] (trong vong [TIME]) de duoc cong [MONEY], su dung trong [TIME] tu DV Fast Airtime. Tai khoan cong se duoc tru khi Quy khach nap the. Tai khoan cong chua su dung het se bi huy khi het thoi gian su dung (Tai khoan cong chi su dung goi, nhan tin noi mang va ngoai mang). Tu choi nhan tin nhan, soan TC gui [NUMBER]. Chi tiet LH [NUMBER] (mien phi).",0
COM_1099,10/7/2026,"[QC] Vay nhanh den [MONEY] dong voi TIN VAY tren Viettel Money. Chi can CCCD, thu tuc online 100%. Dang ky ngay: https://viettelmoney.go.link/6ecY2 .Chi tiet LH [NUMBER] ([MONEY]). Tu choi QC, soan TC3 gui 199.",0
COM_1100,10/7/2026,"[TB] Nhân dịp kỷ niệm 80 năm Quốc Khánh Việt Nam, Viettel gửi tặng Quý khách 80.[POINT] Viettel++. Truy cập https://ketnoitronniemvui.tv360.vn , làm theo hướng dẫn để nhận điểm và đổi lấy nhiều ưu đãi hấp dẫn trên ứng dụng My Viettel. Chi tiết LH 198 ([MONEY]). Trân trọng.",0
COM_1101,10/7/2026,"[TB] MỪNG 2/9 - Kết nối trọn niềm vui!
1. Soạn 1 gửi 191 để xác nhận tham gia gói 5G29: [MONEY]/3 ngày có 8GB/ngày (đã bao gồm 4GB được tặng khi đăng ký/gia hạn từ 19/8-2/9), xem kho phim lịch sử trên [NUMBER], [TIME] gọi điện, 80SMS nội mạng. Chi tiết gói tại viettel.vn/5G29. 
2. Soạn 2 gửi 191 để nhận thông tin chuỗi sự kiện chào mừng 2/9 và khuyến mại HOT từ Viettel.
CT áp dụng đến hết [DATE]. LH 198 ([MONEY]).",0
COM_1102,10/7/2026,"[TB] NẠP THẺ ĐỦ ĐẦY - DATA XÀI NGAY!
Tặng 20% giá trị tất cả thẻ nạp vào tài khoản viễn thông trong ngày [DATE]. Tiền KM sử dụng truy cập Internet trong 15 ngày. Nạp thẻ online tại các ví điện tử, ứng dụng thanh toán hoặc tại https://viettel.vn/naptienkm . Chi tiết gọi 198 bấm phím 8 ([MONEY]). Trân trọng.",0
COM_1103,10/7/2026,"[QC] Mở thẻ tín dụng VPBank miễn phí thường niên, hạn mức đến [MONEY], trả góp [MONEY] cùng hoàn tiền tới 15%. Để đăng ký nhận link mở thẻ và đồng ý cung cấp số điện thoại của QK cho VPBank (qua đối tác Viettel, CTCP Thịnh Phát) để nhận hướng dẫn mở thẻ, soạn VP gửi [NUMBER] (MP). Từ chối QC, soạn TC gửi [NUMBER].",0
COM_1104,10/7/2026,"[QC] TẶNG 10.[POINT] VIETTEL++ KHI ĐĂNG KÝ TÀI KHOẢN MY VIETTEL. CT áp dụng cho thuê bao di động tạo tài khoản lần đầu và đăng nhập ứng dụng My Viettel thành công tại https://myviettel.go.link/ikQMm. Điểm tặng sẽ được lưu trong ví voucher trên ứng dụng My Viettel. Chi tiết LH 198 ([MONEY]). Từ chối QC, soạn TC3 gửi 199.",0
COM_1105,10/7/2026,"[TB] Tu [DATE] [TIME] den [DATE] [TIME], Viettel thuc hien nang cap he thong de phuc vu Khach hang tot hon. Viec nay co the lam gian doan Dich vu co dinh (Internet, Truyen hinh, Dien thoai co dinh) cua mot so Khach hang. Mong Quy khach thong cam. Khi can ho tro vui long goi [NUMBER] ([MONEY]).",0
COM_1106,10/7/2026,"[QC] Chào mừng kỷ niệm 80 năm Quốc Khánh 2/9. Quý khách liên kết Viettel Money với VNeID để nhận tiền an sinh xã hội từ Chính phủ (xem hướng dẫn tại https://viettelmoney.go.link/lienketVNeID ). Nếu đã thực hiện, vui lòng bỏ qua tin nhắn. Chi tiết LH [NUMBER] ([MONEY]). Từ chối QC, soạn TC3 gửi 199.",0
COM_1107,10/7/2026,"[TB] 2/9 - KẾT NỐI TRỌN NIỀM VUI. Tặng 29% giá trị tất cả thẻ nạp trong ngày 2/9 vào tài khoản viễn thông. Tiền KM sử dụng truy cập Internet trong 15 ngày. Nạp thẻ online tại các ví điện tử, ứng dụng thanh toán hoặc tại https://viettel.vn/naptienkm . Chi tiết gọi 198 bấm phím 2 ([MONEY]). Trân trọng.",0
COM_1108,10/7/2026,"[TB] Mung ngay Quoc khanh Viet Nam 2/9, lien ket Viettel Money voi VNeID ngay hom nay de nhan tien An sinh xa hoi tu Chinh Phu vao tai khoan. Neu da lien ket vui long bo qua. Chi tiet xem tai https://viettelmoney.go.link/lienketVNeID . Lien he [NUMBER] ([MONEY]). Tran trong!",0
COM_1109,10/7/2026,"Viettel TB: Từ [TIME]-[TIME] ngày [DATE], gói ST60N sẽ gia hạn. Cước phí [MONEY]/30 ngày có 60GB (2GB/ngày). Quý khách đảm bảo thuê bao hoạt động 2 chiều và đủ tiền để gói cước gia hạn thành công. Nếu tài khoản không đủ, gói cước sẽ gia hạn tương ứng với số tiền còn lại, tối thiểu [MONEY] (không áp dụng với thuê bao không gia hạn đủ 100% cước phí gói trong 60 ngày). Chiết khấu 2,5% khi nạp thẻ tại https://viettel.vn/nt. Để hủy gia hạn, soạn HUY gửi 191. LH 198 ([MONEY]). Trân trọng.",0
COM_1110,10/7/2026,"[QC] Trải nghiệm các tính năng dành riêng cho THUÊ BAO CỐ ĐỊNH TRÊN MY VIETTEL: Nâng cấp băng thông, đổi gói cước, hỗ trợ/báo lỗi dịch vụ, quản lý modem wifi từ xa, thay đổi thông tin (số điện thoại, địa chỉ) chỉ với thao tác đơn giản, dễ dàng tại https://myviettel.go.link/3maKg. Chi tiết LH [NUMBER] ([MONEY]). Từ chối QC, soạn TC3 gửi 199.",0
COM_1111,12/7/2026,"Viettel TB: Gói ST60N đã kết thúc. Để biết các ưu đãi khác, truy cập https://viettel.vn/goidata hoặc bấm gọi *098#. Chi tiết LH 198 ([MONEY]). Trân trọng.",0
COM_1112,12/7/2026,"Quy khach da duoc thanh toan [MONEY] tu nhan vien [NUMBER], Ngay GD: [DATE] [TIME]. Ma GD 250905657548285. LH [NUMBER] ([MONEY]). Tran trong.",0
COM_1113,12/7/2026,"Quy khach co [MONEY] trong tai khoan. Bam goi *098*3# de co 3GB voi [MONEY]/3 ngay hoac *098*989# ([MONEY]/3 ngay) co 15GB (5GB/ngay), mien phi [TIME]/cuoc noi mang, [TIME] ngoai mang, SMS noi mang va [NUMBER]. Goi cuoc gia han khi het chu ky. De biet thong tin cac uu dai khac, bam goi *098# hoac truy cap https://vietteltelecom.vn/goidata. Chi tiet LH 198 ([MONEY]). Tran trong.",0
COM_1114,12/7/2026,"Quy khach da duoc thanh toan [MONEY] tu nhan vien [NUMBER], Ngay GD: [DATE] [TIME]. Ma GD 250905656558183. LH [NUMBER] ([MONEY]). Tran trong.",0
COM_1115,12/7/2026,"Nhap ma xac thuc OTP 8051 de Dang nhap tren ung dung My Viettel. Chi tiet LH [NUMBER] ([MONEY]) hoac truy cap https://viettel.vn/app. De dam bao an toan cho tai khoan cua Quy khach, vui long khong chia se ma xac thuc nay voi bat ky ai.",0
COM_1116,12/7/2026,Thue bao [NUMBER] vua tra cuu chi tiet cuoc tren MyViettel. Tran trong,0
COM_1117,12/7/2026,"Dang ky khong thanh cong do chuong trinh khong ap dung cho thue bao. De biet cac uu dai khac, truy cap https://viettel.vn/goidata hoac bam goi *098#. Chi tiet LH 198 ([MONEY]). Tran trong.",0
COM_1118,12/7/2026,"Doi thanh cong [POINT] tieu dung Viettel++ thanh 20 MB Data. Han su dung truoc [DATE]. Tong diem tieu dung con lai trong tai khoan Viettel++ cua Quy khach la [POINT]. De kiem tra lich su doi diem va lua chon uu dai hap dan khac, vui long truy cap https://vietteltelecom.vn/vtplus. Tran trong.",0
COM_1119,12/7/2026,"[QC] Xem ngay Singapore - Việt Nam tại Vòng loại U23 Châu Á [NUMBER], [TIME] ngày 6/9.
Soạn 5GVS12 gửi 191 chỉ [MONEY]/ngày có:
- 6GB data
- Xem thể thao và truyền hình trên [NUMBER] không tốn data tại https://tv360.vn/page/sport
Ưu đãi sử dụng đến [TIME] ngày đăng ký. Gói cước gia hạn theo ngày. LH [NUMBER] ([MONEY]). Từ chối QC, soạn TC4 gửi 199.",0
COM_1120,12/7/2026,"Doi thanh cong [POINT] tieu dung Viettel++ thanh 20 MB Data. Han su dung truoc [DATE]. Tong diem tieu dung con lai trong tai khoan Viettel++ cua Quy khach la [POINT]. De kiem tra lich su doi diem va lua chon uu dai hap dan khac, vui long truy cap https://vietteltelecom.vn/vtplus. Tran trong.",0
COM_1121,12/7/2026,"[QC] Tặng 5.[POINT] Viettel++ khi trải nghiệm các tính năng dành riêng cho THUÊ BAO INTERNET: Nâng cấp băng thông, đổi gói cước, báo lỗi dịch vụ, quản lý modem wifi từ xa, thay đổi thông tin thuê bao (số điện thoại, địa chỉ) trên My Viettel tại https://myviettel.go.link/3maKg. 
Điểm tặng sẽ được lưu trong ví voucher trên ứng dụng My Viettel. Chi tiết LH [NUMBER] ([MONEY]). Từ chối QC, soạn TC3 gửi 199.",0
COM_1122,12/7/2026,"[TB] Trả sau giá hời - Data, gọi thả ga
Gói V120K - Giá [MONEY]/tháng có:
- 1,5GB/ngày.
- 50p ngoại mạng, miễn phí 20p/cuộc nội mạng. 
Gói cước gia hạn theo tháng. CT dành riêng cho Quý khách. LH [NUMBER] ([MONEY]) để đăng ký.",0
COM_1123,12/7/2026,"Moi Quy khach LO QUANG THANG, co ma hop dong [NUMBER]/HKD_TVH_TPTV_TRUONGT/18092024B truy cap https://viettel.vn/qrpay/41EE847616A9A3DA718FC11F858D0739EF77EBC1D3812DDDDF302725C3365406 de lay ma QR code va thuc hien thanh toan tren
ung dung ngan hang/vi dien tu de duoc huong uu dai. LH 198 ([MONEY]) hoac nhan vien tu van [NAME] -B SDT [NUMBER]. Tran trong!",0
COM_1124,12/7/2026,"[QC] Thang nay het tien? VAY NGAN NGAY den [MONEY] dong chi can CCCD. Tra gop 30-45 ngay. Dang ky online voi Viettel Money: https://viettelmoney.go.link/bY18O .Chi tiet LH [NUMBER] ([MONEY]). Tu choi QC, soan TC3 gui 199.",0
COM_1125,12/7/2026,"[QC] Trang bị Camera khi đăng ký DV Home Camera Viettel: Phí hòa mạng chỉ từ [MONEY]/Camera, cước lưu trữ Cloud từ [MONEY]/tháng/Camera. Truy cập https://viettel.vn/camera9 hoặc LH [NUMBER] ([MONEY]) để tìm hiểu và đăng ký dịch vụ. Từ chối QC, soạn TC3 gửi 199.",0
COM_1126,12/7/2026,"[TB] Tien ich Loi nhan thoai cua Viettel: Quy khach co cuoc goi nho tu TB [NUMBER] vao luc [TIME] [DATE]. De nghe loi nhan thoai, vui long bam goi [NUMBER] (mien phi).",0
COM_1127,12/7/2026,"So tien cuoc Quy khach da thanh toan truoc cho account t008_ftth_thanglq24 DV Ftth Viettel se het vao thang nay. De tiep tuc tham gia chuong trinh dong cuoc truoc voi uu dai hap dan, moi Quy khach nhan ma QR thanh toan Online 
tren ung dung Ngan hang, truy cap https://viettel.vn/vx/internetqrcode/[NUMBER]. LH [NUMBER] ([MONEY]). Tran trong.",0
COM_1128,12/7/2026,"[QC] Độc quyền trên [NUMBER]: Barcelona - PSG lúc 2h00 ngày 2/10. PSG hành quân đến chảo lửa Camp Nou.
Soạn DK SP gửi [NUMBER] ([MONEY]/30 ngày, gia hạn sau 30 ngày) để xem các trận đấu cúp C1 và Bundesliga độc quyền không tốn data tại https://tv360.vn/. LH [NUMBER] ([MONEY]). Từ chối QC, soạn TC4 gửi 199.",0
COM_1129,12/7/2026,(VIB) Ma xac thuc: [NUMBER] (hieu luc trong [TIME]) de xac thuc khach hang dang ky moi. Lien he [NUMBER] ([MONEY]/phut) de duoc ho tro.,0
COM_1130,12/7/2026,"(VIB) Ma OTP: 431120 (hieu luc trong [TIME]) de dang ky tai khoan thanh toan Digi, MyVIB. Lien he [NUMBER] ([MONEY]/phut) de duoc ho tro.",0
COM_1131,12/7/2026,Ma kich hoat: [NUMBER] co hieu luc trong [TIME] de dang ky su dung Smart OTP. Chi tiet vui long lien he or 19002200 ([MONEY]/phut),0
COM_1132,12/7/2026,[TrustCA] Ma OTP: 780460 cho giao dich xac thuc ky so cua Quy khach voi MyVIB. Khong chia se ma OTP nay voi bat ky ai. OTP hieu luc trong [TIME].,0
COM_1133,12/7/2026,[TB] Mời Quý khách cập nhật thông tin thuê bao chính chủ theo Căn cước công dân mới dễ dàng và nhanh chóng trên My Viettel tại https://myviettel.go.link/3H3AL. Chi tiết LH 198 ([MONEY]). Trân trọng.,0
COM_1135,12/7/2026,"Tong cuoc DV internet cua Quy khach LO QUANG THANG ma hop dong [NUMBER] thang 09/[NUMBER] la [MONEY]. Quy khach vui long thanh toan truoc ngay 15/10. De nhan ma QR thanh toan Online tren ung dung ngan hang, truy cap https://viettel.vn/qrpay/7ED76F16FE3EE64AFA9F5A0FD77D855E .
Neu da thanh toan, vui long bo qua tin nhan nay. LH [NUMBER] ([MONEY]). Tran trong.",0
COM_1136,12/7/2026,"Viettel TB: Từ [TIME]-[TIME] ngày [DATE], gói ST60N sẽ gia hạn. Cước phí [MONEY]/30 ngày có 60GB (2GB/ngày). Quý khách đảm bảo thuê bao hoạt động 2 chiều và đủ tiền để gói cước gia hạn thành công. Nếu tài khoản không đủ, gói cước sẽ gia hạn tương ứng với số tiền còn lại, 
tối thiểu [MONEY] (không áp dụng với thuê bao không gia hạn đủ 100% cước phí gói trong 60 ngày). Chiết khấu 2,5% khi nạp thẻ tại https://viettel.vn/nt. Để hủy gia hạn, soạn HUY gửi 191. LH 198 ([MONEY]). Trân trọng.",0
COM_1137,12/7/2026,"[QC] DATA LƯỚT MẠNG CẢ NGÀY.
Soạn GIC70N gửi 191: Chỉ [MONEY]/30 ngày, có 1GB/ngày, nghe toàn bộ nội dung sách nói Mydio. DV gia hạn sau 30 ngày. 
Lưu ý: CT dành riêng cho thuê bao từ 6-22 tuổi đang sử dụng gói cước GIC của Viettel. Để chuyển đổi sang gói cước GIC, soạn GIC gửi 195. LH 198 ([MONEY]). Từ chối QC, soạn TC4 gửi 199.",0
COM_1138,12/7/2026,"[TB] GÓI THOẠI CHO CON, CHA MẸ AN TÂM.
Chỉ [MONEY]/30 ngày, con bạn nhận được [TIME] gọi ngoại mạng, miễn phí [TIME]/cuộc nội mạng (tối đa [TIME]); DV gia hạn sau 30 ngày. Để đăng ký, soạn GIC30N gửi 191 trên SIM của con. 
Lưu ý: CT dành riêng cho thuê bao từ 6-22 tuổi đang sử dụng gói cước GIC của Viettel. Đăng ký ngay SIM GIC cho con tại gic.viettel.vn hoặc soạn GIC gửi 195 để chuyển đổi sang gói cước GIC. LH 198 ([MONEY]).",0
COM_1139,12/7/2026,"[QC] Vay nhanh linh hoat [TIME] - [MONEY] dong ve tay. Chi can CCCD, tra gop den 48 thang. Lai suat uu dai. Dang ky online voi Viettel Money: https://viettelmoney.go.link/fLcIg .Chi tiet LH [NUMBER] ([MONEY]). Tu choi QC, soan TC3 gui 199.",0
COM_1140,12/7/2026,"Quy khach da duoc thanh toan [MONEY] tu nhan vien [NUMBER], Ngay GD: [DATE] [TIME]. Ma GD 251008621470918. LH [NUMBER] ([MONEY]). Tran trong.",0
COM_1141,12/7/2026,Viettel TB: Gói ST60N đã khôi phục thành công. Cước phí [MONEY] có 2GB/ngày; ưu đãi sử dụng đến [DATE]. Quý khách nạp thêm [MONEY] trước [TIME] ngày [DATE] để tiếp tục sử dụng ưu đãi gói cước. Truy cập https://viettel.vn/kttk để kiểm tra ưu đãi. Chi tiết LH 198 ([MONEY]). Trân trọng.,0
COM_1142,12/7/2026,"Quy khach co [MONEY] trong tai khoan. Bam goi *098*3# de co 3GB voi [MONEY]/3 ngay hoac *098*989# ([MONEY]/3 ngay) co 15GB (5GB/ngay), mien phi [TIME]/cuoc noi mang, [TIME] ngoai mang, SMS noi mang va [NUMBER]. Goi cuoc gia han khi het chu ky.
De biet thong tin cac uu dai khac, bam goi *098# hoac truy cap https://vietteltelecom.vn/goidata. Chi tiet LH 198 ([MONEY]). Tran trong.",0
COM_1143,12/7/2026,"Quy khach da duoc thanh toan [MONEY] tu nhan vien [NUMBER], Ngay GD: [DATE] [TIME]. Ma GD 251008621510865. LH [NUMBER] ([MONEY]). Tran trong.",0
COM_1144,12/7/2026,Viettel TB: Gói ST60N đã được gia hạn sử dụng đến ngày [DATE] với cước phí [MONEY]. Truy cập https://viettel.vn/kttk để kiểm tra ưu đãi. Chi tiết LH 198 ([MONEY]). Trân trọng.,0
COM_1145,12/7/2026,"[QC] TẶNG 20.[POINT] VIETTEL++ KHI ĐỔI GÓI CƯỚC INTERNET TRÊN MY VIETTEL. Thao tác nhanh chóng, dễ dàng để nâng cao tốc độ đường truyền tại https://myviettel.go.link/1sXhJ. Điểm tặng sẽ được lưu trong ví voucher trên ứng dụng My Viettel. Chi tiết LH [NUMBER] ([MONEY]). Từ chối QC, soạn TC3 gửi 199.",0
COM_1146,12/7/2026,"[TB] RINH IPHONE 17 LIỀN TAY!
Từ ngày [DATE] - [DATE], khi Quý khách mua gói cước 5G chu kỳ 30 ngày trở lên sẽ được nhận 01 mã dự thưởng để tham gia chương trình quay số ""Lướt 5G - Rinh quà bất ngờ"" trúng điện thoại iPhone 17 và Samsung Galaxy A06 5G. Chi tiết thể lệ chương trình xem tại http://viettel.vn/luot5g.
LH 198 ([MONEY]).",0
COM_1147,12/7/2026,"[TB] NẠP THẺ ĐỦ ĐẦY - DATA XÀI NGAY!
Tặng 20% giá trị tất cả thẻ nạp vào tài khoản viễn thông trong ngày [DATE]. Tiền KM sử dụng truy cập Internet trong 15 ngày. Nạp thẻ online tại các ví điện tử, ứng dụng thanh toán hoặc tại https://viettel.vn/naptienkm . Chi tiết gọi 197 bấm phím 19 ([MONEY]). Trân trọng.",0
COM_1148,12/7/2026,Ma OTP Vinhomes cua Quy khach la: 019267,0
COM_1149,12/7/2026,"[QC] Mua sắm tại Viettel Store số 245 [NAME], phường Bình Trưng, TP. Hồ Chí Minh với ưu đãi khủng: iPhone 17 chỉ từ [MONEY], phụ kiện chỉ từ [MONEY], combo SIM số đẹp kèm gói cước chỉ [MONEY] có 300GB. CT áp dụng đến [DATE]. Chi tiết truy cập https://tinyurl.com/ymrbznzp hoặc LH [NUMBER] ([MONEY]). Từ chối QC, soạn TC3 gửi 199.",0
COM_1150,12/7/2026,"[QC] XEM BUNDESLIGA - SĂN VÉ ĐI ĐỨC CÙNG [NUMBER]! Soạn DK SP gửi [NUMBER] ([MONEY]/30 ngày, gia hạn sau 30 ngày) để xem các giải thể thao hấp dẫn trên [NUMBER] và có cơ hội trúng 1 cặp vé bay thẳng đến Đức xem trực tiếp Bundesliga, điện thoại Oppo Reno 14 F 5G hoặc áo đấu có chữ ký của các cầu thủ tham gia giải Bundesliga. Chương trình áp dụng từ 12/8 - [DATE]. Chi tiết LH [NUMBER] ([MONEY])). Từ chối QC, soạn TC4 gửi 199.",0
COM_1151,12/7/2026,"[TB] Mừng 25 năm Viettel Telecom - Cảm ơn Quý khách đã lựa chọn và đồng hành!
Để nhận ưu đãi điểm Viettel++ tương ứng với số năm Quý khách đã gắn bó cùng Viettel, truy cập https://vietteltelecom25.tv360.vn . CT áp dụng từ 15-[DATE]. Chi tiết LH 198 ([MONEY]). Trân trọng!",0
COM_1152,12/7/2026,"Viettel TB: Quy khach LO QUANG THANG ma hop dong [NUMBER] con [MONEY] cuoc dich vu internet chua duoc thanh toan. Vui long thanh toan truoc ngay [DATE]. De nhan ma QR thanh toan Online tren ung dung ngan hang, 
truy cap https://viettel.vn/qrpay/7ED76F16FE3EE64AFA9F5A0FD77D855E . Quy khach da thanh toan vui long bo qua tin nhan nay. LH [NUMBER] ([MONEY]). Tran trong.",0
COM_1153,12/7/2026,[TB] MTTQ Việt Nam kêu gọi chung tay ủng hộ đồng bào bị thiệt hại do bão lũ gây ra. Các tài khoản tiếp nhận: [NUMBER] tại Vietinbank; [NUMBER] tại BIDV; 1400666102025 tại Agribank; [NUMBER] tại Vietcombank; [NUMBER] tại MBbank.,0
COM_1155,12/7/2026,"[QC] Cơ hội TRÚNG XE MÁY HONDA SH 125i PHIÊN BẢN THỂ THAO khi hòa mạng Internet Viettel và đóng trước cước từ 6 tháng trở lên, cước thuê bao chỉ từ [MONEY]/tháng. LH [NUMBER] ([MONEY]) để được tư vấn gói cước và phí hòa mạng. CT áp dụng từ 1/10 - [DATE] tại TP. Hồ Chí Minh. Từ chối QC, soạn TC3 gửi 199.",0
COM_1156,12/7/2026,"[QC] Từ ngày 24-[DATE], Viettel mời bạn ghé Tiệm trà sữa công nghệ GIC tại Chợ Bến Thành, tham gia trải nghiệm nhận quà liền tay: mua SIM, đăng ký gói cước GIC - nhận ngay trà sữa cùng hàng ngàn phần quà hấp dẫn. Đặc biệt, đừng bỏ lỡ chương trình gặp gỡ, 
giao lưu cùng anh trai JSOL và cơ hội nhận vé YFest Viettel tại TP. Hồ Chí Minh. Xem thông tin chi tiết sự kiện tại https://viettel.vn/tiemtrasuaGIC. LH 198 (đ). Từ chối QC, soạn TC3 gửi 199.",0
COM_1157,12/7/2026,"[TB] NẠP THẺ ĐỦ ĐẦY - DATA XÀI NGAY!
Tặng 20% giá trị tất cả thẻ nạp vào tài khoản viễn thông trong ngày [DATE]. Tiền KM sử dụng truy cập Internet trong 15 ngày. Nạp thẻ online tại các ví điện tử, ứng dụng thanh toán hoặc tại https://viettel.vn/naptienkm . Chi tiết gọi 197 bấm phím 19 ([MONEY]). Trân trọng.",0
COM_1158,12/7/2026,"Quy khach da thanh toan [MONEY] cuoc DV Ftth account t008_ftth_thanglq24. De tra cuu cuoc su dung va hoa don dien tu, vui long truy cap ung dung My Viettel tai https://vietteltelecom.vn/tc hoac bam goi *098#. LH 198 ([MONEY]).",0
COM_1159,12/7/2026,"Nhap ma xac thuc OTP 7502 de Dang nhap tren ung dung My Viettel. Chi tiet LH [NUMBER] ([MONEY]) hoac truy cap https://viettel.vn/app. De dam bao an toan cho tai khoan cua Quy khach, vui long khong chia se ma xac thuc nay voi bat ky ai.",0
COM_1160,12/7/2026,Thue bao [NUMBER] cua Quy khach vua dang nhap tren http://viettel.vn. Xin cam on!,0
COM_1161,12/7/2026,Nhap ma OTP 6919 de xac thuc lien ket thue bao [NUMBER]. Vui long khong chia se ma xac thuc nay voi bat ki ai. Tran trong.,0
COM_1162,12/7/2026,Viettel da tiep nhan yeu cau Thu cuoc dong truoc cua Quy khach voi ma don hang [NUMBER]. Nhan vien Viettel se lien he Quy khach trong thoi gian som nhat. Cam on Quy khach da dong hanh cung Viettel. Chi tiet lien he [NUMBER] (mien phi). Tran trong.,0
COM_1163,12/7/2026,Thong bao: Don hang [NUMBER] cua Quy khach da duoc hen lai tu [TIME] [DATE] den [TIME] [DATE] tai dia chi S107-[NUMBER] Vinhome Grand Park Cau Xay P.Long Thanh My Tp.Thu Duc TPHCM Cau Xay-P.Long Thanh My Phuong Tang Nhon Phu Thanh pho Ho Chi Minh. Nhan vien Viettel se lien he voi Quy khach de ho tro. Chi tiet lien he [NUMBER] (mien phi). Tran trong.,0
COM_1164,12/7/2026,Quy khach ([NUMBER]): Dong truoc [MONEY] (dong 6 thang). Phi DV [MONEY]. Tra cuu tai https://vietteltelecom.vn/dccd. Tran trong.,0
COM_1165,12/7/2026,"[QC] GIA NHẬP GIC, ĐẪM DATA, ĐẬM CÁ TÍNH!
Thắng đời 1-0 khi trở thành thành viên GIC:
- Gói cước rẻ mà data ""khủng long"" mỗi ngày.
- Đặc quyền ""sít rịt"": Sở hữu kho Topping data truy cập TikTok, Facebook, YouTube... không giới hạn dung lượng, đồng giá [MONEY].
- Ngập tràn voucher ưu đãi ""đủ wow"".
Nhanh tay soạn GIC gửi 195 để gia nhập Vũ trụ số GIC - chân ái cho giới trẻ! LH 198 ([MONEY]). Từ chối QC, soạn TC4 gửi 199.",0
COM_1166,12/7/2026,"[QC] LẮP ĐẶT INTERNET VIETTEL CHO DOANH NGHIỆP với gói cước PRO2: Tốc độ tối đa 1.000Mbps (tối thiểu 500Mbps), modem công nghệ WIFI 6 mới nhất, cam kết băng thông quốc tế. Giá cước chỉ [MONEY]/tháng, tặng thêm 1-2 tháng sử dụng khi đóng trước cước 6-12 tháng. Phí hòa mạng [MONEY]. Chi tiết LH [NUMBER] ([MONEY]). Từ chối QC, soạn TC3 gửi 199.",0
COM_1167,12/7/2026,"[QC] Kính mời Quý khách trải nghiệm miễn phí bảo tàng số, hệ sinh thái sản phẩm Viettel từ 01-[DATE] và tham dự sự kiện âm nhạc Viettel Y-Fest vào 19h30 ngày [DATE] cùng các nghệ sĩ: SƠN TÙNG MTP, SOOBIN, TRÚC NHÂN, [NAME]... tại Phố Đi Bộ Nguyễn Huệ, TP. Hồ Chí Minh. Chi tiết LH 198 ([MONEY]). Từ chối QC, soạn TC3 gửi 199.",0
COM_1168,12/7/2026,[Viettel TB]: Phan anh cua Quy khach ve dich vu INTERNET tai dia chi S107-[NUMBER] Vinhome Grand Park Cau Xay P.Long Thanh My Tp.Thu Duc TPHCM da duoc tiep nhan. Nhan vien ky thuat: [NAME] dien thoai: [NUMBER] se lien he ho tro xu ly truoc [TIME] [DATE]. Tran trong!,0
COM_1169,12/7/2026,"[QC] Độc quyền trên [NUMBER]: Liverpool - Real Madrid lúc 3h00 ngày 5/11. 
Soạn DK SP gửi [NUMBER] ([MONEY]/30 ngày, gia hạn sau 30 ngày) để xem các trận đấu cúp C1 và Bundesliga độc quyền không tốn data tại https://tv360.vn/. LH [NUMBER] ([MONEY]). Từ chối QC, soạn TC4 gửi 199.",0
COM_1170,12/7/2026,"Viettel TB: Từ [TIME]-[TIME] ngày [DATE], gói ST60N sẽ gia hạn. Cước phí [MONEY]/30 ngày có 60GB (2GB/ngày). Quý khách đảm bảo thuê bao hoạt động 2 chiều và đủ tiền để gói cước gia hạn thành công. Nếu tài khoản không đủ, gói cước sẽ gia hạn tương ứng với số tiền còn lại, tối thiểu [MONEY] (không áp dụng với thuê bao không gia hạn đủ 100% cước phí gói trong 60 ngày). Chiết khấu 2,5% khi nạp thẻ tại https://viettel.vn/nt. Để hủy gia hạn, soạn HUY gửi 191. LH 198 ([MONEY]). Trân trọng.",0
COM_1171,12/7/2026,"Quy khach da dung het luu luong Data toc do cao. De tiep tuc su dung DV va lua chon goi Mobile Internet phu hop danh rieng cho TB cua Quy khach, vui long bam goi *098#. LH 198 (mien phi). Tran trong.",0
COM_1172,12/7/2026,"Viettel TB: Gói ST60N gia hạn không thành công. Gói cước sẽ được khôi phục khi thuê bao hoạt động 2 chiều và có đủ [MONEY]. Thời gian chờ khôi phục trước ngày [DATE]. Nếu tài khoản gốc không đủ, gói cước sẽ được khôi phục tương ứng với số tiền còn lại, tối thiểu [MONEY] (không áp dụng với thuê bao không gia hạn đủ 100% cước phí gói trong 60 ngày gần đây). Để hủy khôi phục, soạn HUY gửi 191. Chi tiết LH 198 ([MONEY]). Trân trọng.",0
COM_1173,12/7/2026,"Quy khach da duoc thanh toan [MONEY] tu nhan vien [NUMBER], Ngay GD: [DATE] [TIME]. Ma GD 2511077855759672. LH [NUMBER] ([MONEY]). Tran trong.",0
COM_1174,12/7/2026,"Doi thanh cong [POINT] tieu dung Viettel++ thanh 20 MB Data. Han su dung truoc [DATE]. Tong diem tieu dung con lai trong tai khoan Viettel++ cua Quy khach la [POINT]. De kiem tra lich su doi diem va lua chon uu dai hap dan khac, vui long truy cap https://vietteltelecom.vn/vtplus. Tran trong.",0
COM_1175,12/7/2026,Viettel TB: Gói ST60N đã khôi phục thành công. Cước phí [MONEY] có 2GB/ngày; ưu đãi sử dụng đến [DATE]. Quý khách nạp thêm [MONEY] trước [TIME] ngày [DATE] để tiếp tục sử dụng ưu đãi gói cước. Truy cập https://viettel.vn/kttk để kiểm tra ưu đãi. Chi tiết LH 198 ([MONEY]). Trân trọng.,0
COM_1177,12/7/2026,"[QC] CHƠI MINI GAME - 100% TRÚNG QUÀ
Viettel gửi Bạn kho quà ""cực cháy"" tại https://viettel.vn/zalo/sankhobau với hàng ngàn quà tặng hấp dẫn (tổng giá trị đến 75 tỷ đồng). Chi tiết liên hệ 198 ([MONEY]). Từ chối QC, soạn TC3 gửi 199.",0
COM_1179,12/7/2026,"[TB] NẠP THẺ ĐỦ ĐẦY - DATA XÀI NGAY!
Tặng 20% giá trị tất cả thẻ nạp vào tài khoản viễn thông trong ngày [DATE]. Tiền KM sử dụng truy cập Internet trong 15 ngày. Nạp thẻ online tại các ví điện tử, ứng dụng thanh toán hoặc tại https://viettel.vn/naptienkm . Chi tiết gọi 197 bấm phím 19 ([MONEY]). Trân trọng.",0
COM_1180,12/7/2026,"[QC] Vay nhanh den [MONEY] dong voi TIN VAY tren Viettel Money. Chi can CCCD, thu tuc online 100%. Dang ky ngay:https://viettelmoney.go.link/1bPTU . Chi tiet LH [NUMBER] ([MONEY]). Tu choi QC, soan TC3 gui 199.",0
COM_1181,12/7/2026,"[QC] Tham gia ngay chương trình Chiến binh đua top Cúp [NUMBER] tại https://tv360.vn/game/st để có cơ hội nhận các phần quà hấp dẫn: Điện thoại iPhone 17 Promax, Airpods, iPad Air M3… Chi tiết LH [NUMBER] ([MONEY]). Từ chối QC, soạn TC4 gửi 199.",0
COM_1182,12/7/2026,"[QC] Vay nhanh linh hoat [TIME] - [MONEY] dong ve tay. Chi can CCCD, tra gop den 48 thang. Lai suat uu dai. Dang ky online voi Viettel Money: https://viettelmoney.go.link/4WQNv .Chi tiet LH [NUMBER] ([MONEY]). Tu choi QC, soan TC3 gui 199.",0
COM_1183,12/7/2026,"[TB] NẠP THẺ ONLINE - DATA XÀI NGAY!
Tặng 20% giá trị tất cả thẻ nạp vào tài khoản viễn thông trong ngày [DATE]. Tiền KM sử dụng truy cập Internet trong 15 ngày. CT áp dụng khi nạp thẻ online qua các ví điện tử, ứng dụng thanh toán hoặc tại https://viettel.vn/pay/tt . Chi tiết gọi 197, bấm phím 19 ([MONEY]). Trân trọng.",0
COM_1184,12/7/2026,"[QC] ĐỘI TUYỂN VIỆT NAM XUẤT TRẬN! Đón xem trận đấu Lào - Việt Nam đầy kịch tính được phát sóng lúc [TIME] Thứ 4 ngày 19/11 trên [NUMBER] tại https://tv360.vn/page/sport . Chi tiết LH [NUMBER] ([MONEY]). Từ chối QC, soạn TC4 gửi 199.",0
COM_1185,12/7/2026,"(QC) BLACK WEEK - Tuan le Sale lon nhat nam! Co hoi Trung Vang + Ring ngay iPhone 17 Pro Max mien phi. [NUMBER] Voucher doc quyen. Dien thoai giam toi 37%. Mua phu kien tu [MONEY]. Ap dung tu 21-30/11. Mua tai https://hhmb.net/[NUMBER] - LH [NUMBER] ([MONEY]/p). De tu choi QC, Soan TC HoangHaMobi gui [NUMBER]",0
COM_1186,12/7/2026,"[TB] NÂNG CẤP ĐIỆN THOẠI - NHẬN ƯU ĐÃI 5G.
Tặng 15GB data trải nghiệm trên hạ tầng 5G trong 15 ngày (1GB/ngày) khi Quý khách nâng cấp lên điện thoại 5G. Để nhận ưu đãi, sử dụng máy 5G và soạn 5G gửi 191.
Chương trình áp dụng 1 lần đến hết ngày [DATE], dành riêng cho Quý khách. Chi tiết LH 198 ([MONEY]).",0
COM_1187,12/7/2026,"[TB] NẠP THẺ ĐỦ ĐẦY - DATA XÀI NGAY!
Tặng 20% giá trị tất cả thẻ nạp vào tài khoản viễn thông trong ngày [DATE]. Tiền KM sử dụng truy cập Internet trong 15 ngày. Nạp thẻ online tại các ví điện tử, ứng dụng thanh toán hoặc tại https://viettel.vn/naptienkm . Chi tiết gọi 197 bấm phím 19 ([MONEY]). Trân trọng.",0
COM_1188,12/7/2026,"[TB] CMND đăng ký thuê bao của Quý khách đã hết hiệu lực từ [DATE] (theo quy định của luật Căn cước). Để tiếp tục sử dụng dịch vụ, vui lòng cập nhật thông tin CC/CCCD mới nhất qua ứng dụng My Viettel tại https://viettel.vn/doigiayto . Chi tiết LH 198 ([MONEY]). Trân trọng!",0
COM_1189,12/7/2026,"888TO tai app nhan ngay [MONEY]~[MONEY],phat qua khung [NUMBER] ty.combo thuong khung [MONEY],Nhan thuong ngay tai https://ads888to44.com/?cid=[NUMBER]",0
COM_1190,12/7/2026,(TPBank) Hoa don Vi Tra Sau Momo T11.[NUMBER] cua QK co du no [MONEY]. QK co the TT toan bo du no hoac TT toi thieu truoc ngay [DATE]. Vui long bo qua neu da TT,0
COM_1191,12/7/2026,"Quy khach duoc cong them [POINT] Viettel++ boi giao dich Tieu dung vien thong thang 11/[NUMBER]. Thoi han su dung diem den [DATE]. Hay truy cap https://vietteltelecom.vn/vtplus tren My Viettel hoac *098# de doi diem sang Data, SMS, Phut goi cung nhieu uu dai gia tri khac. Chi tiet LH 198. Tran trong.",0
COM_1192,12/7/2026,"[QC] MIỄN PHÍ XEM MƯA ĐỎ - ĐỘC QUYỀN TRÊN [NUMBER]!
Soạn [NUMBER] gửi 191 ([MONEY]/30 ngày) để nhận ưu đãi: 
- 30GB (1GB/ngày).
- Miễn phí data truy cập TikTok, YouTube và Meta (Facebook, tin Messenger, Threads, Instagram).
Gói cước gia hạn sau 30 ngày.
MIỄN PHÍ xem phim chất lượng hình ảnh [MONEY] sắc nét tại https://tv360.vn/muado.
CT dành riêng cho Quý khách. LH 198 ([MONEY]). Từ chối QC, soạn TC4 gửi 199.",0
COM_1193,12/7/2026,"Quy khach duoc cong them [POINT] Viettel++ boi giao dich Tieu dung vien thong thang 11/[NUMBER]. Thoi han su dung diem den [DATE]. Hay truy cap https://vietteltelecom.vn/vtplus tren My Viettel hoac *098# de doi diem sang Data, SMS, Phut goi cung nhieu uu dai gia tri khac. Chi tiet LH 198. Tran trong.",0
COM_1194,12/7/2026,"Viettel TB: Từ [TIME]-[TIME] ngày [DATE], gói ST60N sẽ gia hạn. Cước phí [MONEY]/30 ngày có 60GB (2GB/ngày). Quý khách đảm bảo thuê bao hoạt động 2 chiều và đủ tiền để gói cước gia hạn thành công. Nếu tài khoản không đủ, gói cước sẽ gia hạn tương ứng với số tiền còn lại, tối thiểu [MONEY] (không áp dụng với thuê bao không gia hạn đủ 100% cước phí gói trong 60 ngày). Chiết khấu 2,5% khi nạp thẻ tại https://viettel.vn/nt. Để hủy gia hạn, soạn HUY gửi 191. LH 198 ([MONEY]). Trân trọng.",0
COM_1196,12/7/2026,"Viettel TB: Gói ST60N gia hạn không thành công. Gói cước sẽ được khôi phục khi thuê bao hoạt động 2 chiều và có đủ [MONEY]. Thời gian chờ khôi phục trước ngày [DATE]. Nếu tài khoản gốc không đủ, gói cước sẽ được khôi phục tương ứng với số tiền còn lại, tối thiểu [MONEY] (không áp dụng với thuê bao không gia hạn đủ 100% cước phí gói trong 60 ngày gần đây). Để hủy khôi phục, soạn HUY gửi 191. Chi tiết LH 198 ([MONEY]). Trân trọng.",0
COM_1197,12/7/2026,"Quy khach da duoc thanh toan [MONEY] tu nhan vien [NUMBER], Ngay GD: [DATE] [TIME]. Ma GD 251207631660598. LH [NUMBER] ([MONEY]). Tran trong.",0
COM_1198,12/7/2026,"[TB] GỌI ĐIỆN, LƯỚT MẠNG CẢ NGÀY.
1. Soạn SD70 gửi 191: Chỉ [MONEY]/30 ngày có 30GB (1GB/ngày).
2. Soạn V90B gửi 191: Chỉ [MONEY]/30 ngày có 30GB (1GB/ngày), [TIME] ngoại mạng, miễn phí [TIME]/cuộc nội mạng.
Các gói cước gia hạn sau 30 ngày. CT dành riêng cho Quý khách. LH 198 ([MONEY]).",0
COM_1199,12/7/2026,"[TB] NẠP THẺ ĐỦ ĐẦY - DATA XÀI NGAY!
Tặng 20% giá trị tất cả thẻ nạp vào tài khoản viễn thông trong ngày [DATE]. Tiền KM sử dụng truy cập Internet trong 15 ngày. Nạp thẻ online tại các ví điện tử, ứng dụng thanh toán hoặc tại https://viettel.vn/naptienkm . Chi tiết gọi 197 bấm phím 19 ([MONEY]). Trân trọng.",0
COM_1201,12/7/2026,"[QC] Độc quyền trên [NUMBER]: Real Madrid - Man City, 3h00 ngày 11/12. Soạn DK SP gửi [NUMBER] ([MONEY]/30 ngày, gia hạn sau 30 ngày) để xem các trận đấu thể thao đặc sắc tại http://s.viettel.vn/UEFALPTV1 . LH [NUMBER] ([MONEY]). Từ chối QC, soạn TC4 gửi 199.",0
COM_1202,12/7/2026,"[TB] NẠP THẺ ONLINE - DATA XÀI NGAY!
Tặng 20% giá trị tất cả thẻ nạp vào tài khoản viễn thông trong ngày [DATE]. Tiền KM sử dụng truy cập Internet trong 15 ngày. CT áp dụng khi nạp thẻ online qua các ví điện tử, ứng dụng thanh toán hoặc tại https://viettel.vn/pay/tt . Chi tiết gọi 197, bấm phím 19 ([MONEY]). Trân trọng.",0
COM_1203,12/7/2026,[TB] CMND đăng ký thuê bao của Quý khách đã hết hiệu lực từ [DATE] (theo quy định luật Căn cước). Quý khách vui lòng mang CC/CCCD đến điểm giao dịch Viettel để được hỗ trợ. Chi tiết LH 198 ([MONEY]). Trân trọng.,0
COM_1204,12/7/2026,MCREDIT T/B Ma OTP xac thuc ky [NUMBER] cua QK la [NUMBER].OTP co gia tri trong [TIME].QK luu y KHONG CUNG CAP cho bat ky ai.LH:[NUMBER].Xin cam on!,0
COM_1205,12/7/2026,Mcredit T/B: QK da ky HD 1000725120976254 va giai ngan thanh cong [MONEY]. LH [NUMBER],0
COM_1206,12/7/2026,G-[NUMBER] là mã xác minh Google của bạn. Đừng chia sẻ với bất kỳ ai.,0
COM_1207,12/7/2026,"[TB] Cảm ơn Quý khách đã đồng hành cùng Viettel trong năm [NUMBER]. Truy cập antuongviettel.tv360.vn để nhìn lại các sự kiện ấn tượng và nhận phần quà hấp dẫn, tạo những bức ảnh AI thật độc đáo. LH 198 ([MONEY]). Trân trọng!",0
COM_1208,12/7/2026,[TB] Giáng sinh an lành - Năm mới vẹn toàn! Viettel kính chúc Quý khách một mùa lễ ấm áp và năm mới thành công. Chân thành cảm ơn Quý khách đã luôn tin tưởng lựa chọn dịch vụ.,0
COM_1210,12/7/2026,"[TB] NẠP THẺ ĐỦ ĐẦY - DATA XÀI NGAY!
Tặng 20% giá trị tất cả thẻ nạp vào tài khoản viễn thông trong ngày [DATE]. Tiền KM sử dụng truy cập Internet trong 15 ngày. Nạp thẻ online tại các ví điện tử, ứng dụng thanh toán hoặc tại https://viettel.vn/naptienkm . Chi tiết gọi 197 bấm phím 19 ([MONEY]). Trân trọng.",0
COM_1211,12/7/2026,"[TB] CMND đăng ký thuê bao của Quý khách đã hết hiệu lực từ [DATE] (theo luật Căn cước). Để tiếp tục sử dụng, vui lòng dùng điện thoại thông minh có hỗ trợ quét CC/CCCD gắn chip, truy cập https://viettel.vn/doigiayto , tải/đăng nhập My Viettel và cập nhật thông tin mới nhất hoặc đến cửa hàng giao dịch Viettel để được hỗ trợ. 
Tặng [MONEY] vào tài khoản khuyến mại khi thực hiện online qua My Viettel trước [DATE], ưu đãi cộng vào ngày hôm sau. LH 198 ([MONEY]).",0
COM_1213,12/7/2026,"Viettel thong bao: Tu ngay [DATE] gia cuoc goi trong zone cua Quy khach la [MONEY]/phut (noi mang) va [MONEY]/phut (ngoai mang), gia cuoc goi ngoai zone (noi mang, ngoai mang) la [MONEY]/phut. Tran trong.",0
COM_1214,12/7/2026,HD T1.[NUMBER] Vi Tra Sau den han trong ky nghi Tet [NUMBER]. QK vui long TT truoc [DATE] tai App MoMo de tranh anh huong LSTD. Bo qua neu da TT,0
COM_1215,12/7/2026,"Quy khach duoc cong them [POINT] Viettel++ boi giao dich Tieu dung vien thong thang 12/[NUMBER]. Thoi han su dung diem den [DATE]. Hay truy cap https://vietteltelecom.vn/vtplus tren My Viettel hoac *098# de doi diem sang Data, SMS, Phut goi cung nhieu uu dai gia tri khac. Chi tiet LH 198. Tran trong.",0
COM_1216,12/7/2026,"Viettel TB: Từ [TIME]-[TIME] ngày [DATE], gói ST60N sẽ gia hạn. Cước phí [MONEY]/30 ngày có 60GB (2GB/ngày). Quý khách đảm bảo thuê bao hoạt động 2 chiều và đủ tiền để gói cước gia hạn thành công. Nếu tài khoản không đủ, gói cước sẽ gia hạn tương ứng với số tiền còn lại, tối thiểu [MONEY] (không áp dụng với thuê bao không gia hạn đủ 100% cước phí gói trong 60 ngày). Chiết khấu 2,5% khi nạp thẻ tại https://viettel.vn/nt. Để hủy gia hạn, soạn HUY gửi 191. LH 198 ([MONEY]). Trân trọng.",0
COM_1217,12/7/2026,"[QC] U23 Việt Nam - U23 Jordan lúc 18h30 ngày [DATE]. Đồng hành cùng U23 Việt Nam thi đấu tại Vòng Chung kết U23 Châu Á [NUMBER] trên [NUMBER]! Soạn DK SP gửi [NUMBER] ([MONEY]/30 ngày, gia hạn sau 30 ngày) để xem các trận đấu giải C1 và Bundelisga độc quyền, không tốn data 4G/5G tại http://s.viettel.vn/tv360.10 . Chi tiết LH [NUMBER] ([MONEY]). Từ chối QC, soạn TC4 gửi 199.",0
COM_1218,12/7/2026,"Quy khach duoc cong them [POINT] Viettel++ boi giao dich Tieu dung vien thong thang 12/[NUMBER]. Thoi han su dung diem den [DATE]. Hay truy cap https://vietteltelecom.vn/vtplus tren My Viettel hoac *098# de doi diem sang Data, SMS, Phut goi cung nhieu uu dai gia tri khac. Chi tiet LH 198. Tran trong.",0
COM_1219,12/7/2026,"Viettel TB: Gói ST60N gia hạn không thành công. Gói cước sẽ được khôi phục khi thuê bao hoạt động 2 chiều và có đủ [MONEY]. Thời gian chờ khôi phục trước ngày [DATE]. Nếu tài khoản gốc không đủ, gói cước sẽ được khôi phục tương ứng với số tiền còn lại, tối thiểu [MONEY] (không áp dụng với thuê bao không gia hạn đủ 100% cước phí gói trong 60 ngày gần đây). Để hủy khôi phục, soạn HUY gửi 191. Chi tiết LH 198 ([MONEY]). Trân trọng.",0
COM_1220,12/7/2026,"[QC] MỞ LÀ 100% TRÚNG QUÀ.
Viettel tặng Quý khách ưu đãi giá trị lên đến [MONEY] khi tham gia mở quà CT Săn kho báu tại https://viettel.vn/SanKhobau. Mỗi khách hàng chỉ có một lượt chơi duy nhất. LH 198 ([MONEY]). Từ chối QC, soạn TC4 gửi 199.",0
COM_1221,12/7/2026,"Doi thanh cong [POINT] tieu dung Viettel++ thanh 20 MB Data. Han su dung truoc [DATE]. Tong diem tieu dung con lai trong tai khoan Viettel++ cua Quy khach la 1.[POINT]. De kiem tra lich su doi diem va lua chon uu dai hap dan khac, vui long truy cap https://vietteltelecom.vn/vtplus. Tran trong.",0
COM_1222,12/7/2026,8qbet tai khoan moi tao theo link duoi nhan code [MONEY]. Nap dau nhan [MONEY]. Rut k gioi han [MONEY]! Tai https://dx3389.8qbet16.com,0
COM_1223,12/7/2026,"Doi thanh cong [POINT] tieu dung Viettel++ thanh 20 MB Data. Han su dung truoc [DATE]. Tong diem tieu dung con lai trong tai khoan Viettel++ cua Quy khach la 1.[POINT]. De kiem tra lich su doi diem va lua chon uu dai hap dan khac, vui long truy cap https://vietteltelecom.vn/vtplus. Tran trong.",0
COM_1224,12/7/2026,"[QC] Bạn là Fan hâm mộ của Tottenham, Bayern Munich hay Juventus...? Đừng bỏ lỡ Hội Fan tranh tài trên ứng dụng [NUMBER] tại https://tv360.vn/game/c1 . Cuộc cạnh tranh giữa các cộng đồng yêu bóng đá với cơ hội nhận quà hấp dẫn: Cặp vé xem chung kết cúp C1 Châu Âu, điện thoại Samsung, tivi Samsung... Chi tiết LH [NUMBER] ([MONEY]). Từ chối QC, soạn TC4 gửi 199.",0
COM_1225,12/7/2026,"Doi thanh cong [POINT] tieu dung Viettel++ thanh 20 MB Data. Han su dung truoc [DATE]. Tong diem tieu dung con lai trong tai khoan Viettel++ cua Quy khach la [POINT]. De kiem tra lich su doi diem va lua chon uu dai hap dan khac, vui long truy cap https://vietteltelecom.vn/vtplus. Tran trong.",0
COM_1226,12/7/2026,"[TB] NẠP THẺ ONLINE - DATA XÀI NGAY!
Tặng 50% giá trị tất cả thẻ nạp vào tài khoản viễn thông trong ngày [DATE]. Tiền KM sử dụng truy cập Internet trong 15 ngày. CT áp dụng khi nạp thẻ online qua các ví điện tử, ứng dụng thanh toán hoặc tại https://viettel.vn/pay/tt . Chi tiết gọi 197, bấm phím 19 ([MONEY]). Trân trọng.",0
COM_1227,12/7/2026,"[TB] CMND đăng ký thuê bao của Quý khách đã hết hiệu lực từ [DATE] (theo luật Căn cước). Để tiếp tục sử dụng, vui lòng dùng điện thoại thông minh có hỗ trợ quét CC/CCCD gắn chip, truy cập https://viettel.vn/doigiayto , tải/đăng nhập My Viettel và cập nhật thông tin mới nhất hoặc đến cửa hàng giao dịch Viettel để được hỗ trợ. Chi tiết LH 198 ([MONEY]). Trân trọng.",0
COM_1228,12/7/2026,"Dang ky [MONEY],Tai App nhan [MONEY],Khuyen mai nap dau 100% Lixi moi ngay [MONEY] VIP [MONEY] https://m.[NUMBER].com/Account/Register?f=[NUMBER]",0
COM_1229,12/7/2026,"[QC] Vay nhanh linh hoat [TIME] - [MONEY] dong. Chi can CCCD, tra gop den 48 thang. Lai suat chi tu 2.2%/thang. Dang ky online voi Viettel Money: https://viettelmoney.go.link/fLcIg .Chi tiet LH [NUMBER] ([MONEY]). Tu choi QC, soan TC3 gui 199.",0
COM_1230,12/7/2026,"[QC] Thang nay het tien? VAY NGAN NGAY nhan den [MONEY] chi sau [TIME], chi can CCCD. Tra gop 30-45 ngay. Dang ky online voi Viettel Money: https://viettelmoney.go.link/bY18O .Chi tiet LH [NUMBER] ([MONEY]). Tu choi QC, soan TC3, gui 199.",0
COM_1231,12/7/2026,"Quý khách vừa nạp thẻ thành công và được khuyến mại 50% để truy cập Internet ([MONEY]/50KB) trong 15 ngày, bấm gọi *102# để kiểm tra. Chi tiết LH 198 ([MONEY]). Trân trọng.",0
COM_1232,12/7/2026,"Quy khach da duoc thanh toan [MONEY] tu nhan vien [NUMBER], Ngay GD: [DATE] [TIME]. Ma GD 260110621672685. LH [NUMBER] ([MONEY]). Tran trong.",0
COM_1233,12/7/2026,Viettel TB: Gói ST60N đã khôi phục thành công. Cước phí [MONEY] có 2GB/ngày; ưu đãi sử dụng đến [DATE]. Quý khách nạp thêm [MONEY] trước [TIME] ngày [DATE] để tiếp tục sử dụng ưu đãi gói cước. Truy cập https://viettel.vn/kttk để kiểm tra ưu đãi. Chi tiết LH 198 ([MONEY]). Trân trọng.,0
COM_1234,12/7/2026,"Quy khach da duoc thanh toan [MONEY] tu nhan vien [NUMBER], Ngay GD: [DATE] [TIME]. Ma GD 260110621404662. LH [NUMBER] ([MONEY]). Tran trong.",0
COM_1235,12/7/2026,Viettel TB: Gói ST60N đã được gia hạn sử dụng đến ngày [DATE] với cước phí [MONEY]. Truy cập https://viettel.vn/kttk để kiểm tra ưu đãi. Chi tiết LH 198 ([MONEY]). Trân trọng.,0
COM_1236,12/7/2026,"[QC] 5G SIÊU TỐC - CHÁY CÙNG U23! 
Đăng ký gói [NUMBER] để xem truyền hình trực tiếp trận U23 Việt Nam - U23 Ả Rập Saudi ngày 12/1 trên [NUMBER]. Soạn [NUMBER] gửi 191: [MONEY]/30 ngày có 30GB (1GB/ngày), miễn phí data truy cập TikTok, YouTube, Meta (Facebook, tin Messenger, Threads, Instagram). Gói cước gia hạn sau 30 ngày. CT dành riêng cho Quý khách. LH 198 ([MONEY]). Từ chối QC, soạn TC4 gửi 199.",0
COM_1237,12/7/2026,HD 1000725120976254 ngay [DATE] den han thanh toan [MONEY]. Nhap ma [NUMBER] vao MoMo de TT. Vui long bo qua neu da TT. LH [NUMBER],0
COM_1238,12/7/2026,"[QC] Vay nhanh linh hoat [TIME] - [MONEY] dong. Chi can CCCD, tra gop den 48 thang. Lai suat chi tu 2.2%/thang. Dang ky online voi Viettel Money: https://viettelmoney.go.link/4WQNv .Chi tiet LH [NUMBER] ([MONEY]). Tu choi QC, soan TC3 gui 199.",0
COM_1239,12/7/2026,"Cam on ban da dang ky, [NUMBER] la ma so kham cua ban",0
COM_1240,12/7/2026,"[QC] ĐÓN XEM TỨ KẾT - 5G SIÊU NÉT! 
Đăng ký gói [NUMBER] để xem truyền hình trực tiếp trận U23 Việt Nam - U23 UAE ngày 16/1 trên [NUMBER]. Soạn [NUMBER] gửi 191: [MONEY]/30 ngày có 30GB (1GB/ngày), miễn phí data truy cập TikTok, YouTube, Meta (Facebook, tin Messenger, Threads, Instagram). Gói cước gia hạn sau 30 ngày. CT dành riêng cho Quý khách. LH 198 ([MONEY]). Từ chối QC, soạn TC4 gửi 199.",0
COM_1241,12/7/2026,"[QC] Tứ kết U23 Việt Nam - U23 UAE lúc [TIME] ngày [DATE]. Đón xem màn so tài đỉnh cao trên [NUMBER]! Soạn DK SP gửi [NUMBER] ([MONEY]/30 ngày, gia hạn sau 30 ngày) để xem các trận đấu giải C1 và Bundesliga độc quyền, không tốn data 4G/5G tại http://s.viettel.vn/tv360.10 . Chi tiết LH [NUMBER] ([MONEY]). Từ chối QC, soạn TC4 gửi 199.",0
COM_1242,12/7/2026,"[TB] CMND đăng ký thuê bao của Quý khách đã hết hiệu lực từ [DATE] (theo luật Căn cước). Để tiếp tục sử dụng, vui lòng dùng điện thoại thông minh có hỗ trợ quét CC/CCCD gắn chip, truy cập https://viettel.vn/doigiayto, tải/đăng nhập My Viettel và cập nhật thông tin mới nhất hoặc đến cửa hàng giao dịch Viettel để được hỗ trợ. 
Tặng [MONEY] vào tài khoản khuyến mại khi thực hiện online qua My Viettel trước [DATE], ưu đãi cộng vào ngày hôm sau. LH 198 ([MONEY]).",0
COM_1243,12/7/2026,"[TB] Ứng dụng Tuyên giáo và Dân vận - kênh thông tin chính thống của Đảng; chủ trương, chính sách được cập nhật nhanh, giải thích dễ hiểu; thư viện số phong phú; hỏi - đáp, tra cứu thuận tiện; lắng nghe, phản hồi ý kiến Nhân dân. 
Mời Nhân dân tham gia sử dụng: https://tgdv.vtscloud.vn/installation",0
COM_1244,12/7/2026,Tai khoan cua Quy khach sap het. Soan UT gui [NUMBER] de xac nhan cong [MONEY] vao tai khoan (cuoc DV [MONEY]). Chi tiet LH [NUMBER] (mien phi).,0
COM_1246,12/7/2026,"[TB] Chung tay vì một cộng đồng không ma tuý, toàn dân hãy tố giác tội phạm, tệ nạn ma tuý đến số hotline Cục trưởng Cục Cảnh sát ĐTTP về ma tuý: [NUMBER]. Bảo mật tuyệt đối người cung cấp tin, thông tin giá trị sẽ được xem xét khen thưởng.",0
COM_1247,12/7/2026,"[QC] Mở thẻ tín dụng VPBank miễn phí thường niên, hạn mức đến [MONEY], trả góp [MONEY] cùng hoàn tiền tới 15%. Để đăng ký nhận link mở thẻ và đồng ý cung cấp số điện thoại của QK cho VPBank (qua đối tác Viettel, CTCP Thịnh Phát) và nhận hướng dẫn mở thẻ, soạn VP gửi [NUMBER] (MP). Từ chối QC, soạn TC gửi [NUMBER].",0
COM_1248,12/7/2026,"[TB] NẠP THẺ ĐỦ ĐẦY - DATA XÀI NGAY!
Tặng 20% giá trị tất cả thẻ nạp vào tài khoản viễn thông trong ngày [DATE]. Tiền KM sử dụng truy cập Internet trong 15 ngày. Nạp thẻ online tại các ví điện tử, ứng dụng thanh toán hoặc tại https://viettel.vn/naptienkm . Chi tiết gọi 197 bấm phím 19 ([MONEY]). Trân trọng.",0
COM_1249,12/7/2026,"[TB] CƠ HỘI DUY NHẤT!
Gói ST15K chỉ còn [MONEY]/3 ngày (giá gốc [MONEY]) có 3GB. Gói cước gia hạn với giá gốc sau 3 ngày. CT áp dụng với lần đăng ký đầu tiên đến 31/01 cho thuê bao nhận được tin nhắn. LH 198 ([MONEY]). Để đăng ký:
Soạn 1 gửi 191.",0
COM_1250,12/7/2026,"[TB] CƠ HỘI DUY NHẤT!
Gói ST15K chỉ còn [MONEY]/3 ngày (giá gốc [MONEY]) có 3GB. Gói cước gia hạn với giá gốc sau 3 ngày. CT áp dụng với lần đăng ký đầu tiên đến 31/01 cho thuê bao nhận được tin nhắn. LH 198 ([MONEY]). Để đăng ký:
Soạn ST15K gửi 191.",0
COM_1251,12/7/2026,"[TB] DÙNG DATA - GIÁ CHỈ [MONEY]!
Chỉ [MONEY]/ngày có ngay 1GB sử dụng đến [TIME], gia hạn theo ngày. Ưu đãi áp dụng cho 3 lần đăng ký/gia hạn đầu tiên trước 01/02 cho thuê bao nhận được tin nhắn.
Sau KM, gói cước gia hạn với giá [MONEY]. LH 198 ([MONEY]). Để tham gia:
Soạn ST7K gửi 191.",0
COM_1252,18/07/2026,"FPT ID Ma OTP cua QK la 253881, hieu luc [TIME]. FPT ID dung dang nhap cac App FPT, KHONG chia se ma nay voi bat ky ai, ke ca NV FPT.
@accounts.fpt.vn #[NUMBER]",0
COM_1253,18/07/2026,"Cam on ban da hoan tat kiem tra diem tin dung CIC tren MoMo. De dang nhap ung dung CIC, vui long su dung: Ten dang nhap: [NUMBER], Mat khau: x!{qvB=!C+2+",0
COM_1254,18/07/2026,"[QC] Xem các phim Hàn - Trung được phát song song trên [NUMBER], không quảng cáo: Yết Hí, Danh Dự Cuối Cùng, Hoa Máu, [NAME]... tại https://tv360.vn/movies. Soạn DK PH gửi [NUMBER] ([MONEY]/30 ngày) để đăng ký gói Vcine [NUMBER]. Gói cước gia hạn sau 30 ngày. Chi tiết LH [NUMBER] ([MONEY]). Từ chối QC, soạn TC4 gửi 199.",0
COM_1255,18/07/2026,"[TB] Sắm Data cho cả nhà cùng 5G Family.
Soạn [NUMBER] gửi 191: [MONEY]/30 ngày có 1GB/ngày, miễn phí data truy cập TikTok, YouTube, các ứng dụng của Meta (Facebook, Threads, Instagram, nhắn tin Messenger). Gói cước gia hạn sau 30 ngày. CT dành riêng cho Quý khách.
ĐẶC BIỆT: Chiết khấu đến 20% và nhận 10.[POINT] Viettel++ khi tham gia nhóm gia đình trước ngày [DATE] tại https://vietteltelecom.vn/5gfml.
Chi tiết LH 198 ([MONEY]).",0
COM_1256,18/07/2026,"Quy khach duoc cong them [POINT] Viettel++ boi giao dich Tieu dung vien thong thang 01/[NUMBER]. Thoi han su dung diem den [DATE]. Hay truy cap https://vietteltelecom.vn/vtplus tren My Viettel hoac *098# de doi diem sang Data, SMS, Phut goi cung nhieu uu dai gia tri khac. Chi tiet LH 198. Tran trong.",0
COM_1258,18/07/2026,"[TB] GỌI ĐIỆN, LƯỚT MẠNG CẢ NGÀY.
1. Soạn SD90 gửi 191: Chỉ [MONEY]/30 ngày có 45GB (1,5GB/ngày).
2. Soạn V120B gửi 191: Chỉ [MONEY]/30 ngày có 45GB (1,5GB/ngày), [TIME] ngoại mạng, miễn phí [TIME]/cuộc nội mạng.
Gói cước gia hạn sau 30 ngày. CT dành riêng cho Quý khách. LH 198 ([MONEY]).",0
COM_1259,18/07/2026,"Quy khach duoc cong them [POINT] Viettel++ boi giao dich Tieu dung vien thong thang 01/[NUMBER]. Thoi han su dung diem den [DATE]. Hay truy cap https://vietteltelecom.vn/vtplus tren My Viettel hoac *098# de doi diem sang Data, SMS, Phut goi cung nhieu uu dai gia tri khac. Chi tiet LH 198. Tran trong.",0
COM_1260,18/07/2026,"[TB] SẮM GÓI DATA DÀNH RIÊNG CHO TẾT!
Soạn TET26 gửi 191: [MONEY]/5 ngày có:
- 26GB.
- 260p gọi nội mạng.
- Xem hài Tết, phim Tết, show Tết, thể thao, giải trí trên [NUMBER].
Gói cước gia hạn sau 5 ngày. Chi tiết gói xem tại https://vietteltelecom.vn/tet26. LH 198 ([MONEY]).",0
COM_1261,18/07/2026,"(QC) Soan XNM gui [NUMBER]: [MONEY]/ngay co ngay 250MB de nghe hang nghin sach noi, truyen audio chat luong cao tren Mydio tai http://mydio.vn. Goi cuoc gia han theo ngay. Chi tiet LH [NUMBER] ([MONEY]). Tu choi QC, soan TC4 gui 199.",0
COM_1262,18/07/2026,"Doi thanh cong [POINT] tieu dung Viettel++ thanh 100 MB Data. Han su dung truoc [DATE]. Tong diem tieu dung con lai trong tai khoan Viettel++ cua Quy khach la [POINT]. De kiem tra lich su doi diem va lua chon uu dai hap dan khac, vui long truy cap https://vietteltelecom.vn/vtplus. Tran trong.",0
COM_1263,18/07/2026,"Viettel TB: Từ [TIME]-[TIME] ngày [DATE], gói ST60N sẽ gia hạn. Cước phí [MONEY]/30 ngày có 60GB (2GB/ngày). Quý khách đảm bảo thuê bao hoạt động 2 chiều và đủ tiền để gói cước gia hạn thành công. Nếu tài khoản không đủ, gói cước sẽ gia hạn tương ứng với số tiền còn lại, tối thiểu [MONEY] (không áp dụng với thuê bao không gia hạn đủ 100% cước phí gói trong 60 ngày). Chiết khấu 2,5% khi nạp thẻ tại https://viettel.vn/nt. Để hủy gia hạn, soạn HUY gửi 191. LH 198 ([MONEY]). Trân trọng.",0
COM_1264,18/07/2026,"[QC] RỰC LỬA BUNDESLIGA: Bayern Munich - Hoffenheim! Đón xem màn so tài kịch tính lúc [TIME] Chủ nhật, ngày 8/2 trên [NUMBER]. Soạn DK SP gửi [NUMBER] ([MONEY]/30 ngày, gia hạn sau 30 ngày) để xem các trận đấu độc quyền giải C1 và Bundesliga, không tốn data 4G/5G tại https://tv360.vn/ . Chi tiết gọi [NUMBER] ([MONEY]). Từ chối quảng cáo, soạn TC4 gửi 199.",0
COM_1265,18/07/2026,"[TB] Đề nghị người dân chấp hành nghiêm các quy định của pháp luật về quản lý, sử dụng vũ khí, vật liệu nổ, công cụ hỗ trợ và pháo. Khi phát hiện hành vi vi phạm, cần báo ngay cho cơ quan Công an nơi gần nhất hoặc gửi tố giác, kiến nghị, phản ảnh qua ứng dụng VNeID.",0
COM_1266,18/07/2026,"[TB] Tien ich Loi nhan thoai cua Viettel: Quy khach co loi nhan tu TB [NUMBER] vao luc [TIME] [DATE]. Voi noi dung: Alo ủa cái này là cái này chờ alo.. De nghe loi nhan thoai, vui long bam goi [NUMBER] (mien phi).",0
COM_1267,18/07/2026,"Viettel TB: Gói ST60N gia hạn không thành công. Gói cước sẽ được khôi phục khi thuê bao hoạt động 2 chiều và có đủ [MONEY]. Thời gian chờ khôi phục trước ngày [DATE]. Nếu tài khoản gốc không đủ, gói cước sẽ được khôi phục tương ứng với số tiền còn lại, tối thiểu [MONEY] (không áp dụng với thuê bao không gia hạn đủ 100% cước phí gói trong 60 ngày gần đây). Để hủy khôi phục, soạn HUY gửi 191. Chi tiết LH 198 ([MONEY]). Trân trọng.",0
COM_1268,18/07/2026,"[TB] CMND đăng ký thuê bao của Quý khách đã hết hiệu lực từ [DATE] (theo quy định luật Căn cước). Quý khách vui lòng dùng điện thoại thông minh có hỗ trợ quét CC/CCCD gắn chip, truy cập https://viettel.vn/doigiayto , tải/đăng nhập My Viettel và cập nhật thông tin mới nhất hoặc đến cửa hàng giao dịch Viettel để được hỗ trợ. 
Tặng 7GB dùng trong 7 ngày khi thực hiện online qua My Viettel trước [DATE], ưu đãi cộng vào ngày hôm sau. Chi tiết LH 198 ([MONEY]). Trân trọng.",0
COM_1269,18/07/2026,"Doi thanh cong [POINT] tieu dung Viettel++ thanh 40 MB Data. Han su dung truoc [DATE]. Tong diem tieu dung con lai trong tai khoan Viettel++ cua Quy khach la [POINT]. De kiem tra lich su doi diem va lua chon uu dai hap dan khac, vui long truy cap https://vietteltelecom.vn/vtplus. Tran trong.",0
COM_1270,18/07/2026,"[TB] SỐ DƯ ĐỦ ĐẦY - ĐÓN TẾT SUM VẦY!
Tặng 26% giá trị tất cả thẻ nạp vào tài khoản viễn thông trong ngày [DATE]. Tiền khuyến mại sử dụng truy cập Internet trong 15 ngày. Nạp thẻ online tại các ví điện tử, ứng dụng thanh toán hoặc tại https://viettel.vn/naptienkm . Chi tiết gọi 197 bấm phím 19 ([MONEY]). Trân trọng.",0
COM_1271,18/07/2026,HD 1000725120976254 ngay [DATE] den han thanh toan [MONEY]. Nhap ma [NUMBER] vao MoMo de TT. Vui long bo qua neu da TT. LH [NUMBER],0
COM_1272,18/07/2026,"[TB] Nhân dịp Xuân Bính Ngọ [NUMBER], Viettel kính chúc Quý khách và Gia đình một năm mới An Khang, Thịnh Vượng. Trân quý gửi tặng Quý khách 12.[POINT] Viettel++ với ý nghĩa 12 tháng trong năm [NUMBER] Lộc Vẹn Toàn. Kính mời Quý khách truy cập https://tv360.vn/game/lixi để nhận điểm. Viettel trân trọng cảm ơn Quý khách đã tin yêu và đồng hành.",0
COM_1273,18/07/2026,"[QC] TẾT VẸN TOÀN - HÂN HOAN KẾT NỐI
Cơ hội trúng 1 chỉ vàng, voucher Shopee [MONEY], tiền viễn thông [MONEY] cùng hàng ngàn quà tặng hấp dẫn khi mua gói cước 5G, gói Nine từ 30 ngày trở lên hoặc tham gia nhóm gia đình 5G Family. Chương trình áp dụng đến hết [DATE], chi tiết xem tại https://tv360.vn/game/tet2026. Liên hệ 198 ([MONEY]). Từ chối quảng cáo, soạn TC4 gửi 199.",0
COM_1274,18/07/2026,"Doi thanh cong [POINT] tieu dung Viettel++ thanh 40 MB Data. Han su dung truoc [DATE]. Tong diem tieu dung con lai trong tai khoan Viettel++ cua Quy khach la [POINT]. De kiem tra lich su doi diem va lua chon uu dai hap dan khac, vui long truy cap https://vietteltelecom.vn/vtplus. Tran trong.",0
COM_1275,18/07/2026,"[TB] Ngày [DATE], tất cả cử tri cả nước đi bầu cử đại biểu Quốc hội khóa XVI và đại biểu Hội đồng nhân dân các cấp nhiệm kỳ [NUMBER] - [NUMBER]. Tham gia bầu cử đại biểu Quốc hội khóa XVI và đại biểu Hội đồng nhân dân các cấp nhiệm kỳ [NUMBER] - [NUMBER] là quyền lợi và nghĩa vụ của mỗi cử tri. Trân trọng!",0
COM_1277,18/07/2026,"Moi Quy khach soan tin de tham gia DV Data Plus:
1 gui [NUMBER] de cong 2048MB (cuoc [MONEY], su dung trong 5 ngay).
2 gui [NUMBER] de cong 2048MB (cuoc [MONEY], su dung trong vong [TIME] sau khi cong).
Tin nhan co hieu luc trong [TIME]. Chi tiet LH [NUMBER] (mien phi).",0
COM_1279,18/07/2026,"[TB] MIỄN PHÍ DATA LƯỚT MẠNG XÃ HỘI.
Soạn [NUMBER] gửi 191: [MONEY]/30 ngày có 1GB/ngày, miễn phí data truy cập TikTok, YouTube, Meta (Facebook, Threads, Instagram, nhắn tin Messenger).
Gói cước gia hạn sau 30 ngày. Chương trình dành riêng cho Quý khách. Liên hệ 198 ([MONEY]).",0
COM_1280,18/07/2026,"Doi thanh cong [POINT] tieu dung Viettel++ thanh 40 MB Data. Han su dung truoc [DATE]. Tong diem tieu dung con lai trong tai khoan Viettel++ cua Quy khach la [POINT]. De kiem tra lich su doi diem va lua chon uu dai hap dan khac, vui long truy cap https://vietteltelecom.vn/vtplus. Tran trong.",0
COM_1281,18/07/2026,"Quy khach da duoc thanh toan [MONEY] tu nhan vien [NUMBER], Ngay GD: [DATE] [TIME]. Ma GD 2602207949504088. LH [NUMBER] ([MONEY]). Tran trong.",0
COM_1282,18/07/2026,"Quy khach co [MONEY] trong tai khoan. Bam goi *098*3# de co 3GB voi [MONEY]/3 ngay hoac *098*989# ([MONEY]/3 ngay) co 15GB (5GB/ngay), mien phi [TIME]/cuoc noi mang, [TIME] ngoai mang, SMS noi mang va [NUMBER]. Goi cuoc gia han khi het chu ky. De biet thong tin cac uu dai khac, bam goi *098# hoac truy cap https://vietteltelecom.vn/goidata. Chi tiet LH 198 ([MONEY]). Tran trong.",0
COM_1283,18/07/2026,"Nhap ma xac thuc OTP 1101 de Dang nhap tren ung dung My Viettel. Chi tiet LH [NUMBER] ([MONEY]) hoac truy cap https://viettel.vn/app. De dam bao an toan cho tai khoan cua Quy khach, vui long khong chia se ma xac thuc nay voi bat ky ai.",0
COM_1284,18/07/2026,Viettel TB: Gói ST60N đã khôi phục thành công. Cước phí [MONEY] có 2GB/ngày; ưu đãi sử dụng đến [DATE]. Quý khách nạp thêm [MONEY] trước [TIME] ngày [DATE] để tiếp tục sử dụng ưu đãi gói cước. Truy cập https://viettel.vn/kttk để kiểm tra ưu đãi. Chi tiết LH 198 ([MONEY]). Trân trọng.,0
COM_1285,18/07/2026,Đăng ký gói ST15K không thành công do tài khoản không đủ [MONEY]. Quý khách nạp thêm tiền để đăng ký lại. Đặc biệt: Cập nhật nhiều ưu đãi HOT khi Nạp thẻ/Mua data qua Viettel Money tại https://viettelmoney.go.link/eiCbh. LH 198 ([MONEY]). Trân trọng.,0
COM_1286,18/07/2026,"Uu dai tang Quy khach theo chinh sach cua goi cuoc Mobile Internet: xem cac kenh truyen hinh, kho phim da dang, cac giai the thao dinh cao tren [NUMBER] tai https://tv360.vn (chi xem tren dien thoai, may tinh bang, may tinh). Chi tiet LH [NUMBER] ([MONEY]).",0
COM_1287,18/07/2026,"Sau khi hủy gia hạn gói ST15K, ưu đãi còn lại sẽ được sử dụng đến hết chu kỳ. Để xác nhận hủy, soạn Y gửi 191. Để từ chối hủy gia hạn và được tặng thêm 614MB khi gói cước gia hạn thành công chu kỳ tiếp theo, soạn N gửi 191. Chi tiết LH 198 ([MONEY]). Trân trọng.",0
COM_1288,18/07/2026,"Gói ST15K đã hủy gia hạn thành công. Để biết các ưu đãi khác, truy cập https://viettel.vn/goidata hoặc bấm gọi *098#. Chi tiết LH 198 ([MONEY]). Trân trọng.",0
COM_1289,18/07/2026,"Viettel TB: Từ [TIME]-[TIME] ngày [DATE], gói ST15K sẽ gia hạn. Cước phí [MONEY]/3 ngày có 3GB. Quý khách đảm bảo thuê bao hoạt động 2 chiều và đủ tiền để gói cước gia hạn thành công. Để hủy gia hạn, soạn HUY ST15K gửi 191. Đặc biệt: Cập nhật nhiều ưu đãi HOT khi Nạp thẻ/Mua data qua Viettel Money tại https://viettelmoney.go.link/eiCbh. LH 198 ([MONEY]). Trân trọng.",0
COM_1290,18/07/2026,"[TB] NẠP THẺ LIỀN TAY - KHAI XUÂN MAY MẮN!
Tặng 26% giá trị tất cả thẻ nạp vào tài khoản viễn thông trong ngày [DATE]. Tiền khuyến mại sử dụng truy cập Internet trong 15 ngày. Nạp thẻ online tại các ví điện tử, ứng dụng thanh toán hoặc tại https://viettel.vn/naptienkm . Chi tiết gọi 197 bấm phím 19 ([MONEY]). Trân trọng.",0
COM_1291,18/07/2026,"Nhap ma xac thuc OTP 1312 de Dang nhap tren ung dung My Viettel. Chi tiet LH [NUMBER] ([MONEY]) hoac truy cap https://viettel.vn/app. De dam bao an toan cho tai khoan cua Quy khach, vui long khong chia se ma xac thuc nay voi bat ky ai.",0
COM_1292,18/07/2026,Thue bao [NUMBER] cua Quy khach vua dang nhap ung dung My Viettel - http://viettel.vn/app tren mot thiet bi co ten: [NUMBER]. Xin cam on!,0
COM_1293,18/07/2026,"Quy khach da duoc thanh toan [MONEY] tu nhan vien [NUMBER], Ngay GD: [DATE] [TIME]. Ma GD 2602237951391961. LH [NUMBER] ([MONEY]). Tran trong.",0
COM_1294,18/07/2026,"Quy khach co [MONEY] trong tai khoan. Bam goi *098*3# de co 3GB voi [MONEY]/3 ngay hoac *098*989# ([MONEY]/3 ngay) co 15GB (5GB/ngay), mien phi [TIME]/cuoc noi mang, [TIME] ngoai mang, SMS noi mang va [NUMBER]. Goi cuoc gia han khi het chu ky. De biet thong tin cac uu dai khac, bam goi *098# hoac truy cap https://vietteltelecom.vn/goidata. Chi tiet LH 198 ([MONEY]). Tran trong.",0
COM_1295,18/07/2026,"Quý khách vừa nạp thẻ thành công và được khuyến mại 26% để truy cập Internet ([MONEY]/50KB) trong 15 ngày, bấm gọi *102# để kiểm tra. Chi tiết LH 198 ([MONEY]). Trân trọng.",0
COM_1296,18/07/2026,"Viettel TB: Gói ST15K đã kết thúc. Để biết các ưu đãi khác, truy cập https://viettel.vn/goidata hoặc bấm gọi *098#. Chi tiết LH 198 ([MONEY]). Trân trọng.",0
COM_1297,18/07/2026,[PUBG] mã: [NUMBER]. có hiệu lực cho [TIME].,0
COM_1298,18/07/2026,"Quý khách đã đăng ký thành công gói ST7K: [MONEY]/ngày có 1GB sử dụng đến [TIME] ngày [DATE]. Truy cập https://viettel.vn/kttk để kiểm tra ưu đãi. Gói cước gia hạn theo ngày. Để hủy gia hạn, soạn HUY ST7K gửi 191. Chi tiết LH 198 ([MONEY]). Trân trọng.",0
COM_1299,18/07/2026,"Viettel TB: Gói ST7K đã gia hạn thành công. Truy cập https://viettel.vn/kttk để kiểm tra ưu đãi. Để hủy gia hạn, soạn HUY ST7K gửi 191. Chi tiết LH 198 ([MONEY]). Trân trọng.",0
COM_1300,18/07/2026,"Viettel TB: Quý khách đã sử dụng hết lưu lượng data của gói ST7K. Để mua thêm, truy cập https://viettel.vn/goidata hoặc bấm gọi *098#. Chi tiết LH 198 ([MONEY]). Trân trọng.",0
COM_1301,18/07/2026,"Nhap ma OTP 8371 de xac thuc Dang nhap tren ung dung My Viettel. Chi tiet LH [NUMBER] ([MONEY]) hoac truy cap https://viettel.vn/app. De dam bao an toan cho tai khoan cua Quy khach, vui long khong chia se ma xac thuc nay voi bat ky ai.",0
COM_1302,18/07/2026,Viettel TB: Chương trình gia hạn gói ST60N theo số dư tài khoản sẽ hết hạn vào [TIME] ngày [DATE]. Quý khách nạp thêm [MONEY] để gói cước gia hạn thành công. Chi tiết LH 198 ([MONEY]). Trân trọng.,0
COM_1303,18/07/2026,"[TB] Thời gian nhận điểm Viettel++ lì xì đầu xuân sẽ hết hạn vào [DATE]. Quý khách truy cập ngay https://tv360.vn/game/lixi để nhận điểm và đổi sang ưu đãi: data tốc độ cao, phút gọi, SMS cùng nhiều voucher hấp dẫn. Chi tiết liên hệ 198 ([MONEY]). Trân trọng.",0
COM_1304,18/07/2026,"[TB] THOẢI MÁI DATA LƯỚT MẠNG XÃ HỘI.
Soạn [NUMBER] gửi 191: [MONEY]/30 ngày có 1GB/ngày, miễn phí data truy cập TikTok, YouTube, Meta (Facebook, Threads, Instagram, nhắn tin Messenger).
Gói cước gia hạn sau 30 ngày. Chương trình dành riêng cho Quý khách. Liên hệ 198 ([MONEY]).",0
COM_1305,18/07/2026,"Viettel TB: Gói ST60N gia hạn không thành công. Gói cước sẽ khôi phục khi thuê bao hoạt động 2 chiều và có đủ [MONEY] trước ngày [DATE]. Nếu tài khoản gốc không đủ, gói cước sẽ được khôi phục tương ứng với số tiền còn lại, tối thiểu [MONEY] (không áp dụng với thuê bao gia hạn không đủ 100% cước phí gói trong 60 ngày gần đây). Để hủy khôi phục, soạn HUY gửi 191. Chi tiết LH 198 ([MONEY]). Trân trọng.",0
COM_1306,18/07/2026,"[TB] TẾT VẸN TOÀN - FLASH SALE 26%!
Duy nhất trên My Viettel đến 03/03, lúc [TIME]-[TIME] và [TIME]-[TIME] hàng ngày.
Chỉ còn [MONEY]/30 ngày (giá gốc [MONEY]) để sở hữu gói [NUMBER]:
+ 1GB/ngày.
+ Miễn phí data truy cập TikTok, YouTube, Meta (Facebook, Threads, Instagram, nhắn tin Messenger).
Đăng ký ngay tại https://vietteltelecom.vn/2026_MXH100.
Gói cước gia hạn với giá gốc sau 30 ngày. Chương trình dành riêng cho Quý khách. Liên hệ 198 ([MONEY]).",0
COM_1307,18/07/2026,"[QC] Vất vả mang quà quê lên phố? 
Gửi hàng qua Tomato Box tiết kiệm, tiện lợi! Tạo đơn nhanh trong [TIME], lấy hàng tận nhà. Truy cập https://vietteltelecom.vn/donhangvtpost hoặc liên hệ [NUMBER] ([MONEY]/p từ thuê bao Viettel) để tạo đơn hàng. Nhập mã TOM26 để được giảm giá 10% (đơn hàng trên 2kg). Từ chối quảng cáo, soạn TC7 VT_MALL gửi 197.",0
COM_1308,18/07/2026,(TPBank) Hoa don Vi Tra Sau Momo T02.[NUMBER] cua QK co du no [MONEY]. QK co the TT toan bo du no hoac TT toi thieu truoc ngay [DATE]. Vui long bo qua neu da TT,0
COM_1309,18/07/2026,[TB] Tien ich Loi nhan thoai cua Viettel: Quy khach co cuoc goi nho tu TB [NUMBER] vao luc [TIME] 04/03/26.,0
COM_1310,18/07/2026,"Quy khach duoc cong them [POINT] Viettel++ boi giao dich Tieu dung vien thong thang 02/[NUMBER]. Thoi han su dung diem den [DATE]. Hay truy cap https://vietteltelecom.vn/vtplus tren My Viettel hoac *098# de doi diem sang Data, SMS, Phut goi cung nhieu uu dai gia tri khac. Chi tiet LH 198. Tran trong.",0
COM_1311,18/07/2026,"Tai khoan cua Quy khach sap het, soan UT gui [NUMBER] (trong vong [TIME]) de duoc cong [MONEY], su dung trong [TIME] tu DV Fast Airtime. Tai khoan cong se duoc tru khi Quy khach nap the. Tai khoan cong chua su dung het se bi huy khi het thoi gian su dung (Tai khoan cong chi su dung goi, nhan tin noi mang va ngoai mang). Tu choi nhan tin nhan, soan TC gui [NUMBER]. Chi tiet LH [NUMBER] (mien phi).",0
COM_1312,18/07/2026,"Quy khach duoc cong them [POINT] Viettel++ boi giao dich Tieu dung vien thong thang 02/[NUMBER]. Thoi han su dung diem den [DATE]. Hay truy cap https://vietteltelecom.vn/vtplus tren My Viettel hoac *098# de doi diem sang Data, SMS, Phut goi cung nhieu uu dai gia tri khac. Chi tiet LH 198. Tran trong.",0
COM_1313,18/07/2026,"So tien cuoc Quy khach da thanh toan truoc cho account t008_ftth_thanglq24 DV Ftth Viettel se het vao thang nay. De tiep tuc tham gia chuong trinh dong cuoc truoc voi uu dai hap dan, moi Quy khach nhan ma QR thanh toan Online tren ung dung Ngan hang, truy cap https://viettel.vn/vx/internetqrcode/4740FC88543B8D6926CD324FCCA4C0A5. LH [NUMBER] ([MONEY]). Tran trong.",0
COM_1314,18/07/2026,"[QC] Đài Bắc Trung Hoa - Việt Nam lúc 12h00 ngày 07/03. Đồng hành cùng đội tuyển Việt Nam thi đấu tại Giải vô địch bóng đá nữ Châu Á [NUMBER] với [NUMBER]. Soạn DK30 gửi [NUMBER] ([MONEY]/30 ngày, gia hạn sau 30 ngày) để xem các trận đấu đỉnh cao trong nước, quốc tế và các trận đấu độc quyền tại giải C1, Bundesliga, phim phát song song mới nhất, không tốn data 4G/5G tại http://s.viettel.vn/tv360.10 . Chi tiết gọi [NUMBER] ([MONEY]). Từ chối quảng cáo, soạn TC4 gửi 199.",0
COM_1315,18/07/2026,"[TB] CMND đăng ký thuê bao của Quý khách đã hết hiệu lực từ [DATE] (theo quy định luật Căn cước). Quý khách vui lòng dùng điện thoại thông minh có hỗ trợ quét CC/CCCD gắn chip, truy cập https://viettel.vn/doigiayto, tải và đăng nhập My Viettel, cập nhật thông tin CC/CCCD mới nhất hoặc đến cửa hàng giao dịch Viettel để được hỗ trợ. Chi tiết liên hệ 198 ([MONEY]). Trân trọng.",0
COM_1316,18/07/2026,"[TB] 5G KẾT NỐI, LAN TỎA YÊU THƯƠNG!
Nhân dịp 8/3, cùng Viettel tặng quà đến những người yêu thương!
Soạn TANG 5G10 SĐT gửi 191 để tặng gói 5G10 ([MONEY]/lần, người nhận có 6GB sử dụng đến [TIME], SĐT là số điện thoại của người nhận).
Chi tiết liên hệ 198 ([MONEY]).",0
COM_1317,18/07/2026,"Doi thanh cong [POINT] tieu dung Viettel++ thanh 20 MB Data. Han su dung truoc [DATE]. Tong diem tieu dung con lai trong tai khoan Viettel++ cua Quy khach la [POINT]. De kiem tra lich su doi diem va lua chon uu dai hap dan khac, vui long truy cap https://vietteltelecom.vn/vtplus. Tran trong.",0
COM_1318,18/07/2026,"Quy khach co [MONEY] trong tai khoan. Bam goi *098*3# de co 3GB voi [MONEY]/3 ngay hoac *098*989# ([MONEY]/3 ngay) co 15GB (5GB/ngay), mien phi [TIME]/cuoc noi mang, [TIME] ngoai mang, SMS noi mang va [NUMBER]. Goi cuoc gia han khi het chu ky. De biet thong tin cac uu dai khac, bam goi *098# hoac truy cap https://vietteltelecom.vn/goidata. Chi tiet LH 198 ([MONEY]). Tran trong.",0
COM_1319,18/07/2026,"Quy khach da duoc thanh toan [MONEY] tu nhan vien [NUMBER], Ngay GD: [DATE] [TIME]. Ma GD 260308673761843. LH [NUMBER] ([MONEY]). Tran trong.",0
COM_1320,18/07/2026,"Nhap ma xac thuc OTP 0678 de Dang nhap tren ung dung My Viettel. Chi tiet LH [NUMBER] ([MONEY]) hoac truy cap https://viettel.vn/app. De dam bao an toan cho tai khoan cua Quy khach, vui long khong chia se ma xac thuc nay voi bat ky ai.",0
COM_1321,18/07/2026,"Quý khách đã đăng ký thành công gói SD90: [MONEY]/30 ngày có 45GB (1,5GB/ngày). Gói cước gia hạn sau 30 ngày. Truy cập https://viettel.vn/kttk để kiểm tra ưu đãi. Chi tiết LH 198 ([MONEY]). Trân trọng.",0
COM_1322,18/07/2026,"[TB] THOẢI MÁI DATA LƯỚT MẠNG XÃ HỘI.
Soạn [NUMBER] gửi 191: [MONEY]/30 ngày có 1GB/ngày, miễn phí data truy cập TikTok, YouTube, Meta (Facebook, Threads, Instagram, nhắn tin Messenger).
Gói cước gia hạn sau 30 ngày. Chương trình dành riêng cho Quý khách. Lliên hệ 198 ([MONEY]).",0
COM_1323,18/07/2026,"[TB] NẠP THẺ LIỀN TAY - DATA XÀI NGAY!
Tặng 20% giá trị tất cả thẻ nạp vào tài khoản viễn thông trong ngày [DATE]. Tiền khuyến mại sử dụng truy cập Internet trong 15 ngày. Nạp thẻ online tại các ví điện tử, ứng dụng thanh toán hoặc tại https://viettel.vn/naptienkm . Chi tiết gọi 197 bấm phím 19 ([MONEY]). Trân trọng.",0
COM_1325,18/07/2026,"[QC] Trả sau giá hời - Data, gọi thả ga!
Gói V120K ([MONEY]/tháng) có:
- 1,5GB/ngày.
- 50p ngoại mạng, miễn phí 20p/cuộc nội mạng. 
Gói cước gia hạn theo tháng. CT dành riêng cho Quý khách. LH [NUMBER] ([MONEY]) để đăng ký. Từ chối QC, soạn TC4 gửi 199.",0
COM_1327,18/07/2026,[TB] Ủy ban Bầu cử Thành phố Hồ Chí Minh trân trọng kính mời cử tri Thành phố tham gia bầu cử đại biểu Quốc hội khóa XVI và đại biểu Hội đồng nhân dân các cấp nhiệm kỳ [NUMBER] - [NUMBER] vào ngày [DATE].,0
COM_1328,18/07/2026,HD 1000725120976254 ngay [DATE] den han thanh toan [MONEY]. Nhap ma [NUMBER] vao MoMo de TT. Vui long bo qua neu da TT. LH [NUMBER],0
COM_1329,18/07/2026,"[TB] NGÀY HỘI BẦU CỬ - NẠP THẺ CHUNG VUI!
Tặng 20% giá trị tất cả thẻ nạp vào tài khoản viễn thông trong ngày [DATE]. Tiền KM sử dụng truy cập Internet trong 15 ngày. Chương trình áp dụng khi nạp thẻ online qua các ví điện tử, ứng dụng thanh toán hoặc tại https://viettel.vn/pay/tt . Chi tiết gọi 197, bấm phím 19 ([MONEY]). Trân trọng.",0
COM_1330,18/07/2026,"[QC] Vay nhanh den [MONEY] dong voi TIN VAY tren Viettel Money. Chi can CCCD, thu tuc online 100%, lai suat chi tu 1.8%/thang. Dang ky ngay:https://viettelmoney.go.link/1bPTU . Chi tiet LH [NUMBER] ([MONEY]). Tu choi QC, soan TC3 gui 199.",0
COM_1331,18/07/2026,"[QC] 1 cham giai ngan den [MONEY] dong, chi can CCCD, lai suat chi tu 1.9%/thang. Dang ky Vay nhanh Mcredit voi Viettel Money: https://viettelmoney.go.link/6qBN1 .Chi tiet LH [NUMBER] ([MONEY]). Tu choi QC, soan TC3, gui 199.",0
COM_1332,18/07/2026,G-[NUMBER] is your Google verification code. Don't share your code with anyone.,0
COM_1333,18/07/2026,"Tai khoan cua Quy khach sap het, soan UT hoac Y gui [NUMBER] (trong vong [TIME]) de duoc cong [MONEY], su dung trong [TIME] tu DV Fast Airtime. Tai khoan cong se duoc tru khi Quy khach nap the. Tai khoan cong chua su dung het se bi huy khi het thoi gian su dung (Tai khoan cong chi su dung goi, nhan tin noi mang va ngoai mang). Tu choi nhan tin nhan, soan TC gui [NUMBER]. Chi tiet LH [NUMBER] (mien phi).",0
COM_1335,18/07/2026,"Tai khoan cua Quy khach sap het, soan UT gui [NUMBER] (trong vong [TIME]) de duoc cong [MONEY], su dung trong [TIME] tu DV Fast Airtime. Tai khoan cong se duoc tru khi Quy khach nap the. Tai khoan cong chua su dung het se bi huy khi het thoi gian su dung (Tai khoan cong chi su dung goi, nhan tin noi mang va ngoai mang). Tu choi nhan tin nhan, soan TC gui [NUMBER]. Chi tiet LH [NUMBER] (mien phi).",0
COM_1336,18/07/2026,"[TB] Goi data ban dang su dung se het han vao ngay mai! Tiet kiem hon khi su dung cac goi cuoc sau:
1. 5G135N co 180GB/30 ngay chi [MONEY]
2. 5G180B co 180GB/30 ngay + mien phi goi chi [MONEY]
3. 5GMXH200 co 210GB/30 ngay + mien phi goi chi [MONEY]
Mua ngay tai https://viettelmoney.vn/data . Luu y: Danh sach goi cuoc kha dung co the thay doi tuy theo dieu kien thue bao tai thoi diem mua. LH [NUMBER] ([MONEY]).",0
COM_1337,18/07/2026,"[TB] NẠP THẺ LIỀN TAY - DATA XÀI NGAY!
Tặng 20% giá trị tất cả thẻ nạp vào tài khoản viễn thông trong ngày [DATE]. Tiền khuyến mại sử dụng truy cập Internet trong 15 ngày. Nạp thẻ online tại các ví điện tử, ứng dụng thanh toán hoặc tại https://viettel.vn/naptienkm . Chi tiết gọi 197 bấm phím 19 ([MONEY]). Trân trọng.",0
COM_1338,18/07/2026,"[TB] CMND đăng ký thuê bao của Quý khách đã hết hiệu lực từ [DATE] (theo quy định luật Căn cước). Quý khách vui lòng dùng điện thoại thông minh có hỗ trợ quét CC/CCCD gắn chip, truy cập https://viettel.vn/doigiayto, tải/đăng nhập My Viettel và cập nhật thông tin CC/CCCD mới nhất hoặc đến cửa hàng giao dịch Viettel để được hỗ trợ. Tặng [MONEY] vào tài khoản khuyến mại khi thực hiện online qua My Viettel trước [DATE], ưu đãi cộng vào ngày hôm sau. Chi tiết liên hệ 198 ([MONEY]). Trân trọng.",0
COM_1339,18/07/2026,"[QC] Cơ hội TRÚNG XE MÁY HONDA SH 125i PHIÊN BẢN THỂ THAO khi hòa mạng Combo Internet + Truyền hình hoặc Combo Internet + Camera Viettel và đóng trước cước từ 6 tháng, giá chỉ từ [MONEY]/tháng. Chương trình áp dụng tại TP. Hồ Chí Minh từ 1/4 - [DATE]. Chi tiết gọi [NUMBER] ([MONEY]). Từ chối quảng cáo, soạn TC3 gửi 199.",0
COM_1340,18/07/2026,(TPBank) Hoa don Vi Tra Sau Momo T03.[NUMBER] cua QK co du no [MONEY]. QK co the TT toan bo du no hoac TT toi thieu truoc ngay [DATE]. Vui long bo qua neu da TT,0
COM_1342,18/07/2026,"[TB] CMND đăng ký thuê bao của Quý khách đã hết hiệu lực từ [DATE] (theo quy định luật Căn cước). Quý khách vui lòng dùng điện thoại thông minh có hỗ trợ quét CC/CCCD gắn chip, truy cập https://viettel.vn/doigiayto, tải/đăng nhập My Viettel và cập nhật thông tin CC/CCCD mới nhất hoặc đến cửa hàng giao dịch Viettel để được hỗ trợ. Tặng [MONEY] vào tài khoản khuyến mại khi thực hiện online qua My Viettel trước [DATE], ưu đãi cộng vào ngày hôm sau. Chi tiết liên hệ 198 ([MONEY]). Trân trọng.",0
COM_1343,18/07/2026,"[TB] LƯỚT NET SIÊU MƯỢT VỚI 5G.
Soạn 5G135N gửi 191 để xác nhận đăng ký gói cước: [MONEY]/30 ngày có 180GB (6GB/ngày), xem [NUMBER] gói Tiêu chuẩn.
Gói cước gia hạn sau 30 ngày. Chương trình dành riêng cho Quý khách. Liên hệ 198 ([MONEY]).",0
COM_1344,18/07/2026,"Quy khach duoc cong them [POINT] Viettel++ boi giao dich Tieu dung vien thong thang 03/[NUMBER]. Thoi han su dung diem den [DATE]. Hay truy cap https://vietteltelecom.vn/vtplus tren My Viettel hoac *098# de doi diem sang Data, SMS, Phut goi cung nhieu uu dai gia tri khac. Chi tiet LH 198. Tran trong.",0
COM_1345,18/07/2026,"Viettel TB: Từ [TIME]-[TIME] ngày [DATE], gói SD90 sẽ gia hạn. Cước phí [MONEY]/30 ngày có 45GB (1,5GB/ngày). Quý khách đảm bảo thuê bao hoạt động 2 chiều và đủ tiền để gói cước gia hạn thành công. Nếu tài khoản gốc không đủ, gói cước sẽ gia hạn tương ứng với số tiền còn lại, tối thiểu [MONEY] (không áp dụng với thuê bao không gia hạn đủ 100% cước phí gói trong 60 ngày). Để hủy gia hạn, soạn HUY gửi 191. Chi tiết LH 198 ([MONEY]). Trân trọng.",0
COM_1346,18/07/2026,Ma OTP Vinhomes cua Quy khach la: 902879,0
COM_1347,18/07/2026,"Viettel TB: Gói SD90 đã gia hạn đến ngày [DATE] với cước phí [MONEY] có 1,5GB/ngày. Quý khách nạp thêm [MONEY] trước [TIME] ngày [DATE] để tiếp tục gia hạn gói cước. Truy cập https://viettel.vn/kttk để kiểm tra ưu đãi. Chi tiết LH 198 ([MONEY]). Trân trọng.",0
COM_1348,18/07/2026,"Tai khoan cua Quy khach sap het. Soan UT hoac Y gui [NUMBER] de xac nhan cong [MONEY] vao tai khoan (cuoc DV [MONEY]). Muon cong muc thap hon, soan UTx gui [NUMBER] (x la gia tri can cong va la boi so cua 5, 1 don vi cua x tuong ung [MONEY], toi thieu x=10. Vi du: UT10 de cong [MONEY] vao tai khoan) hoac bam 1588sodienthoai de yeu cau nguoi nghe la thue bao Viettel tra phi cuoc goi. Chi tiet soan HD gui [NUMBER] hoac LH [NUMBER] ([MONEY]). Xin cam on.",0
COM_1349,18/07/2026,"[QC] U20 Việt Nam - U20 Bangladesh lúc 20h00 ngày 07/04.
Đồng hành cùng đội tuyển Việt Nam thi đấu tại Giải vô địch bóng đá nữ Châu Á [NUMBER] với [NUMBER]! Soạn DK SP gửi [NUMBER] ([MONEY]/30 ngày, gia hạn sau 30 ngày) để xem các trận đấu đỉnh cao trong nước, quốc tế và các trận đấu độc quyền tại giải C1, Bundesliga, không tốn data 4G/5G tại http://s.viettel.vn/tv360.9 . Chi tiết gọi [NUMBER] ([MONEY]). Từ chối quảng cáo, soạn TC4 gửi 199.",0
COM_1350,18/07/2026,"[QC] GIA NHẬP GIC, ĐẪM DATA, ĐẬM CÁ TÍNH!
Trải nghiệm khác biệt khi trở thành thành viên GIC:
- Gói cước rẻ chỉ từ [MONEY]/tháng.
- Data ""khủng long"" mỗi ngày.
- Đặc quyền ""sít rịt"": Sở hữu kho Topping data truy cập TikTok, Facebook, YouTube... không giới hạn dung lượng, đồng giá [MONEY].
- Ngập tràn ưu đãi chấn động.
Nhanh tay soạn GIC gửi 195 để gia nhập Vũ trụ số GIC - chân ái cho giới trẻ! Liên hệ 198 ([MONEY]). Từ chối quảng cáo, soạn TC4 gửi 199.",0
COM_1351,18/07/2026,"[QC] Vay nhanh linh hoat [TIME] - [MONEY] dong. Chi can CCCD, tra gop den 48 thang. Lai suat chi tu 2.2%/thang. Dang ky online voi Viettel Money: https://viettelmoney.go.link/4WQNv .Chi tiet LH [NUMBER] ([MONEY]). Tu choi QC, soan TC3 gui 199.",0
COM_1352,18/07/2026,G-[NUMBER] is your Google verification code. Don't share your code with anyone.,0
COM_1353,18/07/2026,Viettel TB: Chương trình gia hạn gói SD90 theo số dư tài khoản sẽ hết hạn vào [TIME] ngày [DATE]. Quý khách nạp thêm [MONEY] để gói cước gia hạn thành công. Chi tiết LH 198 ([MONEY]). Trân trọng.,0
COM_1354,18/07/2026,"[TB] NẠP THẺ LIỀN TAY - DATA XÀI NGAY!
Tặng 20% giá trị tất cả thẻ nạp vào tài khoản viễn thông trong ngày [DATE]. Tiền khuyến mại sử dụng truy cập Internet trong 15 ngày. Nạp thẻ online tại các ví điện tử, ứng dụng thanh toán hoặc tại https://viettel.vn/naptienkm . Chi tiết gọi 197 bấm phím 19 ([MONEY]). Trân trọng.",0
COM_1356,18/07/2026,"Viettel TB: Chương trình gia hạn gói SD90 theo số dư tài khoản đã kết thúc. Gói cước sẽ khôi phục khi thuê bao hoạt động 2 chiều và có đủ [MONEY]. Thời gian chờ khôi phục trước ngày [DATE]. Nếu tài khoản gốc không đủ, 
gói cước sẽ khôi phục tương ứng với số tiền còn lại, tối thiểu [MONEY] (không áp dụng với thuê bao không gia hạn đủ 100% cước phí gói trong 60 ngày gần đây). Để hủy khôi phục, soạn HUY gửi 191. Chi tiết LH 198 ([MONEY]). Trân trọng.",0
COM_1357,18/07/2026,"Quy khach da duoc thanh toan [MONEY] tu nhan vien [NUMBER], Ngay GD: [DATE] [TIME]. Ma GD 260411630782582. LH [NUMBER] ([MONEY]). Tran trong.",0
COM_1358,18/07/2026,"Quy khach co [MONEY] trong tai khoan. Bam goi *098*3# de co 3GB voi [MONEY]/3 ngay hoac *098*989# ([MONEY]/3 ngay) co 15GB (5GB/ngay), mien phi [TIME]/cuoc noi mang, [TIME] ngoai mang, SMS noi mang va [NUMBER]. 
Goi cuoc gia han khi het chu ky. De biet thong tin cac uu dai khac, bam goi *098# hoac truy cap https://vietteltelecom.vn/goidata. Chi tiet LH 198 ([MONEY]). Tran trong.",0
COM_1359,18/07/2026,Viettel TB: Gói ST60N đã khôi phục thành công. Cước phí [MONEY]/30 ngày có 60GB (2GB/ngày). Truy cập https://viettel.vn/kttk để kiểm tra ưu đãi. Chi tiết LH 198 ([MONEY]). Trân trọng.,0
COM_1360,18/07/2026,"Moi Quy khach soan tin de tham gia cong MB data. Soan:
5 gui 211 de cong 3.072 MB data voi gia [MONEY], su dung trong 7 ngay
De cong tai nguyen khac, soan:
1 gui 211 de cong [TIME] noi mang ([MONEY]/p), su dung trong 15 ngay
2 gui 211 de cong [TIME] ngoai mang ([MONEY]/p), su dung trong 15 ngay
3 gui 211 de cong 100 tin nhan noi mang ([MONEY]/tin), su dung trong 15 ngay
4 gui 211 de cong 20 tin nhan ngoai mang ([MONEY]/tin), su dung trong 7 ngay
Chi tiet LH [NUMBER] (mien phi).",0
COM_1361,18/07/2026,"[QC] VAY NHANH - DUYET DE! Nhan den [MONEY] tren Viettel Money chi voi CCCD, lai suat chi tu 1.7%/thang. Vay online nhanh tai day: https://viettelmoney.go.link/eygWA .Chi tiet LH [NUMBER] ([MONEY]). Tu choi QC, soan TC3, gui 199.",0
COM_1362,18/07/2026,"[TB] NẠP THẺ LIỀN TAY - Viettel tặng 50% giá trị thẻ nạp đầu tiên vào tài khoản viễn thông, tiền KM sử dụng truy cập Internet trong 15 ngày. Chương trình áp dụng từ thời điểm Quý khách nhận được tin nhắn đến 21/04, 
nạp thẻ ngay để khôi phục gói SD90 ([MONEY]/30 ngày có 1,5GB/ngày). Giảm thêm 2,5% khi nạp tại https://viettel.vn/pay/tt . Liên hệ 198 ([MONEY]).",0
COM_1363,18/07/2026,"Nhap ma xac thuc OTP 7961 de Dang nhap tren ung dung My Viettel. Chi tiet LH [NUMBER] ([MONEY]) hoac truy cap https://viettel.vn/app. De dam bao an toan cho tai khoan cua Quy khach, vui long khong chia se ma xac thuc nay voi bat ky ai.",0
COM_1364,18/07/2026,Nhap ma OTP 0542 de xac nhan yeu cau thay doi giay to tren My Viettel. Tran trong!,0
COM_1365,18/07/2026,TB: Yeu cau thay doi giay to cua Quy khach da duoc phe duyet thanh cong. Tran trong!,0
COM_1366,18/07/2026,"Nhap ma xac thuc OTP 4612 de Dang nhap tren ung dung My Viettel. Chi tiet LH [NUMBER] ([MONEY]) hoac truy cap https://viettel.vn/app. De dam bao an toan cho tai khoan cua Quy khach, vui long khong chia se ma xac thuc nay voi bat ky ai.",0
COM_1367,18/07/2026,Viettel thong bao: Yeu cau cap nhat thong tin thue bao cua Quy khach tren My Viettel da duoc phe duyet. Tran Trong!,0
COM_1368,18/07/2026,"Quý khách được tặng [MONEY] theo chương trình khuyến mại khi cập nhật thông tin thuê bao di động. Tiền khuyến mại sử dụng trong 15 ngày: [MONEY] để gọi và nhắn tin nội mạng, [MONEY] để truy cập Internet ([MONEY]/50KB). Chi tiết LH 198 ([MONEY]). Trân trọng!",0
COM_1369,18/07/2026,HD 1000725120976254 ngay [DATE] den han thanh toan [MONEY]. Nhap ma [NUMBER] vao MoMo de TT. Vui long bo qua neu da TT. LH [NUMBER],0
COM_1370,18/07/2026,"[TB] NẠP THẺ ONLINE - TẶNG NGAY 20%!
Duy nhất ngày 15/04: Tặng 20% giá trị tất cả thẻ nạp (dùng truy cập data trong 15 ngày). Chương trình áp dụng khi nạp thẻ online qua các ví điện tử/app hoặc tại https://viettel.vn/pay/tt . Chi tiết gọi 197 (phím 19, [MONEY]). Trân trọng.",0
COM_1372,18/07/2026,"K/H A Tuan co don hang [NUMBER] da den Thu Duc (804 Song Hanh, XLHN, P Hiep Phu Q9). Vui long den nhan hang trong ngay. Cam on QK. Hotline: [NUMBER]",0
COM_1374,18/07/2026,G-[NUMBER] is your Google verification code. Don't share your code with anyone.,0
COM_1375,18/07/2026,"Tai khoan cua Quy khach sap het, soan UT gui [NUMBER] (trong vong [TIME]) de duoc cong [MONEY], su dung trong [TIME] tu DV Fast Airtime. Tai khoan cong se duoc tru khi Quy khach nap the. Tai khoan cong chua su dung het se bi huy khi het thoi gian su dung
(Tai khoan cong chi su dung goi, nhan tin noi mang va ngoai mang). Tu choi nhan tin nhan, soan TC gui [NUMBER]. Chi tiet LH [NUMBER] (mien phi).",0
COM_1376,18/07/2026,"Tai khoan vien thong cua Quy khach con duoi [MONEY]. Moi Quy khach nap them tien hoac goi *911# hoac nhan UT20 gui [NUMBER] de duoc ung truoc [MONEY] (cuoc phi: [MONEY]). Khi tai khoan vien thong het tien, cuoc su dung dich vu se duoc tru vao tai khoan Tien di dong (neu co).
Chi tiet lien he [NUMBER] ([MONEY]). Tran trong.",0
COM_1378,18/07/2026,"[TB] VUI LỄ RỘN RÀNG, TÀI KHOẢN SẴN SÀNG!
Tặng 30% giá trị tất cả thẻ nạp trong ngày [DATE]. Tiền KM sử dụng truy cập Internet trong 15 ngày. Nạp thẻ online tại các ví điện tử, ứng dụng thanh toán hoặc tại https://viettel.vn/naptienkm . Chi tiết gọi 197 (phím 19, [MONEY]). Trân trọng.",0
COM_1379,18/07/2026,"[TB] MUA 2 ĐƯỢC 3, CHƠI LỄ THẢ GA!
Soạn 5G10 gửi 191: [MONEY] có 6GB sử dụng đến [TIME] ngày đăng ký, gia hạn theo ngày.
Đặc biệt: Mua gói 2 lần trước 04/05 sẽ được tặng 1 lần đăng ký miễn phí. Quà tặng áp dụng sau 1 ngày, khi có tin nhắn thông báo từ VIETTEL.
Chương trình dành riêng cho Quý khách. Chi tiết gọi 198 ([MONEY]).",0
COM_1382,18/07/2026,"[QC] INTERNET MẠNH - AN TÂM TRỌN VẸN!
Tặng ngay bộ cảm biến khói thông minh giúp gia đình yên tâm hơn mỗi ngày khi đăng ký Internet Viettel: Giá cước chỉ từ [MONEY]/tháng, đường truyền tốc độ từ 500Mbps.
Áp dụng tại Hà Nội và TP. Hồ Chí Minh.
Chi tiết gọi [NUMBER] ([MONEY]). Từ chối QC: TC3 gửi 199.",0
COM_1383,18/07/2026,"[QC] SIÊU PHẨM DÃ SỬ ""QUYẾT CHIẾN VƯƠNG TRIỀU"": Tái hiện cuộc chiến khốc liệt giành tự do trước những thế lực xâm lược hùng mạnh. Theo dõi những âm mưu chính trị tàn khốc và các trận chiến định đoạt vận mệnh vương quốc trên [NUMBER] tại http://s.viettel.vn/QCVT . 
Soạn DK PH gửi [NUMBER] ([MONEY]/30 ngày, gia hạn sau 30 ngày) để đăng ký gói Vcine [NUMBER]. Chi tiết gọi [NUMBER] ([MONEY]). Từ chối quảng cáo, soạn TC4 gửi 199.",0
COM_1384,18/07/2026,"Quy khach duoc cong them [POINT] Viettel++ boi giao dich Tieu dung vien thong thang 04/[NUMBER]. Thoi han su dung diem den [DATE]. Hay truy cap https://vietteltelecom.vn/vtplus tren My Viettel hoac *098# de doi diem sang Data, SMS,
Phut goi cung nhieu uu dai gia tri khac. Chi tiet LH 198. Tran trong.",0
COM_1385,18/07/2026,"(TPBank) Hoa don Vi Tra Sau Momo T04.[NUMBER] da den han. Du no: [MONEY]. Vui long TT toan bo, TT toi thieu, chuyen doi tra gop TRONG HOM NAY. Bo qua neu da TT",0
COM_1386,18/07/2026,"Quy khach duoc cong them [POINT] Viettel++ boi giao dich Tieu dung vien thong thang 04/[NUMBER]. Thoi han su dung diem den [DATE]. Hay truy cap https://vietteltelecom.vn/vtplus tren My Viettel hoac *098# de doi diem sang Data, SMS, Phut goi cung nhieu uu dai gia tri khac. Chi tiet LH 198. Tran trong.",0
COM_1387,18/07/2026,"Tong cuoc DV internet cua Quy khach LO QUANG THANG ma hop dong [NUMBER] thang 04/[NUMBER] la [MONEY]. Quy khach vui long thanh toan truoc ngay 15/05. De nhan ma QR thanh toan Online tren ung dung ngan hang, truy cap https://viettel.vn/qrpay/7ED76F16FE3EE64AFA9F5A0FD77D855E . 
Neu da thanh toan, vui long bo qua tin nhan nay. LH [NUMBER] ([MONEY]). Tran trong.",0
COM_1388,18/07/2026,"[QC] U17 Việt Nam ra sân gặp U17 Yemen lúc [TIME] ngày 7/5 trên [NUMBER]! 
Cùng cổ vũ “Chiến binh Sao Vàng” tại http://s.viettel.vn/tv360.9 . 
Chi tiết gọi [NUMBER] ([MONEY]). Từ chối QC: TC4 gửi 199.",0
COM_1393,18/07/2026,"Viettel TB: Từ [TIME]-[TIME] ngày [DATE], gói ST60N sẽ gia hạn. Cước phí [MONEY]/30 ngày có 60GB (2GB/ngày). Quý khách đảm bảo thuê bao hoạt động 2 chiều và đủ tiền để gói cước gia hạn thành công. Nếu tài khoản gốc không đủ, 
gói cước sẽ gia hạn tương ứng với số tiền còn lại, tối thiểu [MONEY] (không áp dụng với thuê bao không gia hạn đủ 100% cước phí gói trong 60 ngày). Chiết khấu 2,5% khi nạp thẻ tại https://viettel.vn/nt. Để hủy gia hạn, soạn HUY gửi 191. Liên hệ 198 ([MONEY]). Trân trọng.",0
COM_1394,18/07/2026,"[TB] NẠP THẺ LIỀN TAY, DATA XÀI NGAY!
Tặng 20% giá trị tất cả thẻ nạp trong ngày [DATE]. Tiền KM sử dụng truy cập Internet trong 15 ngày. Nạp thẻ online tại các ví điện tử, ứng dụng thanh toán hoặc tại https://viettel.vn/naptienkm . Chi tiết gọi 197 (phím 19, [MONEY]). Trân trọng.",0
COM_1395,18/07/2026,Viettel TB: Gói ST60N đã gia hạn đến ngày [DATE] với cước phí [MONEY] có 2GB/ngày. Quý khách nạp thêm [MONEY] trước [TIME] ngày [DATE] để tiếp tục gia hạn gói cước. Truy cập https://viettel.vn/kttk để kiểm tra ưu đãi. Chi tiết liên hệ 198 ([MONEY]). Trân trọng.,0
COM_1396,18/07/2026,"Tai khoan cua Quy khach sap het, soan UT hoac Y gui [NUMBER] (trong vong [TIME]) de duoc cong [MONEY], su dung trong [TIME] tu DV Fast Airtime. Tai khoan cong se duoc tru khi Quy khach nap the. Tai khoan cong chua su dung het se bi huy khi het thoi gian su dung 
(Tai khoan cong chi su dung goi, nhan tin noi mang va ngoai mang). Tu choi nhan tin nhan, soan TC gui [NUMBER]. Chi tiet LH [NUMBER] (mien phi).",0
COM_1397,18/07/2026,"Tai khoan cua Quy khach sap het. Soan:
1 gui 211 de cong [TIME] noi mang ([MONEY]/p), su dung trong 15 ngay
2 gui 211 de cong [TIME] ngoai mang ([MONEY]/p), su dung trong 15 ngay
3 gui 211 de cong 100 tin nhan noi mang ([MONEY]/tin), su dung trong 15 ngay
4 gui 211 de cong 20 tin nhan ngoai mang ([MONEY]/tin), su dung trong 7 ngay
5 gui 211 de cong 2.048 MB data voi gia [MONEY], su dung trong 5 ngay
Chi tiet LH [NUMBER] (mien phi).",0
COM_1399,18/07/2026,"Tai khoan cua Quy khach sap het, soan UT gui [NUMBER] (trong vong [TIME]) de duoc cong [MONEY], su dung trong [TIME] tu DV Fast Airtime. Tai khoan cong se duoc tru khi Quy khach nap the. Tai khoan cong chua su dung het se bi huy khi het thoi gian su dung (Tai khoan cong chi su dung goi, nhan tin noi mang va ngoai mang). Tu choi nhan tin nhan, soan TC gui [NUMBER]. Chi tiet LH [NUMBER] (mien phi).",0
COM_1400,18/07/2026,"[TB] Viettel TPHCM thông báo: Để KHÔNG bị chặn dịch vụ, thuê bao cần xác thực thông tin (Thông tư 08/[NUMBER]/TT-BKHCN).
Kính mời Quý khách mang CC/CCCD đến điểm hỗ trợ Viettel: các điểm giao dịch Viettel, cửa hàng Thế giới Di động, Điện Máy Xanh, FPT Shop, CellphoneS, từ [TIME] - [TIME] để thực hiện. Liên hệ [NUMBER] (cước gọi di động).
Quý khách đã xác thực, vui lòng bỏ qua tin nhắn này. Trân trọng!",0
COM_1401,18/07/2026,"[TB] XÁC THỰC ONLINE - TẶNG NGAY ƯU ĐÃI! 
Quý khách sử dụng điện thoại có hỗ trợ quét CC/CCCD gắn chip, truy cập https://viettel.vn/xacthucTB hoặc vào ứng dụng My Viettel để thực hiện.
Xác thực thành công, Quý khách sẽ NHẬN [MONEY]. Tiền KM cộng vào ngày hôm sau.
Chi tiết liên hệ 198 ([MONEY]). Trân trọng.",0
COM_1402,18/07/2026,"[QC] Mua gói 5G10MFB: Chỉ [MONEY] có 6GB truy cập Internet và 2GB truy cập Meta (Facebook, tin nhắn Messenger, Threads, Instagram).
Đăng ký ngay tại https://vietteltelecom.vn/5G10MFB . Gói cước không gia hạn.
Chi tiết liên hệ 198 ([MONEY]). Từ chối QC: TC3 gửi 199.",0
COM_1404,18/07/2026,HD 1000725120976254 ngay [DATE] den han thanh toan [MONEY]. Nhap ma [NUMBER] vao MoMo de TT. Vui long bo qua neu da TT. LH [NUMBER],0
COM_1405,18/07/2026,"[TB] NẠP THẺ ONLINE - TẶNG NGAY 20%!
Duy nhất ngày 15/05: Tặng 20% giá trị tất cả thẻ nạp (dùng truy cập data trong 15 ngày). Chương trình áp dụng khi nạp thẻ online qua các ví điện tử/app hoặc tại https://viettel.vn/pay/tt . Chi tiết gọi 197 (phím 19, [MONEY]). Trân trọng.",0
COM_1406,18/07/2026,"[TB] XÁC THỰC AN TOÀN!
Để đầu THÁNG 6 không bị CHẶN DỊCH VỤ theo Thông tư 08/[NUMBER]/TT-BKHCN, Quý khách thực hiện như sau:
- Xác thực online với điện thoại có hỗ trợ quét CC/CCCD gắn chip tại https://viettel.vn/xacthucTB để nhận [MONEY] vào ngày hôm sau.
- Hoặc mang CC/CCCD gắn chip đến điểm giao dịch Viettel để được hỗ trợ.
Chi tiết gọi 198 ([MONEY]). Trân trọng.",0
COM_1408,18/07/2026,"VNG: Ma OTP cua ban la 658061, thoi han [TIME]. Vui long khong cung cap cho bat ky ai.",0
COM_1409,18/07/2026,"[QC] [NAME] - KHI NAM HIỆP TRIỂN CHIÊU LÊN ĐƯỜNG PHÁ ÁN! 
Cùng Dương Dương và Chương Nhược Nam tạo nên hành trình trừ gian diệt ác, lật tẩy âm mưu đen tối của Tương Dương Vương. Đón xem siêu phẩm võ hiệp mãn nhãn tại https://tv360.vn/vulamlinh . Soạn DK PH gửi [NUMBER] ([MONEY]/30 ngày, gia hạn sau 30 ngày). 
Chi tiết gọi [NUMBER] ([MONEY]). Từ chối QC: TC4 gửi 199.",0
COM_1410,18/07/2026,"[TB] Viettel Hồ Chí Minh thông báo: Để KHÔNG bị chặn dịch vụ, thuê bao cần xác thực thông tin (Thông tư 08/[NUMBER]/TT-BKHCN).
Kính mời Quý khách mang CC/CCCD đến điểm hỗ trợ Viettel: [NAME], 258 [NAME], Phường Tăng Nhơn Phú, từ [TIME] - [TIME] để thực hiện. Liên hệ [NUMBER] (cước gọi di động).
Quý khách đã xác thực, vui lòng bỏ qua tin nhắn này. Trân trọng!",0
COM_1413,18/07/2026,"Viettel TB: Quy khach LO QUANG THANG ma hop dong [NUMBER] con [MONEY] cuoc dich vu internet chua duoc thanh toan. Vui long thanh toan truoc ngay [DATE]. De nhan ma QR thanh toan Online tren ung dung ngan hang, 
truy cap https://viettel.vn/qrpay/7ED76F16FE3EE64AFA9F5A0FD77D855E . Quy khach da thanh toan vui long bo qua tin nhan nay. LH [NUMBER] ([MONEY]). Tran trong.",0
COM_1415,18/07/2026,"Thuê bao của Quý khách chưa xác thực thông tin, Quý khách vui lòng thực hiện 1 trong 3 cách sau: 
- Dùng điện thoại có hỗ trợ quét CC/CCCD gắn chip và xác thực tại https://viettel.vn/tammi/xacthuc08. Nhận [MONEY] (cộng ngày hôm sau) khi hoàn thành. 
- Mang CC/CCCD gắn chip đến điểm giao dịch Viettel để được hỗ trợ. 
- Truy cập VNeID, mục Ví giấy tờ, chọn thông báo chờ xác nhận tích hợp để thực hiện. 
Hỗ trợ: 198 ([MONEY]).",0
COM_1416,18/07/2026,"[TB] NẠP THẺ LIỀN TAY, DATA XÀI NGAY!
Tặng 20% giá trị tất cả thẻ nạp trong ngày [DATE]. Tiền KM sử dụng truy cập Internet trong 15 ngày. Nạp thẻ online tại các ví điện tử, ứng dụng thanh toán hoặc tại https://viettel.vn/naptienkm . Chi tiết gọi 197 (phím 19, [MONEY]). Trân trọng.",0
COM_1417,18/07/2026,"Sở Khoa học và Công nghệ Thành phố Hồ Chí Minh đề nghị chủ thuê bao thực hiện xác thực thông tin thuê bao di động trước ngày [DATE] để bảo vệ quyền lợi người sử dụng; phòng, chống lừa đảo, đảm bảo an toàn thông tin cá nhân theo Thông tư 08/[NUMBER]/TT-BKHCN. Chủ thuê bao thực hiện xác thực theo một trong các hình thức sau:
(1) Ứng dụng VNeID của Bộ Công an;
(2) Xác thực trên ứng dụng của nhà mạng viễn thông;
(3) Đến các điểm giao dịch gần nhất trong khu vực.
Trường hợp số thuê bao đã sử dụng để đăng ký tài khoản định danh điện tử mức độ 2 thì không phải xác thực lại thông tin.",0
COM_1418,18/07/2026,"[TB] Ưu đãi GIỜ VÀNG - Đồng hành XÁC THỰC.
Trước [TIME] hôm nay, Quý khách hoàn thành xác thực thuê bao online sẽ nhận [MONEY] tiền khuyến mại (cộng ngày hôm sau). Vui lòng dùng điện thoại hỗ trợ quét CC/CCCD gắn chip truy cập https://viettel.vn/xacthucTB (app My Viettel) để thực hiện.
Chi tiết gọi 198 ([MONEY]). Trân trọng.",0
COM_1419,18/07/2026,"Nhap ma OTP 7774 de xac thuc Dang nhap tren ung dung My Viettel. Chi tiet LH [NUMBER] ([MONEY]) hoac truy cap https://viettel.vn/app. De dam bao an toan cho tai khoan cua Quy khach, vui long khong chia se ma xac thuc nay voi bat ky ai.",0
COM_1420,18/07/2026,Ma xac thuc cua Quy khach khi mo chan dich vu co dinh tren ung dung My Viettel la [NUMBER]. Quy khach vui long nhap ma nay de hoan thanh viec mo chan. Xin cam on!,0
COM_1421,18/07/2026,VTMONEY: Nhap ma xac thuc OTP 4804 de dang nhap SDT [NUMBER],0
COM_1422,18/07/2026,Ma xac thuc cua Quy khach khi mo chan dich vu co dinh tren ung dung My Viettel la [NUMBER]. Quy khach vui long nhap ma nay de hoan thanh viec mo chan. Xin cam on!,0
COM_1423,18/07/2026,"Quy khach da thanh toan [MONEY] cuoc DV Ftth account t008_ftth_thanglq24. De tra cuu cuoc su dung va hoa don dien tu, vui long truy cap ung dung My Viettel tai https://vietteltelecom.vn/tc hoac bam goi *098#. LH 198 ([MONEY]).",0
COM_1424,18/07/2026,"[TB] Viettel TPHCM thông báo: Để KHÔNG bị chặn dịch vụ, thuê bao cần xác thực thông tin (Thông tư 08/[NUMBER]/TT-BKHCN).
Kính mời Quý khách mang CC/CCCD đến điểm hỗ trợ Viettel: các điểm giao dịch Viettel, cửa hàng Thế giới Di động, Điện Máy Xanh, từ [TIME] - [TIME] để thực hiện. Liên hệ [NUMBER] (cước gọi di động).
Quý khách đã xác thực, vui lòng bỏ qua tin nhắn này. Trân trọng!",0
COM_1425,18/07/2026,Viettel TB: Chương trình gia hạn gói ST60N theo số dư tài khoản sẽ hết hạn vào [TIME] ngày [DATE]. Quý khách nạp thêm [MONEY] để gói cước gia hạn thành công. Chi tiết LH 198 ([MONEY]). Trân trọng.,0
COM_1426,18/07/2026,"[TB] Xác thực để tránh gián đoạn sử dụng 4G/5G.
Thuê bao [NUMBER] chưa xác thực thông tin, Quý khách vui lòng thực hiện 1 trong 3 cách sau:
• Dùng điện thoại hỗ trợ quét CC/CCCD gắn chip để xác thực tại https://viettel.vn/tammi/xacthuc08 (app Viettel Tammi). Nhận [MONEY] (cộng ngày hôm sau) khi hoàn thành.
• Mang CC/CCCD gắn chip đến điểm giao dịch Viettel để được hỗ trợ.
• Truy cập VNeID, mục Ví giấy tờ, chọn thông báo chờ xác nhận tích hợp để thực hiện.
Hỗ trợ: 198 ([MONEY]).",0
COM_1427,18/07/2026,"[TB] Quý khách đang sử dụng thuê bao CHƯA XÁC THỰC. 
Xác thực CHÍNH CHỦ & an toàn, Quý khách sử dụng máy điện thoại có hỗ trợ quét CC/CCCD gắn chip, truy cập https://viettel.vn/xacthucTB (Ứng dụng MyViettel) để không bị gián đoạn gọi và dùng Data. 
Nhận ưu đãi [MONEY] (cộng vào hôm sau) khi hoàn thành. 
Chi tiết liên hệ 198 ([MONEY]).",0
COM_1428,18/07/2026,"Viettel TB: Chương trình gia hạn gói ST60N theo số dư tài khoản đã kết thúc. Gói cước sẽ được khôi phục khi thuê bao hoạt động 2 chiều và có đủ [MONEY]. Thời gian chờ khôi phục trước ngày [DATE]. Nếu tài khoản gốc không đủ, 
gói cước sẽ được khôi phục tương ứng với số tiền còn lại, tối thiểu [MONEY] (không áp dụng với thuê bao không gia hạn đủ 100% cước phí gói trong 60 ngày gần đây). Để hủy khôi phục, soạn HUY gửi 191. Chi tiết liên hệ 198 ([MONEY]). Trân trọng.",0
COM_1429,18/07/2026,"Doi thanh cong [POINT] tieu dung Viettel++ thanh 40 MB Data. Han su dung truoc [DATE]. Tong diem tieu dung con lai trong tai khoan Viettel++ cua Quy khach la 1.[POINT]. De kiem tra lich su doi diem va lua chon uu dai hap dan khac, 
vui long truy cap https://vietteltelecom.vn/vtplus. Tran trong.",0
COM_1430,18/07/2026,"Moi Quy khach soan tin de tham gia cong MB data. Soan:
5 gui 211 de cong 2.048 MB data voi gia [MONEY], su dung trong 5 ngay
De cong tai nguyen khac, soan:
1 gui 211 de cong [TIME] noi mang ([MONEY]/p), su dung trong 15 ngay
2 gui 211 de cong [TIME] ngoai mang ([MONEY]/p), su dung trong 15 ngay
3 gui 211 de cong 100 tin nhan noi mang ([MONEY]/tin), su dung trong 15 ngay
4 gui 211 de cong 20 tin nhan ngoai mang ([MONEY]/tin), su dung trong 7 ngay
Chi tiet LH [NUMBER] (mien phi).",0
COM_1431,18/07/2026,"Quy khach co [MONEY] trong tai khoan. Bam goi *098*3# de co 3GB voi [MONEY]/3 ngay hoac *098*989# ([MONEY]/3 ngay) co 15GB (5GB/ngay), mien phi [TIME]/cuoc noi mang, [TIME] ngoai mang,
SMS noi mang va [NUMBER]. Goi cuoc gia han khi het chu ky. De biet thong tin cac uu dai khac, bam goi *098# hoac truy cap https://vietteltelecom.vn/goidata. Chi tiet LH 198 ([MONEY]). Tran trong.",0
COM_1432,18/07/2026,Viettel TB: Gói ST60N đã khôi phục thành công. Cước phí [MONEY]/30 ngày có 60GB (2GB/ngày). Truy cập https://viettel.vn/kttk để kiểm tra ưu đãi. Chi tiết liên hệ 198 ([MONEY]). Trân trọng.,0
COM_1433,18/07/2026,"[TB] Sở Khoa học và Công nghệ Thành phố Hồ Chí Minh đề nghị chủ thuê bao thực hiện xác thực thông tin thuê bao di động trước ngày [DATE] để bảo vệ quyền lợi người sử dụng; phòng, chống lừa 
đảo, đảm bảo an toàn thông tin cá nhân theo Thông tư 08/[NUMBER]/TT-BKHCN. Chủ thuê bao thực hiện xác thực theo một trong các hình thức sau:
(1) Ứng dụng VNeID của Bộ Công an;
(2) Xác thực trên ứng dụng của nhà mạng viễn thông;
(3) Đến các điểm giao dịch gần nhất trong khu vực.
Trường hợp số thuê bao đã sử dụng để đăng ký tài khoản định danh điện tử mức độ 2 thì không phải xác thực lại thông tin.",0
COM_1434,18/07/2026,"[TB] Chủ đề Ngày toàn dân tiết kiệm, chống lãng phí năm [NUMBER] là ""Tiết kiệm năng lượng, thịnh vượng tương lai"". Đề nghị toàn dân hưởng ứng vì một tương lai thịnh vượng, một lối sống xanh, tích cực.",0
COM_1435,18/07/2026,"[TB] Thuê bao của Quý khách vẫn CHƯA XÁC THỰC. 
Thời gian XÁC THỰC CHÍNH CHỦ để không bị gián đoạn gọi điện, truy cập Internet sắp hết. 
Vui lòng sử dụng máy có hỗ trợ quét CC/CCCD gắn chip, xác thực tại https://viettel.vn/xacthucTB (app My Viettel). 
Nhận ưu đãi [MONEY] (cộng vào hôm sau) khi hoàn thành. 
Chi tiết liên hệ 198 ([MONEY]).",0
COM_1436,18/07/2026,"[TB] Viettel Hồ Chí Minh thông báo: Để KHÔNG bị chặn dịch vụ, thuê bao cần xác thực thông tin (Thông tư 08/[NUMBER]/TT-BKHCN).
Kính mời Quý khách mang CC/CCCD đến điểm hỗ trợ Viettel: Văn phòng khu khố 36, 38, Kế 170 [NAME], Phường Long Bình (Đối diện trường Nguyễn Huệ), từ [TIME] - 17h30 ngày 1/6 - 7/6 để thực hiện. Liên hệ [NUMBER] (cước gọi di động).
Quý khách đã xác thực, vui lòng bỏ qua tin nhắn này. Trân trọng!",0
COM_1437,18/07/2026,"CHUNG TOI Q.D DANG TAT CA HINH ANH,CMND,Thong tin khoan vay cua [NAME] va HINH ANH NGUOI THAN, NGUOI LIEN QUAN len MXH, phat to roi ve dia phuong
va noi Cu tru va noi lam viec de truy tim KH. Anh huong uy tin, Toi khong chiu trach nhiem. Neu muon hoa giai,YEU CAU THANH TOAN GAP trong ngay hom nay.",0
COM_1438,18/07/2026,"[TB] DATA SẴN SÀNG, CHẲNG CẦN WIFI!
1. Soạn ST7K gửi 191: [MONEY] có 1GB sử dụng đến [TIME] ngày đăng ký.
2. Soạn 5G20 gửi 191: [MONEY]/3 ngày có 6GB.
Các gói cước gia hạn khi hết chu kỳ.
Chi tiết liên hệ 198 ([MONEY]).",0
COM_1440,18/07/2026,"Nhap ma xac thuc OTP 0799 de Dang nhap tren ung dung My Viettel. Chi tiet LH [NUMBER] ([MONEY]) hoac truy cap https://viettel.vn/app. De dam bao an toan cho tai khoan cua Quy khach, vui long khong chia se ma xac thuc nay voi bat ky ai.",0
COM_1442,18/07/2026,"[TB] HẠN CUỐI xác thực CHÍNH CHỦ!
Thuê bao [NUMBER] đăng ký tên [NAME] cần xác thực như sau:
- Nếu thông tin đúng, dùng điện thoại hỗ trợ quét CC/CCCD gắn chip truy cập https://viettel.vn/xacthucTB (app My Viettel) để xác thực. Tặng [MONEY] (cộng vào hôm sau) khi hoàn thành.
- Nếu thông tin không đúng, mang CC/CCCD đến cửa hàng Viettel (xem địa chỉ tại https://vietteltelecom.vn/vx/cua-hang/ ) để cập nhật.
- Gọi [NUMBER] ([MONEY]) nếu cần hỗ trợ miễn phí tại nhà.",0
COM_1443,18/07/2026,"[TB] HẠN CUỐI xác thực CHÍNH CHỦ!
Thuê bao [NUMBER] đăng ký tên [NAME] cần xác thực như sau:
- Nếu thông tin đúng, dùng điện thoại hỗ trợ quét CC/CCCD gắn chip truy cập https://viettel.vn/xacthucTB (app My Viettel) để xác thực. Tặng [MONEY] (cộng vào hôm sau) khi hoàn thành.
- Nếu thông tin không đúng, mang CC/CCCD đến cửa hàng Viettel (xem địa chỉ tại https://vietteltelecom.vn/vx/cua-hang/ ) để cập nhật.
- Gọi [NUMBER] ([MONEY]) nếu cần hỗ trợ miễn phí tại nhà.",0
COM_1444,18/07/2026,"Tong cuoc DV internet cua Quy khach LO QUANG THANG ma hop dong [NUMBER] thang 05/[NUMBER] la [MONEY]. Quy khach vui long thanh toan truoc ngay 15/06. De nhan ma QR thanh toan 
Online tren ung dung ngan hang, truy cap https://viettel.vn/qrpay/7ED76F16FE3EE64AFA9F5A0FD77D855E . Neu da thanh toan, vui long bo qua tin nhan nay. LH [NUMBER] ([MONEY]). Tran trong.",0
COM_1445,18/07/2026,"Quý khách CHƯA XÁC THỰC thông tin thuê bao. Để đảm bảo dịch vụ Data không bị gián đoạn, vui lòng truy cập app MyViettel để thực hiện XÁC THỰC hoặc liên hệ 198 hỗ trợ ([MONEY]).",0
COM_1446,18/07/2026,"Nhap ma OTP 4452 de xac thuc Dang nhap tren ung dung My Viettel. Chi tiet LH [NUMBER] ([MONEY]) hoac truy cap https://viettel.vn/app. De dam bao an toan cho tai khoan cua Quy khach, vui long khong chia se ma xac thuc nay voi bat ky ai.",0
COM_1447,18/07/2026,"Nhap ma xac thuc OTP 4681 de Dang nhap tren ung dung My Viettel. Chi tiet LH [NUMBER] ([MONEY]) hoac truy cap https://viettel.vn/app. De dam bao an toan cho tai khoan cua Quy khach, vui long khong chia se ma xac thuc nay voi bat ky ai.",0
COM_1448,18/07/2026,Thue bao [NUMBER] cua Quy khach vua dang nhap ung dung My Viettel - http://viettel.vn/app tren mot thiet bi co ten: iPhone (iPhone 11). Xin cam on!,0
COM_1449,18/07/2026,Nhap ma OTP 6708 de xac nhan yeu cau thay doi giay to tren My Viettel. Tran trong!,0
COM_1450,18/07/2026,Don hang Thay doi giay to cua KH [NUMBER] da cap nhat thanh cong. Cam on quy khach da su dung dich vu cua Viettel. Chi tiet lien he [NUMBER] (mien phi). Tran trong.,0
COM_1451,18/07/2026,Quy khach vua Xac thuc/Thay doi thanh cong thong tin khach hang cua thue bao [NUMBER]. Moi Quy khach truy cap https://vietteltelecom.vn/kttk de tra cuu thong tin cac uu dai danh rieng cho thue bao. Chi tiet LH 198 ([MONEY]). Tran trong.,0
COM_1452,18/07/2026,"[TB] Tong chi tieu vien thong cua ban trong 3 thang gan day TANG>50% so voi gia goi data ban dang dung. Nang cap ngay goi Data de kiem soat chi phi:
1. 5G150N co 240GB/30 ngay chi [MONEY]
2. 5G180B co 180GB/30 ngay + mien phi goi chi [MONEY]
3. 5GMXH200 co 210GB/30 ngay + mien phi goi chi [MONEY]
Mua ngay tai https://viettelmoney.vn/data . Danh sach goi cuoc kha dung co the thay doi tuy theo dieu kien thue bao tai thoi diem mua. LH [NUMBER] ([MONEY]).",0
COM_1453,18/07/2026,"Quý khách được tặng [MONEY] theo chương trình khuyến mại khi xác thực thông tin thuê bao di động. Tiền khuyến mại sử dụng trong 5 ngày: [MONEY] để gọi và nhắn tin nội mạng, [MONEY] để truy cập Internet ([MONEY]/50KB).
Soạn TK gửi 191 để kiểm tra ưu đãi. Chi tiết liên hệ 198 ([MONEY]). Trân trọng!",0
COM_1454,18/07/2026,"Moi Quy khach soan tin de tham gia DV Data Plus:
1 gui [NUMBER] de cong 3072MB (cuoc [MONEY], su dung trong 7 ngay).
2 gui [NUMBER] de cong 2048MB (cuoc [MONEY], su dung trong 3 ngay).
Tin nhan co hieu luc trong [TIME]. Chi tiet LH [NUMBER] (mien phi).",0
COM_1455,18/07/2026,"[TB] NẠP THẺ LIỀN TAY, DATA XÀI NGAY!
Tặng 20% giá trị tất cả thẻ nạp trong ngày [DATE]. Tiền KM sử dụng truy cập Internet trong 15 ngày. Nạp thẻ online tại các ví điện tử, ứng dụng thanh toán hoặc tại https://viettel.vn/naptienkm . Chi tiết gọi 197 (phím 19, [MONEY]). Trân trọng.",0
COM_1744,24/07/2026,(QC) Quý khách đã đủ điều kiện để mở thẻ tín dụng VIB Online Plus 2in1 hoàn tiền mua hàng 6% - hạn mức lên tới [MONEY] đồng. MIỄN PHÍ THƯỜNG NIÊN TRỌN ĐỜI*. Từ chối soạn BL gửi [NUMBER]. Đký & nhận thẻ sau 30p: https:// online2in1card.vib.com.vn/offer/op_sms,0
COM_2029,25/07/2026,"(TB) Mở My VNPT - Nạp thẻ nhận ưu đãi!
VinaPhone tặng Quý khách 50% giá trị khi nạp tiền điện thoại bằng hình thức trực tiếp trên ứng dụng My VNPT vào hôm nay [DATE] tại: https://my.vnpt.com.vn/adv/napdt (khuyến mại được sử dụng để gọi/nhắn tin trong 15 ngày). CSKH: [NUMBER] ([MONEY]).",0
COM_2032,25/07/2026,"[TB] NẠP THẺ ĐỦ ĐẦY - DATA XÀI NGAY! Tặng 20% giá trị tất cả thẻ nạp vào tài khoản viễn thông trong ngày [DATE]. Tiền KM sử dụng truy cập Internet trong 15 ngày. Nạp thẻ online tại các ví điện tử, ứng dụng thanh toán hoặc tại https://viettel.vn/naptienkm . Chi tiết gọi 197 bấm phím 19 ([MONEY]). Trân trọng.",0
COM_2033,25/07/2026,"[TB] RINH IPHONE 17 LIỀN TAY! Từ ngày [DATE] - [DATE], khi Quý khách mua gói cước 5G chu kỳ 30 ngày trở lên sẽ được nhận 01 mã dự thưởng để tham gia chương trình quay số ""Lướt 5G - Rinh quà bất ngờ"" trúng điện thoại iPhone 17 và Samsung Galaxy A06 5G. Chi tiết thể lệ chương trình xem tại http://viettel.vn/luot5g. LH 198 ([MONEY]).",0
COM_2034,25/07/2026,"TB] NẠP THẺ ONLINE - DATA XÀI NGAY! Tặng 20% giá trị tất cả thẻ nạp vào tài khoản viễn thông trong ngày [DATE]. Tiền KM sử dụng TRUY CẬP INTERNET trong 15 ngày. CT áp dụng khi nạp thẻ online qua các ví điện tử, ứng dụng thanh toán hoặc tại https://viettel.vn/pay/tt . Chi tiết gọi 198, bấm phím 8 ([MONEY]). Trân trọng.",0
COM_2035,25/07/2026,"[TB] Tien ich Loi nhan thoai cua Viettel: Quy khach co loi nhan tu TB [NUMBER] vao luc [TIME] [DATE]. Voi noi dung: kính chào quý khách viettel xin được giới thiệu chương trình siêu khuyến mại quý khách có thể đổi [MONEY] trong tài khoản gốc thành [MONEY] tiền khuyến mại để gọi nội mạng nhắn tin nội mạng và truy cập internet trong 15 ngày để tham gia chương trình quý khách vui lòng nói tôi đồng ý hoặc nói từ chối nếu không đồng ý tham gia kính chào quý khách viettel xin được giới thiệu chương trình siêu khuyến mại quý khách có thể đổi [MONEY] trong tài khoản gốc thành [MONEY] tiền khuyến mại để gọi nội mạng nhắn tin nội mạng và truy cập internet trong 15 ngày để tham gia chương trình quý khách vui lòng nói tôi đồng ý hoặc nói từ chối nếu không đồng ý tham gia xin lỗi quý khách viettel xin phép gọi lại sau ạ. De nghe loi nhan thoai, vui long bam goi [NUMBER] (mien phi).",0
COM_2036,25/07/2026,"Tai khoan cua Quy khach sap het, soan UT hoac Y gui [NUMBER] (trong vong [TIME]) de duoc cong [MONEY], su dung trong [TIME] tu DV Fast Airtime. Tai khoan cong se duoc tru khi Quy khach nap the.",0
COM_2037,25/07/2026,"Tai khoan cong chua su dung het se bi huy khi het thoi gian su dung (Tai khoan cong chi su dung goi, nhan tin noi mang va ngoai mang). Tu choi nhan tin nhan, soan TC gui [NUMBER]. Chi tiet LH [NUMBER] (mien phi).",0
COM_2038,25/07/2026,"[QC] Vay nhanh [TIME] - [MONEY] dong ve tay. Chi can CCCD, tra gop den 24 thang. Lai suat uu dai. Dang ky online voi Viettel Money: https://viettelmoney.go.link/fLcIg .Chi tiet LH [NUMBER] ([MONEY]). Tu choi QC, soan TC3 gui 199.",0
COM_2039,25/07/2026,"[QC] Độc quyền phát sóng giải Siêu cúp Đức trên [NUMBER]: Stuttgart - Bayern Munich vào 1h30 ngày 17/8. Soạn 5GVS12 gửi 191 chỉ [MONEY]/ngày có: - 6GB data - Xem thể thao và truyền hình trên [NUMBER] không tốn data tại https://tv360.vn . Gói cước gia hạn theo ngày. LH [NUMBER] ([MONEY]). Từ chối QC, soạn TC4 gửi 199.",0
COM_2040,25/07/2026,"Tai khoan cua Quy khach sap het, soan UT gui [NUMBER] (trong vong [TIME]) de duoc cong [MONEY], su dung trong [TIME] tu DV Fast Airtime. Tai khoan cong se duoc tru khi Quy khach nap the. Tai khoan cong chua su dung het se bi huy khi het thoi gian su dung (Tai khoan cong chi su dung goi, nhan tin noi mang va ngoai mang). Tu choi nhan tin nhan, soan TC gui [NUMBER]. Chi tiet LH [NUMBER] (mien phi).",0
COM_2041,25/07/2026,"Sở Khoa học và Công nghệ Thành phố Hồ Chí Minh đề nghị chủ thuê bao thực hiện xác thực thông tin thuê bao di động trước ngày [DATE] để bảo vệ quyền lợi người sử dụng; phòng, chống lừa đảo, đảm bảo an toàn thông tin cá nhân theo Thông tư 08/[NUMBER]/TT-BKHCN. Chủ thuê bao thực hiện xác thực theo một trong các hình thức sau: (1) Ứng dụng VNeID của Bộ Công an; (2) Xác thực trên ứng dụng của nhà mạng viễn thông; (3) Đến các điểm giao dịch gần nhất trong khu vực. Trường hợp số thuê bao đã sử dụng để đăng ký tài khoản định danh điện tử mức độ 2 thì không phải xác thực lại thông tin.",0
COM_2042,25/07/2026,"[TB] NẠP THẺ LIỀN TAY, DATA XÀI NGAY!
Tặng 20% giá trị tất cả thẻ nạp trong ngày [DATE]. Tiền KM sử dụng truy cập Internet trong 15 ngày. Nạp thẻ online tại các ví điện tử, ứng dụng thanh toán hoặc tại https://viettel.vn/naptienkm . Chi tiết gọi 197 (phím 19, [MONEY]). Trân trọng.",0
COM_2043,25/07/2026,"[KHAO SAT] VIETTEL kinh moi Quy khach danh gia chat luong dich vu: Quy khach co san sang gioi thieu UNG DUNG [NUMBER] voi nguoi than va ban be? Vui long nhap so diem tu 0 den 10 (0-6: khong gioi thieu, 7-8: co kha nang gioi thieu, 9-10: san sang gioi thieu) va phan hoi lai tin nhan nay (mien phi).",0
COM_2079,27/07/2026,"Viettel TB: Quy khach da dong cuoc truoc thanh cong 1 thang voi so tien la [MONEY]. De tra cuu so tien cuoc dong truoc con lai, Quy khach soan tin CUOC DONG TRUOC gui 195. Chi tiet LH 198 ([MONEY]). Tran trong.",0
COM_2080,27/07/2026,Viettel TB: Quy khach da dung het luu luong theo Chuong trinh dong cuoc truoc khi hoa mang tra sau. Quy khach tiep tuc truy cap theo goi Mobile Internet dang su dung (neu co). Chi tiet LH 198 ([MONEY]). Tran trong.,0
COM_2081,27/07/2026,YOUMED - Lich kham cua anh/chi THANH THAO tai BV UB dat thanh cong. Thoi gian kham du kien la [TIME]-[TIME] ngay [DATE] stt 4.,0
COM_2082,27/07/2026,"[NUMBER] la ma xac minh ShopeeFood, co hieu luc trong [TIME]. Vui long KHONG chia se ma nay voi nguoi khac.",0
COM_2083,27/07/2026,"Ma xac minh SHOPEE: [NUMBER]. Co hieu luc trong [TIME]. KHONG chia se ma nay voi nguoi khac, ke ca nhan vien Shopee.",0
COM_2084,27/07/2026,[NUMBER] là mã xác minh của bạn cho X.,0
COM_2085,27/07/2026,"[KHAO SAT] Quy khach co dong y voi nhan dinh ""Tong dai Viettel da ho tro tich cuc de giup Quy khach giai quyet van de gap phai mot cach de dang""? Vui long nhap so diem tu 1 den 7 (1-3: Khong dong y; 4-5: Binh thuong; 6-7: Dong y) va phan hoi lai tin nhan nay (mien phi).",0
COM_2086,27/07/2026,"[TB] Số điện thoại của Quý khách đã đăng ký tài khoản định danh VNeID mức 2 và được xác thực thông tin theo quy định của Thông tư 08/[NUMBER]/TT-BKHCN.
Quý khách yên tâm sử dụng dịch vụ và KHÔNG CẦN thực hiện thêm bất kỳ thao tác xác thực nào.
Viettel trân trọng cảm ơn Quý khách đã đồng hành!",0
COM_2087,27/07/2026,"[QC] Mở thẻ tín dụng VPBank miễn phí thường niên, hạn mức đến [MONEY], trả góp [MONEY] cùng hoàn tiền tới 15%. Để đăng ký nhận link mở thẻ và đồng ý cung cấp số điện thoại của QK cho VPBank (qua đối tác Viettel, CTCP Thịnh Phát) và nhận hướng dẫn mở thẻ, soạn VP gửi [NUMBER] (MP). Từ chối QC, soạn TC gửi [NUMBER].",0
COM_2088,27/07/2026,BachhoaXANH - Ma OTP cua ban la 971647. Ma co hieu luc trong vong [TIME]. Vui long khong chia se ma nay voi nguoi khac.,0
COM_2089,27/07/2026,"[TB] Chủ đề Ngày toàn dân tiết kiệm, chống lãng phí năm [NUMBER] là ""Tiết kiệm năng lượng, thịnh vượng tương lai"". Đề nghị toàn dân hưởng ứng vì một tương lai thịnh vượng, một lối sống xanh, tích cực.",0
COM_2090,27/07/2026,"[TB] CỤC AN NINH MẠNG VÀ PCTP SỬ DỤNG CÔNG NGHỆ CAO - BỘ CÔNG AN khuyến cáo người dân không tham gia tổ chức đánh bạc, đánh bạc, cá độ bóng đá dưới mọi hình thức trên không gian mạng. Mọi hành vi vi phạm pháp luật về cờ bạc sẽ bị xử lý nghiêm theo quy định.",0
COM_2091,27/07/2026,"(MEDIGO) Ma OTP cua quy khach la: 360402. Vui long khong chia se OTP nay cho bat ky ai, tran trong.",0
COM_2092,27/07/2026,"(GREEN SM) Ma xac thuc OTP cua ban la 0519. Ma OTP se het hieu luc sau [TIME]. Tuyet doi KHONG chia se ma OTP nay voi bat ky ai, ke ca nhan vien Green SM",0
COM_2093,27/07/2026,KIOTVIETBIZ - Ma xac thuc OTP cua quy khach tren KIOTVIETBIZ.VN la137413,0
COM_2094,27/07/2026,"[QC] Cơ hội TRÚNG XE MÁY ĐIỆN VINFAST EVO, ĐIỆN THOẠI SAMSUNG GALAXY A07 5G khi hòa mạng mới thuê bao di động Viettel + đăng ký gói 5G từ [MONEY] trở lên. 
Áp dụng từ 20/6 - [DATE] tại Tây Ninh. 
Chi tiết liên hệ 198 ([MONEY]). Từ chối QC: TC3 gửi 199.",0
COM_2095,28/07/2026,(TB) TANG NGAY 1GB data/7 ngay khi dang ky va gia han thanh cong 5 ngay lien tiep dich vu. Soan KUM5 gui 888 de dang ky va su dung cac tinh nang cua ung dung giao duc phat trien tu duy Kids UP. Cuoc [MONEY]/[TIME]. CSKH [NUMBER] ([MONEY]). Tran trong!,0
COM_2096,28/07/2026,(TB) Thue bao [NUMBER] duoc +300MB Data/[TIME] khi dang ky thanh cong goi cuoc Toan tu duy. Moi ban soan KUS5 gui 888 dang ky va nhan quyen loi. Cuoc [MONEY]/[TIME]. CSKH [NUMBER] ([MONEY]). Tran trong!,0
COM_2097,28/07/2026,"QK dang truy cap Internet voi cuoc vuot goi theo quy dinh cua VinaPhone (my.vnpt.com.vn/adv/cuocM0). De co 1.2GB Data su dung trong [TIME] chi [MONEY], soan D7 gui 888. Tham khao cac goi Data tai https://digishop.vnpt.vn . CSKH [NUMBER] ([MONEY]).",0
COM_2098,28/07/2026,(TB) CO HOI nhan ngay [MONEY] vao TKC cho thue bao [NUMBER] khi dang ky va gia han thanh cong lien tiep 4 ngay dich vu MeClip. Soan DK PLV8 gui 888 de dang ky va nhan them quyen loi khac (+2GB data/ngay). Cuoc [MONEY]/ngay. CSKH [NUMBER] ([MONEY]). Tran trong!,0
COM_2099,28/07/2026,(TB) Uu dai +1.2GB data/[TIME] cho thue bao [NUMBER] khi dang ky gia han thanh cong lien tiep 6 ngay dich vu Game Happy. Soan GHP5 gui 888 de dang ky. Cuoc [MONEY]/[TIME]. CSKH [NUMBER] ([MONEY]). Tran trong!,0
COM_2100,28/07/2026,(TB) Thue bao [NUMBER] duoc +6GB data/[TIME] khi soan HI12 gui 888 de dang ky dich vu HiPlay va nhan them quyen loi mien cuoc data xem YouTube +01 tai khoan Premium xem noi dung tren ung dung HiPlay. Cuoc [MONEY]/[TIME]. CSKH [NUMBER] ([MONEY]). Tran trong!,0
COM_2101,28/07/2026,"(TB) +1.2GB/[TIME] cho thue bao [NUMBER] khi dang ky va gia han thanh cong lien tiep 6 ngay dich vu, soan DK BCL5 gui 888 de nhan uu dai va quyen loi khac (+200MB data/[TIME]). Cuoc [MONEY]/[TIME]. CSKH [NUMBER] ([MONEY]). Tran trong!",0
COM_2102,28/07/2026,(TB) NHAN NGAY 100MB data/[TIME] + 01 license su dung khong gioi han dich vu VBOOKs khi thue bao [NUMBER] soan VBO5 gui 888. Cuoc [MONEY]/[TIME]. CSKH [NUMBER] ([MONEY]). Tran trong!,0
COM_2103,28/07/2026,"(TB) TANG 1.2GB data/[TIME] cho thue bao [NUMBER] khi dang ky va gia han lien tiep 6 ngay dich vu GameV, soan GAMEV5 gui 888 de dang ky va nhan quyen loi choi mien phi game tai http://gamev.vn. Cuoc [MONEY]/[TIME]. CSKH [NUMBER] ([MONEY]). Tran trong!",0
COM_2104,28/07/2026,(TB) TANG NGAY 1.2GB data/[TIME] khi thue bao [NUMBER] dang ky va gia han thanh cong lien tiep 6 ngay dich vu Cloud Gaming. Moi ban soan BCOM5 gui 888 de dang ky dich vu. Cuoc [MONEY]/[TIME]. CSKH [NUMBER] ([MONEY]). Tran trong!,0
COM_2105,28/07/2026,(TB) Uu dai +1.2GB/[TIME] khi dang ky va gia han thanh cong lien tiep 10 ngay dich vu GameTP. Moi thue bao [NUMBER] soan GTP5 gui 888 de dang ky va trai nghiem thi dau Co tuong tai https://gametp.vn. Cuoc [MONEY]/[TIME]. CSKH [NUMBER] ([MONEY]). Tran trong!,0
COM_2106,28/07/2026,QK dang truy cap Internet voi muc cuoc khong co goi (M0) theo quy dinh cua VinaPhone (my.vnpt.com.vn/adv/cuocM0). Soan DT70 gui 888 de co goi DT70 (10GB/30 ngay voi [MONEY]). Tham khao uu dai khac tai https://digishop.vnpt.vn/. CSKH: [NUMBER] ([MONEY]).,0
COM_2107,28/07/2026,"(TB) Danh rieng cho thue bao [NUMBER] CO HOI +1.2GB data/[TIME] khi dang ky va gia han thanh cong lien tiep 6 ngay dich vu Arabica Game, soan BICA3 gui 888 de dang ky va nhan uu dai. Cuoc [MONEY]/[TIME]. CSKH [NUMBER] ([MONEY]). Tran trong!",0
COM_2108,28/07/2026,(TB) Thue bao [NUMBER] NHAN NGAY 1GB Data/[TIME] va quyen loi nghe karaoke tai https://mkara.com.vn khi dang ky dich vu mKara. Soan MKA8 gui 888 de dang ky. Cuoc [MONEY]/[TIME]. CSKH [NUMBER] ([MONEY]). Tran trong!,0
COM_2109,28/07/2026,(TB) Tang thue bao [NUMBER] 1.2GB data/[TIME] khi dang ky va gia han thanh cong lien tiep 6 ngay dich vu Vui hoc +01 tai khoan on luyen kien thuc chuan chuong trinh tren vuihoc.vn. Soan VHO5 gui 888 de dang ky. Cuoc [MONEY]/[TIME]. CSKH [NUMBER] ([MONEY]).,0
COM_2110,28/07/2026,(TB) TANG NGAY [MONEY] vao TKC cho thue bao [NUMBER] khi dang ky va gia han thanh cong lien tiep 6 ngay dich vu Meclip. Moi soan DK PLV8 gui 888 de dang ky va nhan them quyen loi khac (+2GB data/ngay). Cuoc [MONEY]/ngay. CSKH [NUMBER] ([MONEY]). Tran trong!,0
COM_2111,28/07/2026,(TB) Tang 200MB Data/[TIME] va quyen loi choi mien phi 100% cac game tai http://gamehappy.vn khi thue bao [NUMBER] soan GHP5 gui 888 de dang ky dich vu. Cuoc [MONEY]/[TIME]. CSKH [NUMBER] ([MONEY]). Tran trong!,0
COM_2112,28/07/2026,(TB) TANG NGAY 1.2GB/[TIME] cho thue bao [NUMBER] khi dang ky va gia han thanh cong lien tiep 10 ngay dich vu GameTP. Moi soan GTP5 gui 888 de dang ky va trai nghiem choi game tai https://gametp.vn. Cuoc [MONEY]/[TIME]. CSKH [NUMBER] ([MONEY]). Tran trong!,0
COM_2113,28/07/2026,(TB) +1GB Data/[TIME] va su dung khong gioi han toan bo cac cong cu AI Chat cung cac tinh nang tren vngenai.vn khi thue bao [NUMBER] soan GENAI6 gui 888 de dang ky dich vu vnGenAI. Cuoc [MONEY]/[TIME]. CSKH [NUMBER] ([MONEY]). Tran trong!,0
COM_2114,28/07/2026,(TB) Thue bao [NUMBER] soan OLTV5 gui 888 de nhan ngay 300MB data/[TIME] + quyen loi xem giai tri & eSports tren ON Live TV. Cuoc [MONEY]/[TIME]. CSKH [NUMBER] ([MONEY]). Tran trong!,0
COM_2115,28/07/2026,(TB) +300MB Data/[TIME] va quyen loi choi game tai http://gmgame.vn/. Moi thue bao [NUMBER] soan SGAME5 gui 888 de dang ky dich vu. Cuoc [MONEY]/[TIME]. CSKH [NUMBER] ([MONEY]). Tran trong!,0
COM_2116,28/07/2026,"(TB) CO HOI +1.2GB data/[TIME] cho thue bao [NUMBER] khi dang ky va gia han thanh cong lien tiep 6 ngay dich vu Arabica Game, soan BICA3 gui 888 de dang ky va nhan uu dai. Cuoc [MONEY]/[TIME]. CSKH [NUMBER] ([MONEY]). Tran trong!",0
COM_2117,28/07/2026,"Dang ky thanh cong goi D2 ([MONEY]/2GB). Hieu luc su dung den [TIME] [DATE]. Goi cuoc duoc gia han tu dong. Kiem tra dung luong, soan DATA gui 888. De huy, soan HUY D2 gui 888. CSKH [NUMBER]",0
COM_2118,28/07/2026,Cu phap khong hop le. QK vui long lien he [NUMBER] de duoc ho tro. Cam on da su dung dich vu VinaPhone - Mang 3G/4G nhanh nhat Viet Nam.,0
COM_2119,28/07/2026,"Goi cuoc D2 cua QK da bi huy. Cuoc DATA se tinh theo dung luong su dung thuc te: [MONEY]/50KB. De tiet kiem chi phi, vui long dang ky goi MAX70 bang cach soan MAX70 gui 888 ([MONEY]/thang/9GB). CSKH [NUMBER]",0
COM_2120,28/07/2026,"(TB) TANG NGAY 1.2GB/[TIME] khi thue bao [NUMBER] dang ky va gia han thanh cong 6 ngay lien tiep dich vu OneGame, choi mien phi game tai https://onegame.com.vn/. Soan ONG5 gui 888 de dang ky. Cuoc [MONEY]/[TIME]. CSKH [NUMBER] ([MONEY]). Tran trong!",0
COM_2121,28/07/2026,(TB) Danh cho thue bao [NUMBER] khi on luyen tieng Anh online cung nen tang Cambridge: + 1GB Data/[TIME] va su dung toan bo noi dung tai Cambridge.vn. Soan CAM8 gui 888 de nhan quyen loi. Cuoc [MONEY]/[TIME]. CSKH [NUMBER] ([MONEY]). Tran trong!,0
COM_2122,28/07/2026,"(TB) Chill cung am nhac va nhan ngay: + 500MB data/[TIME] + 01 license MeMusic Premium: xem, nghe khong gioi han kho nhac tren app MeMusic khi thue bao [NUMBER] soan MEM8 gui 888. Cuoc [MONEY]/[TIME]. CSKH [NUMBER] ([MONEY]). Tran trong!",0
COM_2123,28/07/2026,"(TB) Nghe karaoke nhan them data! Moi thue bao [NUMBER] soan MKA8 gui 888 de dang ky goi cuoc MKA8 va nhan ngay: 
+ 1GB data/[TIME];
+ Xem va nghe karaoke khong gioi han tai https://mkara.com.vn.
Cuoc [MONEY]/[TIME]. CSKH [NUMBER] ([MONEY]). Tran trong!",0
COM_2124,28/07/2026,Quy khach da huy goi D2 thanh cong. Moi Quy khach tham khao cac goi cuoc SIEU UU DAI tren ung dung MyVNPT https://my.vnpt.com.vn/adv/muagoicuoc. CSKH: [NUMBER] ([MONEY]).,0
COM_2125,28/07/2026,"Quy Khach da gia han thanh cong goi D2 ([MONEY]/2GB).Hieu luc su dung den [TIME] [DATE]. Goi cuoc gia han tu dong. Kiem tra dung luong, soan DATA gui 888. De huy, soan HUY D2 gui 888. CSKH [NUMBER]",0
COM_2126,28/07/2026,"(TB) Moi thue bao [NUMBER] soan MEM8 gui 888 de nhan 500MB data/[TIME] + 01 license MeMusic Premium: xem, nghe khong gioi han kho nhac 'chill quen loi ve' tren ung dung MeMusic. Cuoc [MONEY]/[TIME]. CSKH [NUMBER] ([MONEY]). Tran trong!",0
COM_2127,28/07/2026,(TB) Nhan 1GB data/[TIME] + xem va nghe karaoke khong gioi han tai https://mkara.com.vn khi thue bao [NUMBER] soan MKA8 gui 888. Cuoc [MONEY]/[TIME]. CSKH [NUMBER] ([MONEY]). Tran trong!,0
COM_2128,28/07/2026,"(TB) Nhan 200MB Data/[TIME] + 01 tai khoan goi xem phim khong gioi han tren Galaxy Play, cung luc tren 4 thiet bi, khi thue bao [NUMBER] soan GPM5 gui 888. Cuoc [MONEY]/[TIME]. CSKH [NUMBER] ([MONEY]). Tran trong!",0
COM_2129,28/07/2026,UBND xa Hiep Hoa thong bao: Ho so so H53.164-[NUMBER]-[NUMBER] cua Quy khach da duoc tiep nhan. Quy khach vui long truy cap duong link https://mdhl.tayninh.gov.vn/dgcb?MotCua=[NUMBER]&HoSo=H53.164-[NUMBER]-[NUMBER] de danh gia ve thai do phuc vu cua can bo tiep nhan ho so. Xin cam on!,0
COM_2130,28/07/2026,(TB) Danh cho thue bao [NUMBER]: Nhan 1.2GB data/[TIME] khi dang ky lan dau va gia han 6 lan lien tiep dich vu GameV. Soan GameV5 gui 888 de nhan va choi game tai http://gamev.vn. Cuoc [MONEY]/[TIME]. CSKH [NUMBER] ([MONEY]). Tran trong!,0
COM_2131,28/07/2026,(TB) Nang cao trinh Tieng Anh cung Cambridge.vn va nhan ngay 1GB data/[TIME] khi thue bao [NUMBER] soan CAM8 gui 888. Cuoc [MONEY]/[TIME]. CSKH [NUMBER] ([MONEY]). Tran trong!,0
COM_2132,28/07/2026,"(TB) De choi game mien phi tai https://onegame.com.vn/ va nhan 50MB data/[TIME], moi thue bao [NUMBER] soan ONG5 gui 888 de dang ky dich vu One Game. Cuoc [MONEY]/[TIME]. CSKH [NUMBER] ([MONEY]). Tran trong!",0
COM_2133,28/07/2026,"(TB) +200MB data/[TIME] va quyen truy cap cac khoa hoc ky nang, ngoai ngu,... tren nen tang vnStudy. Moi thue bao [NUMBER] soan DK VSHT gui 888 de dang ky. Cuoc [MONEY]/[TIME]. CSKH [NUMBER] ([MONEY]). Tran trong!",0
COM_2134,28/07/2026,(TB) +200MB data/[TIME] + quyen loi goi cao cap dich vu Galaxy Play khi thue bao [NUMBER] soan DK GPM5 gui 888 de dang ky va nhan uu dai. Cuoc [MONEY]/[TIME]. CSKH [NUMBER] ([MONEY]). Tran trong!,0
COM_2135,28/07/2026,UBND xa Hiep Hoa thong bao: Ho so so H53.164-[NUMBER]-[NUMBER] cua Quy khach da hoan thanh. Kinh moi quy khach den nhan ket qua. Quy khach vui long truy cap duong link https://dgmdhl.tayninh.gov.vn/dgtt?sbn=H53.164-[NUMBER]-[NUMBER] de danh gia ve chat luong giai quyet thu tuc hanh chinh.,0
COM_2136,28/07/2026,(TB) Co hoi nhan toi [MONEY] vao TKC tu CTKM laixevenha.vn. Thue bao [NUMBER] soan GHP5 gui 888 de dang ky dich vu Game Happy va tham gia ngay. Cuoc [MONEY]/[TIME]. CSKH [NUMBER] ([MONEY]). Tran trong!,0
COM_2137,28/07/2026,Goi cuoc D2 ([MONEY]/ngay) cua QK gia han khong thanh cong do tai khoan chinh khong du [MONEY]. Vui long nap tien (toi thieu [MONEY]) tai https://my.vnpt.com.vn/adv/napthe de duoc gia han va tiep tuc su dung uu dai cua goi cuoc. CSKH: [NUMBER] ([MONEY]).,0
COM_2138,28/07/2026,(TB) CO HOI +[MONEY] va RINH VF5 ve nha tu CTKM laixevenha.vn. Thue bao [NUMBER] soan MEM5 gui 888 dang ky dich vu MeMusic. Cuoc [MONEY]/[TIME]. CSKH [NUMBER] ([MONEY]). Tran trong!,0
COM_2139,28/07/2026,(TB) RINH NGAY VF5 tu CTKM laixevenha.vn. Moi thue bao [NUMBER] soan DK GPM5 gui 888 hoac truy cap https://dvs.vnpt.vn/adv/521 de dang ky dich vu Galaxy Play va tham gia CTKM. Cuoc [MONEY]/[TIME]. CSKH [NUMBER] ([MONEY]). Tran trong!,0
COM_2140,28/07/2026,(TB) Tham gia ngay CTKM laixevenha.vn de nhan luot quay va co hoi trung [MONEY] vao TKC khi thue bao [NUMBER] soan GHP5 gui 888 de dang ky dich vu Game Happy. Cuoc [MONEY]/[TIME]. CSKH [NUMBER] ([MONEY]). Tran trong!,0
COM_2141,28/07/2026,(TB) Thue bao [NUMBER] co ngay: 4GB data/[TIME] + co hoi rinh xe oto dien VinFast VF5 tu CTKM laixevenha.vn khi soan DK CAKE6 gui 888 hoac truy cap https://dvs.vnpt.vn/adv/464 de dang ky. Cuoc [MONEY]/[TIME]. CSKH [NUMBER] ([MONEY]). Tran trong!,0
COM_2142,28/07/2026,(TB) CHOP DATA - SAN XE VINFAST! Thue bao [NUMBER] dang ky VinaOn xem eSports mien phi data va co hoi trung xe may dien Evo Neo. Soan VAON6 gui 888 (cuoc [MONEY]/[TIME]) de tham gia CTKM laixevenha.vn. CSKH [NUMBER] ([MONEY]). Tran trong!,0
COM_2143,28/07/2026,(TB) Danh cho thue bao [NUMBER]: CO HOI TRUNG giai dac biet tri gia [MONEY] dong tu CTKM laixevenha.vn. Soan IGA1 gui 888 hoac truy cap https://dvs.vnpt.vn/adv/441 de dang ky va tham gia. Cuoc [MONEY]/[TIME]. CSKH [NUMBER] ([MONEY]). Tran trong!,0
COM_2144,28/07/2026,"(TB) +1.2GB data/[TIME] cho thue bao [NUMBER] khi dang ky va gia han lien tiep 6 ngay dich vu GameV, them co hoi +[MONEY] vao TKC tu ""Hop qua may man"" CTKM laixevenha.vn. Soan GAMEV5 gui 888 de nhan uu dai. Cuoc [MONEY]/[TIME]. CSKH [NUMBER] ([MONEY]).",0
COM_2145,28/07/2026,(TB) Moi thue bao [NUMBER] soan DK T1 gui [NUMBER] hoac truy cap https://dvs.vnpt.vn/adv/306 de dang ky dich vu TrustCall va them co hoi trung oto dien VinFast VF5 tu CTKM laixevenha.vn. Cuoc [MONEY]/30 ngay. CSKH [NUMBER] ([MONEY]). Tran trong!,0
COM_2146,28/07/2026,"(TB) VinaPhone vinh dự là nhà mạng 5G tốt nhất Việt Nam và Đông Nam Á theo kết quả đo kiểm của Speedtest (trong quý 3-4/[NUMBER]). Mời Quý khách trải nghiệm VinaPhone 5G, nâng cấp các gói Data 5G tốc độ cao với ưu đãi hấp dẫn tại digishop.vnpt.vn. Trân trọng cảm ơn Quý khách đã đồng hành cùng VinaPhone. CSKH: [NUMBER] ([MONEY]).",0
COM_2147,28/07/2026,"(CSKH) Mừng ngày Quốc tế Phụ nữ 8/3, VinaPhone Plus mời bạn đổi điểm để chọn những bộ quà tinh tế, thanh lịch dành tặng phái đẹp. Tham gia ngay trên ứng dụng My VNPT tại https://my.vnpt.com.vn/adv/quatang . CSKH: [NUMBER] ([MONEY]).",0
COM_2148,28/07/2026,(TB) Soan OKGS5 gui 888 de co co hoi nhan luot quay Hop qua may man trung toi [MONEY] vao TKC tu CTKM laixevenha.vn khi dang ky va gia han dich vu Gamestore. Cuoc [MONEY]/[TIME]. CSKH [NUMBER] ([MONEY]).,0
COM_2149,28/07/2026,Tai khoan cua Quy khach da duoc nap [MONEY] tu [NUMBER] vao [DATE] [TIME]. Ma giao dich [NUMBER]. Chi tiet lien he CSKH [NUMBER] ([MONEY]). Tran trong cam on!,0
COM_2150,28/07/2026,"(TB) De dang ky goi cuoc DGT10/cuoc phi [MONEY]/[TIME], 1GB data huong khac + Mien phi hoan toan data truy cap ung dung Youtube, VieON, Nhaccuatui, Tiktok. Soan DGT10 gui [NUMBER]. Tu choi nhan tin, soan TC R gui [NUMBER]. CSKH [NUMBER] ([MONEY]). Tran trong!",0
COM_2151,28/07/2026,"Quy KH vui long nhap ma [NUMBER] de xac nhan giao dich trong vong [TIME]. Truong hop khong thuc hien, vui long bo qua thong bao nay. LH [NUMBER].",0
COM_2152,28/07/2026,[EVNSPC_CSKH] Ma OTP xac thuc dang ky tai khoan 232738,0
COM_2153,28/07/2026,"(TB) Quyền lợi dành riêng cho thuê bao VinaPhone! Mua gói cước cho chính mình trên VNPT Money, thanh toán Visa nhận hoàn 50% tới [MONEY]. Đăng ký ngay tại: https://km.vnptmoney.vn/data4G5G . Áp dụng đến [DATE]. Bao nhiêu thẻ Visa bấy nhiêu lần ưu đãi. CSKH: [NUMBER] (miễn phí).",0
COM_2154,28/07/2026,"(CSKH) Di chuyển Xanh mỗi ngày - Đã có VinaPhone Plus trợ giá. Mời Quý Hội viên đổi điểm tích lũy nhận ưu đãi GIẢM TỚI 20%, tối đa [MONEY]/chuyến xe công nghệ Xanh tại ứng dụng My VNPT: https://my.vnpt.com.vn/adv/xanhSM . CSKH: [NUMBER] ([MONEY]). Trân trọng!",0
COM_2155,28/07/2026,"(TB) Co hoi +1GB data va ""Rinh xe oto dien"" Vinfast VF5 tu CTKM laixevenha.vn khi thue bao [NUMBER] soan ONG5 gui 888 dang ky dich vu OneGame. Cuoc [MONEY]/[TIME]. CSKH [NUMBER] ([MONEY]). Tran trong!",0
COM_2156,28/07/2026,(TB) TANG NGAY 100MB Data/[TIME] va 01 tai khoan Mango+ VIP tren ung dung Mango+ khi thue bao [NUMBER] soan DK MGP5 gui 888 de dang ky va trai nghiem dich vu Mango+. Cuoc [MONEY]/[TIME]. CSKH [NUMBER] ([MONEY]). Tran trong!,0
COM_2157,28/07/2026,"(TB) SAN XE MAY DIEN VINFAST EVO! Thue bao [NUMBER] dang ky dich vụ VinaOn mien phi data xem eSports, khi soan VAON6 gui 888 de tham gia CTKM laixevenha.vn. Cuoc [MONEY]/[TIME]. CSKH [NUMBER] ([MONEY]). Tran trong!",0
COM_2158,28/07/2026,(TB) Moi thue bao [NUMBER] soan MKA8 gui 888 hoac truy cap https://dvs.vnpt.vn/adv/168 de dang ky va NHAN NGAY 1GB Data/[TIME] kem co hoi trung xe may dien VinFast Evo Neo tu CTKM laixevenha.vn. Cuoc [MONEY]/[TIME]. CSKH [NUMBER] ([MONEY]). Tran trong!,0
COM_2159,28/07/2026,"(TB) Nạp Data VinaPhone ngay, tiết kiệm hơn bao giờ hết! Hoàn tiền 50% (tối đa [MONEY]) khi Quý khách mua gói cước cho chính mình và thanh toán bằng thẻ Visa trên VNPT Money tại https://km.vnptmoney.vn/data4G5G . Áp dụng đến [DATE]. Bao nhiêu thẻ Visa bấy nhiêu lần ưu đãi. CSKH: [NUMBER] (miễn phí).",0
COM_2160,28/07/2026,"(TB) Trải nghiệm dùng thử 01 tháng Youtube Premium với giá [MONEY]! Tha hồ xem Youtube không quảng cáo, không cần mạng trong 30 ngày với phương thức thanh toán bằng tài khoản di động VinaPhone! Giá cước sau ưu đãi chỉ từ [MONEY]/30 ngày, giá cước được quy định với mỗi loại tài khoản và theo chính sách của Youtube.
Để nhận ưu đãi, Quý khách vui lòng thực hiện theo các bước sau:
1. Cài đặt phương thức thanh toán tại https://play.app.goo.gl/8Nry.
2. Truy cập Google Play để Tải và Truy cập ứng dụng Youtube, chọn Dịch vụ Youtube Premium.
Chi tiết liên hệ CSKH [NUMBER] ([MONEY]).",0
COM_2161,28/07/2026,"(TB) VinaPhone tặng Quý khách quyền lợi HỌC HĂNG SAY- QUÀ LIỀN TAY cùng cơ hội LÁI XẾ ĐIỆN VỀ NHÀ khi đăng ký gói VHO5:
+ Có ngay 400MB Data tốc độ cao sử dụng trong [TIME] (hết dung lượng tính cước theo quy định).
+ 01 Tài khoản sử dụng miễn phí nội dung ôn luyện trên nền tảng Vui Học.
+ Tham gia quay thưởng trúng Ô tô, Xe máy điện VinFast và nhiều quà tặng, Data khi đăng ký gói VHO5 và truy cập http://laixevenha.vn .
Soạn VHO5 gửi 888 ngay kẻo lỡ. Cước chỉ: [MONEY]/[TIME]. CSKH [NUMBER] ([MONEY]).",0
COM_2162,28/07/2026,(TB) Co hoi +[MONEY] vao TKC tu Hop qua may man cua CTKM laixevenha.vn khi dang ky va gia han dich vu Gamestore. Moi thue bao [NUMBER] soan OKGS5 gui 888 de dang ky. Cuoc [MONEY]/[TIME]. CSKH [NUMBER] ([MONEY]). Tran trong!,0
COM_2163,28/07/2026,(TB) CO HOI DANH RIENG cho thue bao [NUMBER]: + 300MB data/ngay + co hoi trung xe may dien Vinfast Evo Neo tu CTKM laixevenha.vn. Moi soan DK AN gui [NUMBER] hoac truy cap https://dvs.vnpt.vn/adv/308 de dang ky. Cuoc [MONEY]/ngay. CSKH [NUMBER] ([MONEY]). Tran trong!,0
COM_2164,28/07/2026,(TB) CO HOI RINH OTO DIEN VINFAST VF5 va +[MONEY] vao TKC! Thue bao [NUMBER] soan COMIT5 gui 888 de tham gia CTKM va trai nghiem dich vu 5Ggaming. Xem them tai laixevenha.vn. Cuoc [MONEY]/[TIME]. CSKH [NUMBER] ([MONEY]). Tran trong!,0
COM_2165,28/07/2026,(TB) CO HOI +[MONEY] vao TKC hoac oto VF5 tu CTKM laixevenha.vn va quyen truy cap cac khoa hoc tren nen tang vnStudy. Moi thue bao [NUMBER] soan DK VSHT gui 888 de dang ky va tham gia nhan uu dai. Cuoc [MONEY]/[TIME]. CSKH [NUMBER] ([MONEY]). Tran trong!,0
COM_2166,28/07/2026,(TB) SAN NGAY [MONEY] hoac VF5! Moi thue bao [NUMBER] soan DK VSHT gui 888 hoac truy cap https://dvs.vnpt.vn/adv/644 de tham gia CTKM laixevenha.vn va nhan them 200MB data/[TIME]. Cuoc [MONEY]/[TIME]. CSKH [NUMBER] ([MONEY]). Tran trong!,0
COM_2167,28/07/2026,Tai khoan chinh cua Quy khach khong du de dang ky goi D2. Quy khach vui long nap them tien vao TK va thu lai.,0
COM_2168,28/07/2026,"TKC cua Quy Khach sap het. De duoc ung [TIME] thoai ([MONEY], hieu luc su dung tai khoan Airtime [TIME]), soan A gui [NUMBER]. Sau [TIME], so phut thoai con lai se duoc tu dong thu hoi neu QK khong su dung het. Tu choi nhan loi moi, soan TC A gui [NUMBER]. Chi tiet LH [NUMBER] (mien phi)",0
COM_2169,28/07/2026,"Tai khoan chinh cua Quy khach khong du de thuc hien cuoc goi. Soan 3 gui [NUMBER] (hieu luc trong vong [TIME]) de duoc ung [TIME] THOAI (Gia cuoc [MONEY]). Tu choi nhan tin, soan TC gui [NUMBER]. CSKH: [NUMBER] ([MONEY])",0
COM_2170,28/07/2026,(TB) CHOP CO HOI +[MONEY] vao TKC hoac Oto dien VF5 khi dang ky goi Luyen thi tieng Anh. Moi thue bao [NUMBER] soan BCTA5 gui 888 de dang ky va tham gia CTKM laixevenha.vn. Cuoc [MONEY]/[TIME]. CSKH [NUMBER] ([MONEY]). Tran trong!,0
COM_2171,28/07/2026,(TB) Thue bao [NUMBER] co ngay CO HOI trung Oto dien Vinfast VF5 hoac +[MONEY] vao TKC khi tham gia CTKM laixevenha.vn. Moi ban soan BCTA5 gui 888 de dang ky goi Luyen thi tieng Anh va nhan co hoi trung thuong. Cuoc [MONEY]/[TIME]. CSKH [NUMBER] ([MONEY]). Tran trong!,0
COM_2172,28/07/2026,(TB) +7GB Data/[TIME] va quyen loi tren ung dung CleverKids cho ca giao vien va hoc sinh. Moi thue bao [NUMBER] soan CLK10 gui 888. Them co hoi trung [MONEY] va xe may dien VinFast Evo Neo tu CTKM laixevenha.vn. Cuoc [MONEY]/[TIME]. CSKH [NUMBER] ([MONEY]).,0
COM_2173,28/07/2026,Chuc mung Quy khach da nap the thanh cong! VinaPhone kinh tang Quy khach 20% gia tri the nap. Gia tri khuyen mai duoc su dung goi/nhan tin cac nha mang trong 15 ngay ke tu ngay nap the. CSKH: [NUMBER]([MONEY]). Tran trong!,0
COM_2174,28/07/2026,(TB) +5GB Data/[TIME] + mien phi [TIME] goi noi mang + [TIME] ngoai mang + 01 tai khoan su dung ung dung SCTV. Thue bao [NUMBER] soan DK SVIP gui 900 de nhan. Them co hoi trung xe dien VinFast từ CTKM laixevenha.vn. Cuoc [MONEY]/[TIME]. CSKH [NUMBER] ([MONEY]).,0
COM_2175,28/07/2026,"(TB) Xác thực thông tin thuê bao, bảo vệ quyền lợi khách hàng!
Theo Thông tư 08/TT-BKHCN của Bộ KH&CN, số điện thoại [NUMBER] của Quý khách phải thực hiện xác thực thông tin thuê bao để đảm bảo tuân thủ quy định từ CQ QLNN. VinaPhone kính mời Quý khách:
(1) Tải và truy cập mục ""Thông tin thuê bao"" trên Ứng dụng My VNPT https://my.vnpt.com.vn/adv/tttb chọn “Xác thực ngay” và thực hiện theo các bước (yêu cầu có Ứng dụng VNeID của Bộ Công An hoặc Căn cước công dân có gắn CHIP).
(2) Hoặc đến Điểm giao dịch VinaPhone gần nhất để được hỗ trợ.
Quý khách vui lòng bỏ qua tin nhắn này nếu đã thực hiện. CSKH: [NUMBER] (miễn phí). Trân trọng!",0
COM_2176,28/07/2026,"(CSKH) VinaPhone Plus tặng miễn phí ưu đãi Du lịch – nghỉ dưỡng – vui chơi cùng Vinpearl lên tới 30%! Mời quý hội viên truy cập ứng dụng My VNPT để nhận các ưu đãi: GIẢM 30% vé xông hơi Aquafield, GIẢM 7% phòng khách sạn Vinpearl, GIẢM 5% (tối đa [MONEY]) các dịch vụ của VinWonders tại: https://my.vnpt.com.vn/adv/dulich . CSKH: [NUMBER] ([MONEY]). Trân trọng!",0
COM_2177,28/07/2026,"(TB) Theo Thông tư 08/TT-BKHCN của Bộ KH & CN, số điện thoại [NUMBER] của Quý khách phải thực hiện xác thực thông tin thuê bao. VinaPhone kính mời Quý khách:
(1) Tải Ứng dụng My VNPT https://my.vnpt.com.vn/adv/tttb và thực hiện theo các bước (yêu cầu có Ứng dụng VNeID của Bộ Công An hoặc Căn cước công dân có gắn CHIP).
(2) Hoặc đến Điểm giao dịch VinaPhone gần nhất để được hỗ trợ.
Vui lòng bỏ qua tin nhắn này nếu đã thực hiện. CSKH: [NUMBER] (miễn phí). Trân trọng!",0
COM_2178,28/07/2026,Prudential thong bao da xu ly xong yeu cau chuyen khoan [MONEY] cua Ho so/Hop dong [NUMBER] vao ngay [DATE]. Quy khach vui long theo doi tai khoan nguoi thu huong. Thoi gian hoan tat giao dich phu thuoc ngan hang thu huong. Tran trong,0
COM_2179,28/07/2026,"(TB) VinaPhone - Mạng 5G tốt nhất Việt Nam và Đông Nam Á! 
Đặc quyền dành riêng cho Quý khách khi đăng ký gói DT40SC, chỉ [MONEY]/7 ngày:
+ Có ngay 10GB Data tốc độ cao (hết 10GB, dừng truy cập).
+ Xem miễn phí truyền hình MyTV trên di động với hơn 100 kênh, gồm chùm kênh SCTV (tải ứng dụng tại http://mytv.com.vn/tai-ve ).
Soạn tin DT40SC gửi 888 để không bỏ lỡ ưu đãi. CSKH: [NUMBER] ([MONEY]).",0
COM_2180,28/07/2026,VinaPhone thong bao: Tel [NUMBER] goi cho Ban nhung khong thuc hien duoc. Ban vui long goi lai neu can. Xin cam on!,0
COM_2181,28/07/2026,(TB) Trung [MONEY] va xe may dien VinFast Evo Neo tu CTKM laixevenha.vn. Tang them +7GB Data/[TIME] va quyen loi tren ung dung CleverKids cho ca giao vien va hoc sinh. Moi thue bao [NUMBER] soan CLK10 gui 888. Cuoc [MONEY]/[TIME]. CSKH [NUMBER] ([MONEY]).,0
COM_2182,28/07/2026,PRUDENTIAL: [NUMBER] la ma xac thuc giao dich tai PRUOnline trong [TIME]. KHONG CHIA SE voi ai de tranh lo thong tin. Vui long LH [NUMBER] neu ban khong giao dich,0
COM_2183,28/07/2026,"(TB) +1GB Data/[TIME] va co hoi +[MONEY] vao TKC tu CTKM laixevenha.vn khi thue bao [NUMBER] soan MKA8 gui 888, gia han goi cuoc MKA8 moi ngay. Cuoc [MONEY]/[TIME]. CSKH [NUMBER] ([MONEY]).",0
COM_2184,28/07/2026,"(TB) XÀI VINA - NẠP THẺ LÀ CÓ QUÀ! VinaPhone tặng riêng Quý khách nhận được tin nhắn 20% giá trị khi nạp thẻ trong HÔM NAY [DATE]. Khuyến mại được sử dụng để gọi/nhắn tin trong 15 ngày. Thêm ưu đãi hấp dẫn khi nạp tại https://my.vnpt.com.vn/adv/napthe . CSKH: [NUMBER] ([MONEY]).
VinaPhone - Mạng 5G tốt nhất Việt Nam và Đông Nam Á!",0
COM_2185,28/07/2026,QK dang GD tren ApplePay.Ma xac thuc [NUMBER] hieu luc den [NUMBER] [TIME].LH:[NUMBER](VN)/[NUMBER] 288 880(NN).Khong gui OTP cho ai ke ca Ngan hang,0
COM_2186,28/07/2026,"(TB) VinaPhone - Mạng 5G tốt nhất Việt Nam và Đông Nam Á! 
Đặc quyền dành riêng cho Quý khách khi đăng ký gói D15. Chỉ với [MONEY], có ngay 5GB Data tốc độ cao, sử dụng trong [TIME] (hết 5GB, tính cước theo quy định).
Soạn tin D15 gửi 888 hoặc truy cập https://digishop.vnpt.vn/di-dong/d15/402?u=D15 để không bỏ lỡ ưu đãi. CSKH: [NUMBER] ([MONEY]).",0
COM_2187,28/07/2026,"(CSKH) Chào mừng Ngày Giải phóng Miền Nam- Thống nhất đất nước 30/4, VinaPhone Plus mời quý hội viên đổi điểm tích lũy nhận vật phẩm giá trị. Truy cập ngay ứng dụng My VNPT tại https://my.vnpt.com.vn/adv/quatang . CSKH: [NUMBER] ([MONEY]). Trân trọng!",0
COM_2188,28/07/2026,"(TB) VinaPhone dành riêng cho Quý khách quyền lợi NHẬN DIỆN CUỘC GỌI LỪA ĐẢO - YÊN TÂM NGHE MÁY khi đăng ký gói cước ICM5 sẽ có ngay ưu đãi: 
+ 200MB Data tốc độ cao sử dụng trong [TIME] (hết dung lượng dừng truy cập).
+ Tài khoản Premium iCallme cảnh báo spam, chặn cuộc gọi làm phiền, bảo vệ quyền riêng tư.
Soạn tin DK ICM5 gửi 888. Cước [MONEY]/[TIME]. CSKH [NUMBER] ([MONEY]).",0
COM_2189,28/07/2026,(TB) +300MB Data/[TIME] + co hoi trung o to dien VINFAST VF5 tu CTKM laixevenha.vn. Moi thue bao [NUMBER] soan MTX5 gui 888 de hoc tap va chinh phuc cac muc tieu Toan hoc tai mathx.vn. Cuoc [MONEY]/[TIME]. CSKH [NUMBER] ([MONEY]).,0
COM_2190,28/07/2026,"Dung luong cua Quy khach da het. Soan 2 gui [NUMBER] (hieu luc trong vong [TIME]) de duoc ung 1.5GB DATA (Gia cuoc [MONEY]) tu VinaPhone. Tu choi nhan tin nhan, soan TC gui [NUMBER]. CSKH: [NUMBER] ([MONEY])",0
COM_2191,28/07/2026,(TB) TANG 100MB data/[TIME] va co hoi nhan [MONEY] vao TKC tu Hop qua may man - CTKM laixevenha.vn cho thue bao [NUMBER] khi soan GPY gui 888 de dang ky dich vu GameTP. Cuoc [MONEY]/[TIME]. CSKH [NUMBER] ([MONEY]). Tran trong!,0
COM_2192,28/07/2026,"(TB) NẠP ĐẦY ƯU ĐÃI, ĐẠI LỄ THOẢI MÁI KẾT NỐI! VinaPhone tặng Quý khách 20% giá trị khi nạp tiền điện thoại bằng hình thức trực tiếp qua My VNPT https://my.vnpt.com.vn/adv/napdt duy nhất HÔM NAY [DATE]. Khuyến mại dùng để gọi và nhắn tin trong 15 ngày.
Chúc Quý khách có kỳ nghỉ Lễ 30/4 - 1/5 vui vẻ và trọn vẹn yêu thương! 
CSKH: [NUMBER] ([MONEY]).",0
COM_2193,28/07/2026,"(TB) Theo Thông tư 08/[NUMBER]/TT-BKHCN của Bộ KH&CN, thuê bao di động cần thực hiện xác thực thông tin thuê bao. Quý khách vui lòng bỏ qua tin nhắn nếu số điện thoại [NUMBER] đã thực hiện xác thực trên Ứng dụng MyVNPT hoặc tại các Điểm giao dịch. Nếu chưa thực hiện, VinaPhone kính mời Quý khách:
(1) Tải Ứng dụng My VNPT https://my.vnpt.com.vn/adv/tttb , truy cập mục ""Thông tin thuê bao"" và thực hiện theo hướng dẫn.
(2) Hoặc đến Điểm giao dịch VinaPhone gần nhất để được hỗ trợ.
CSKH: [NUMBER] ([MONEY]). Trân trọng!",0
COM_2194,28/07/2026,(TB) Thue bao [NUMBER] soan VITA3 gui 888 de duoc nhan 50MB/[TIME] va choi game thoa thich tai https://gameasy.vn tu dich vu Gameasy. Cuoc [MONEY]/[TIME]. CSKH [NUMBER] ([MONEY]). Tran trong!,0
COM_2195,28/07/2026,(TB) TANG NGAY 300MB data/[TIME] + xem toan bo cac giai dau eSports. Moi thue bao [NUMBER] soan OLTV5 gui 888 hoac truy cap https://dvs.vnpt.vn/adv/303 de dang ky dich vu va nhan uu dai. Cuoc [MONEY]/[TIME]. CSKH [NUMBER] ([MONEY]). Tran trong!,0
COM_2196,28/07/2026,"(CSKH) Vi vu dịp Lễ xanh hơn, tiết kiệm hơn cùng ưu đãi giảm 20% dịch vụ di chuyển GreenSM của VinaPhone Plus. Mời quý hội viên đổi điểm tích lũy nhận ngay ưu đãi tại https://my.vnpt.com.vn/adv/xanhSM . CSKH: [NUMBER] ([MONEY]). Trân trọng!",0
COM_2197,28/07/2026,"(TB) Nghỉ Lễ trọn niềm vui – Nạp thẻ thêm ưu đãi! 
VinaPhone tặng Quý khách ưu đãi 20% giá trị thẻ nạp trong HÔM NAY [DATE] (khuyến mại được sử dụng để gọi/nhắn tin trong 15 ngày). Thêm ưu đãi hấp dẫn khi nạp tại https://my.vnpt.com.vn/adv/napthe . CSKH: [NUMBER] ([MONEY]).
VinaPhone - Mạng 5G tốt nhất Việt Nam và Đông Nam Á!",0
COM_2198,28/07/2026,"(TB) Ngày đôi 5.5 – Nạp thẻ nhận quà! VinaPhone tặng riêng Quý khách 20% giá trị thẻ nạp vào NGÀY MAI [DATE] (khuyến mại được sử dụng để gọi/nhắn tin trong 15 ngày).
Thêm ưu đãi hấp dẫn khi nạp tại https://my.vnpt.com.vn/adv/napthe . CSKH: [NUMBER] ([MONEY]).
VinaPhone - Mạng 5G tốt nhất Việt Nam và Đông Nam Á!",0
COM_2199,28/07/2026,"So dien thoai cua Quy khach CHUA XAC THUC thong tin thanh cong theo quy dinh cua Thong tu 08/[NUMBER]/TT-BKHCN. Quy khach vui long tai Ung dung My VNPT tai https://my.vnpt.com.vn/adv/tttb , chon muc ""Thong tin thue bao"" de thuc hien. CSKH [NUMBER] (mien phi)",0
COM_2200,28/07/2026,Ma xac thuc yeu cau tu Dai ly kd62_dho_lan de dang ky thong tin cho quy khach la: [NUMBER],0
COM_2201,28/07/2026,(TB) So huu ngay 500MB Data/ngay + mien 100% cuoc trai nghiem Kho video chuyen biet ve Phap luat tren Meclip.vn. Soan DK PL1 gui [NUMBER] de dang ky goi cuoc Phap luat doi song. Cuoc [MONEY]/ngay. CSKH [NUMBER] ([MONEY]).,0
COM_2202,28/07/2026,(TB) CHOI GAME CUC DA tai Igame5 va nhan them 50MB data/[TIME]. Thue bao [NUMBER] soan IGA1 gui 888 de dang ky va trai nghiem. Cuoc [MONEY]/[TIME]. CSKH [NUMBER] ([MONEY]). Tran trong!,0
COM_2203,28/07/2026,"[NUMBER] la ma xac thuc OTP tren MyVNPT cua Quy Khach, hieu luc trong [TIME]. De dam bao an toan, vui long khong chia se ma nay voi bat ky ai.",0
COM_2204,28/07/2026,"(CSKH) Chào mừng Quý khách đến với ứng dụng My VNPT. VinaPhone kính tặng Quý khách [POINT] VinaPhone Plus cho lần đầu đăng nhập. Điểm tặng có thời hạn đến [DATE] để trải nghiệm các ưu đãi hấp dẫn (quà tặng, phút gọi, Data …) tại website/ứng dụng My VNPT https://my.vnpt.com.vn/adv/vplus. CSKH [NUMBER] ([MONEY]). Trân trọng!",0
COM_2205,28/07/2026,"(TB) Thue bao [NUMBER] cua Quy khach da cap nhat thanh cong Thong tin thue bao vao 15h55 ngay [DATE]. De biet them chi tiet, Quy khach vui long soan tin TTTB gui [NUMBER] hoac lien he CSKH [NUMBER] ([MONEY]). Tran trong!",0
COM_2206,28/07/2026,"(TB) Mở Mobile Money từ sim VinaPhone chính chủ (không cần thực hiện định danh lại). Nhận ngay 3 quà tặng trị giá [MONEY] để nạp tiền di động, thanh toán hoá đơn,...cùng nhiều ưu đãi khác lên tới [MONEY] VNĐ. Hạn mức thanh toán tới [MONEY] VNĐ, chuyển tiền linh hoạt tới các nhà mạng khác. Truy cập ngay tại: https://km.vnptmoney.vn/LDPmomoi. LH [NUMBER] (#3).",0
COM_2207,28/07/2026,"(TB) Chu nhat nap tien dien thoai tren MyVNPT – Nhan ngay uu dai!
VinaPhone tang Quy khach 20% gia tri khi nap tien dien thoai bang hinh thuc truc tiep qua My VNPT https://my.vnpt.com.vn/adv/napdt duy nhat HOM NAY [DATE]. Khuyen mai dung goi va nhan tin trong 15 ngay.
CSKH: [NUMBER] ([MONEY]).",0
COM_2208,28/07/2026,"(TB) Chủ nhật nạp tiền điện thoại trên MyVNPT – Nhận ngay ưu đãi!
VinaPhone tặng Quý khách 20% giá trị khi nạp tiền điện thoại bằng hình thức trực tiếp qua My VNPT https://my.vnpt.com.vn/adv/napdt duy nhất HÔM NAY [DATE]. Khuyến mại dùng gọi và nhắn tin trong 15 ngày.
CSKH: [NUMBER] ([MONEY]).",0
COM_2209,28/07/2026,"(TB) Quyền lợi cực hấp dẫn từ VNPT! Mua gói cước VinaPhone cho chính mình, thanh toán Visa trên VNPT Money được hoàn 50% (tối đa [MONEY]). Thực hiện ngay: https://km.vnptmoney.vn/data4G5G .Áp dụng đến [DATE]. Bao nhiêu thẻ Visa bấy nhiêu lần ưu đãi. CSKH: [NUMBER] (miễn phí).",0
COM_2210,28/07/2026,"(TB) Hôm nay nạp thẻ – Nhận ngay 20%!
Đừng bỏ lỡ ưu đãi 20% VinaPhone tặng riêng Quý khách nhận được tin nhắn và nạp thẻ trong HÔM NAY [DATE]. Khuyến mại được sử dụng để gọi/nhắn tin trong 15 ngày.
Thêm ưu đãi hấp dẫn khi nạp tại https://my.vnpt.com.vn/adv/napthe . CSKH: [NUMBER] ([MONEY]). 
VinaPhone - Mạng 5G tốt nhất Việt Nam và Đông Nam Á!",0
COM_2211,28/07/2026,(CSKH) Ưu đãi giảm 20% dịch vụ di chuyển GreenSM dành cho hội viên VinaPhone Plus sẽ hết hạn vào [DATE]. Kính mời Quý hội viên nhanh tay đổi điểm nhận ưu đãi tại https://my.vnpt.com.vn/adv/xanhSM . CSKH: [NUMBER] ([MONEY]). Trân trọng!,0
COM_2212,28/07/2026,"(TB) VinaPhone dành tặng bạn đặc quyền sở hữu gói [NUMBER] chỉ [MONEY]/30 ngày: 
+ Miễn phí 1GB Data/ngày+ Truy cập MyTV addon VTvcab+ Truy cập Youtube,Facebook, Tiktok.
+ Được lựa chọn thêm ưu đãi: 5GB Data/ MP gói SCTV/ MP gói Galaxy VIP của dịch vụ MyTV (sử dụng trong 30 ngày) khi đăng ký gói thành công qua tin nhắn DK [NUMBER] gửi 888 hoặc truy cập https://digishop.vnpt.vn/seller/uudai?c=n43vMIR. CSKH [NUMBER] ([MONEY]).",0
COM_2213,28/07/2026,The VPBank [NUMBER] vua chi tieu -[MONEY] ND:PAYOO*KOI 18 vao luc [TIME] 17/05.Han muc con lai tam tinh [MONEY].,0
COM_2214,28/07/2026,"(TB) Tri ân tháng 5, kết nối trọn vẹn!
VinaPhone tặng riêng Quý khách nhận được tin nhắn 20% giá trị khi nạp thẻ vào NGÀY MAI [DATE]. Khuyến mại được sử dụng để gọi/nhắn tin trong 15 ngày.
Thêm ưu đãi hấp dẫn khi nạp tại https://my.vnpt.com.vn/adv/napthe . CSKH: [NUMBER] ([MONEY]).
VinaPhone - Mạng 5G tốt nhất Việt Nam và Đông Nam Á!",0
COM_2215,28/07/2026,"(TB) Quà khủng đang chờ! Mở mới tài khoản VNPT Money ngay hôm nay để nhận [MONEY] quà tặng gồm 03 voucher dùng để thanh toán hóa đơn VNPT, nạp điện thoại, tiền điện cực tiện lợi... Thêm voucher tới [MONEY] khi mua vé máy bay và thanh toán bằng thẻ Visa trên VNPT Money. Nhanh tay đăng ký tại: https://km.vnptmoney.vn/VNPTMoney (áp dụng cho khách hàng mở mới từ [DATE] đến [DATE]). CSKH [NUMBER] ((#3, miễn phí).",0
COM_2216,28/07/2026,"Moi KH HOA THI BACH LAN (SN [NUMBER]) xem ket qua XN tai 

https://hsdt.umc2.edu.vn/rs/[NUMBER]-3817d150/MDg0ODI1NTczOQ",0
COM_2217,28/07/2026,(TB) NHAN NGAY 50MB data/[TIME] khi thue bao [NUMBER] soan BICA3 gui 888 de dang ky dich vu Arabica Game va thoai mai choi game tai https://bicagame.vn. Cuoc [MONEY]/[TIME]. CSKH [NUMBER] ([MONEY]). Tran trong!,0
COM_2218,28/07/2026,The VPBank [NUMBER] tang +[MONEY] ND:GD qua NHDT vao luc [TIME] 21/05. Han muc con lai la [MONEY].,0
COM_2219,28/07/2026,"(TB) VinaPhone tặng Quý khách quyền lợi ÔN LUYỆN TIẾNG ANH ONLINE TRÊN NỀN TẢNG CAMBRIDGE khi đăng ký gói CAM8:
+ 01GB Data sử dụng trong [TIME] (hết dung lượng tính cước theo quy định).
+ Sử dụng toàn bộ tính năng và nội dung tại https://cambridge.vn .
Soạn CAM8 gửi 888 ngay kẻo lỡ. Cước chỉ [MONEY]/[TIME]. CSKH [NUMBER] ([MONEY]).",0
COM_2220,28/07/2026,"(TB) Xem trọn vẹn 104 trận đấu sôi động của WORLD CUP [NUMBER] mọi lúc mọi nơi cùng truyền hình MyTV.
VNPT tự hào tiên phong đạt thỏa thuận đầu tiên cùng VTV, sở hữu quyền tiếp phát sóng FIFA World Cup [NUMBER]™. Bật MyTV hoặc tải ứng dụng ngay hôm nay để không bỏ lỡ bất kỳ khoảnh khắc lịch sử nào.
Chi tiết tại mytv.com.vn . CSKH: [NUMBER] ([MONEY]).",0
COM_2221,28/07/2026,"(TB) Moi thue bao [NUMBER] soan ngay BCTA5 gui 888 hoac truy cap https://dvs.vnpt.vn/adv/206 de duoc MIEN PHI toan bo khoa hoc tieng Anh, su dung kho hoc lieu tieng Anh cho moi lua tuoi + 300MB data/[TIME]. Cuoc [MONEY]/[TIME]. CSKH [NUMBER] ([MONEY]). Tran trong!",0
COM_2222,28/07/2026,(TB) Doc sach khong gioi han tren nen tang VBOOKs & co ngay 100MB data/[TIME]. Moi thue bao [NUMBER] soan VBO5 gui 888 de dang ky dich vu VBOOKs. Cuoc [MONEY]/[TIME]. CSKH [NUMBER] ([MONEY]). Tran trong!,0
COM_2223,28/07/2026,(TB) HAT KARAOKE KHONG GIOI HAN! Chi [MONEY]/[TIME] co ngay 500MB Data/[TIME] & mien phi thuong thuc karaoke tai https://mkara.com.vn. Thoa suc tro tai ca hat moi luc moi noi. Moi ban soan MKA5 gui 888 de dang ky dich vu mKara. CSKH [NUMBER]. Tran trong!,0
COM_2224,28/07/2026,(TB) NHANH TAY so huu 01 License su dung khong gioi han noi dung Premium tren nen tang VBOOKs! Moi thue bao [NUMBER] soan VBO5 gui 888 hoac truy cap https://dvs.vnpt.vn/adv/217 de dang ky dich vu VBooks va nhan them 100MB Data/[TIME]. Cuoc [MONEY]/[TIME]. CSKH [NUMBER] ([MONEY]). Tran trong!,0
COM_2225,28/07/2026,The VPBank [NUMBER] vua chi tieu -[MONEY] ND:VINMART+ QUANG TRUNG H vao luc [TIME] 29/05.Han muc con lai tam tinh [MONEY].,0
COM_2226,28/07/2026,"Chủ đề Ngày toàn dân tiết kiệm, chống lãng phí năm [NUMBER] là “Tiết kiệm năng lượng, thịnh vượng tương lai”. Đề nghị toàn dân hưởng ứng vì một tương lai thịnh vượng, một lối sống xanh, tích cực.",0
COM_2227,28/07/2026,Đang hop,0
COM_2228,28/07/2026,"(TB) TANG 200MB/[TIME] va 01 tai khoan Premium iCallme giup thue bao [NUMBER] biet truoc cuoc goi spam, lua dao, lam phien, an tam khi nghe may. Soan ICM5 gui 888 dang ky su dung. Cuoc [MONEY]/[TIME]. CSKH [NUMBER] ([MONEY]). Tran trong!",0
COM_2229,28/07/2026,(TB) NHAN NGAY 1GB data/[TIME] toc do cao khi ban soan TCALL7 gui 888 hoac truy cap https://dvs.vnpt.vn/adv/744 de dang ky va su dung ung dung TRUSTCALL chan cac cuoc goi lua dao dang lam phien ban. Cuoc [MONEY]/[TIME]. CSKH [NUMBER] ([MONEY]). Tran trong!,0
COM_2230,28/07/2026,"(TB) Chào tháng mới - Đón ưu đãi độc quyền! 
VinaPhone dành tặng riêng Quý khách 20% giá trị thẻ nạp duy nhất HÔM NAY [DATE] (khuyến mại được sử dụng để gọi/nhắn tin trong 15 ngày).
Thêm ưu đãi hấp dẫn khi nạp tại https://my.vnpt.com.vn/adv/napthe . CSKH: [NUMBER] ([MONEY]).
VinaPhone - Mạng 5G tốt nhất Việt Nam và Đông Nam Á!",0
COM_2231,28/07/2026,BVDHYD-CS2 kinh moi Quy KH HOA THI BACH LAN (Ho so: [NUMBER]) den tai kham vao ngay [DATE] theo hen tren toa thuoc. Tran trong.,0
COM_2232,28/07/2026,(TB) DANH RIENG cho thue bao [NUMBER] 300MB data/[TIME] khi soan BCTA5 gui 888 de dang ky goi cuoc hoc Tieng Anh cho moi lua tuoi. Cuoc [MONEY]/[TIME]. CSKH [NUMBER] ([MONEY]). Tran trong!,0
COM_2233,28/07/2026,(TB) Choi tha ga toan bo GAME HOT nhat tai kho game https://gmgame.vn khi dang ky dich vu SGAME. Soan SGAME5 gui 888 de dang ky. Cuoc [MONEY]/[TIME]. CSKH [NUMBER] ([MONEY]).,0
COM_2234,28/07/2026,(TB) UU DAI +200MB data/[TIME] khi thue bao [NUMBER] soan GOSU5 gui 888 hoac truy cap https://dvs.vnpt.vn/adv/505 de dang ky dich vu GosuPlay va choi game thoa thich tren https://id.gosu.vn . Cuoc [MONEY]/[TIME]. CSKH [NUMBER] ([MONEY]). Tran trong!,0
COM_2235,28/07/2026,"(TB) Ưu đãi dành riêng cho thuê bao VinaPhone! Mở tài khoản VNPT Money liền tay – Nhận ngay quà khủng [MONEY] là 03 Voucher dùng để thanh toán hóa đơn VNPT, nạp điện thoại…Nhanh tay đăng ký tại: https://km.vnptmoney.vn/VNPTMoney (áp dụng cho khách hàng mở mới từ [DATE] đến [DATE]). CSKH [NUMBER] (nhánh 3, miễn phí).",0
COM_2236,28/07/2026,"(TB) Vui hè rực rỡ - Ưu đãi hết cỡ! 
VinaPhone tặng Quý khách ưu đãi 20% giá trị thẻ nạp vào NGÀY MAI [DATE] (khuyến mại được sử dụng để gọi/nhắn tin trong 15 ngày). Thêm ưu đãi hấp dẫn khi nạp tại https://my.vnpt.com.vn/adv/napthe .
CSKH: [NUMBER] ([MONEY]).
VinaPhone - Mạng 5G tốt nhất Việt Nam và Đông Nam Á!",0
COM_2237,28/07/2026,(TB) KHAM PHA the gioi game dinh cao tai Igame5 & NHAN NGAY 50MB data/[TIME]. Moi thue bao [NUMBER] soan IGA1 gui 888 de dang ky va trai nghiem dich vu. Cuoc [MONEY]/[TIME]. CSKH [NUMBER] ([MONEY]). Tran trong!,0
COM_2238,28/07/2026,"(CSKH) Mua sắm nhiều hơn – Tiết kiệm nhiều hơn!
Chương trình VinaPhone Plus gửi tặng Quý Hội viên gói Shopee VIP 3 tháng với hàng loạt ưu đãi hấp dẫn trên Shopee. Nhận quà ngay tại https://my.vnpt.com.vn/adv/spvip trước ngày [DATE] để không bỏ lỡ quyền lợi. CSKH: [NUMBER] ([MONEY]). Trân trọng!",0
COM_2239,28/07/2026,"(TB) Nạp thẻ dễ dàng - Ưu đãi ngập tràn với MyVNPT! 
Duy nhất hôm nay [DATE], VinaPhone tặng Quý khách đặc quyền nhận 50% giá trị khi nạp tiền điện thoại bằng hình thức trực tiếp trên My VNPT https://my.vnpt.com.vn/adv/napdt . Khuyến mại dùng gọi và nhắn tin trong 15 ngày. 
CSKH: [NUMBER] ([MONEY]).
VinaPhone - Mạng 5G tốt nhất Việt Nam và Đông Nam Á!",0
COM_2240,28/07/2026,"(TB) Đừng nạp thẻ hôm nay – Ưu đãi 20% ngày mai đang đến!
VinaPhone tặng riêng Quý khách nhận được tin nhắn 20% giá trị nạp thẻ trong NGÀY MAI [DATE]. Khuyến mại được sử dụng để gọi/nhắn tin trong 15 ngày.
Thêm ưu đãi hấp dẫn khi nạp tại https://my.vnpt.com.vn/adv/napthe . 
CSKH: [NUMBER] ([MONEY]). 
VinaPhone - Mạng 5G tốt nhất Việt Nam và Đông Nam Á!",0
COM_2241,28/07/2026,"(TB) Nạp thẻ hôm nay - Ưu đãi liền tay!
VinaPhone dành riêng cho Quý khách: tặng 20% giá trị thẻ nạp duy nhất ngày HÔM NAY [DATE]. (khuyến mại được sử dụng để gọi/nhắn tin trong 15 ngày).
Thêm ưu đãi hấp dẫn khi nạp tại https://my.vnpt.com.vn/adv/napthe . 
CSKH: [NUMBER] ([MONEY]). 
VinaPhone - Mạng 5G tốt nhất Việt Nam và Đông Nam Á!",0
COM_2242,28/07/2026,(CSKH) Nắng hè gọi xe – Có Green SM đưa đón! VinaPhone Plus mời Quý Hội viên đổi điểm nhận ngay ưu đãi giảm đến [MONEY]/chuyến xe Green SM tại https://my.vnpt.com.vn/adv/xanhSM . Chương trình áp dụng từ nay đến [DATE]. CSKH: [NUMBER] ([MONEY]). Trân trọng!,0
COM_2243,28/07/2026,(TB) +100MB Data/[TIME] va 01 tai khoan su dung cac tinh nang quan ly tai chinh tren 2Target khi thue bao [NUMBER] soan PFM5 gui 888. Cuoc [MONEY]/[TIME]. CSKH [NUMBER] ([MONEY]).,0
COM_2244,28/07/2026,[SmartCA] [NUMBER] la ma xac thuc (OTP) cua so dinh danh [NUMBER]. Nhap ma tren ung dung VNPT SmartCA de tiep tuc,0
COM_2245,28/07/2026,"(TB) Ngày Vàng Vina - Ưu đãi thả ga! 
Quý khách nhận ngay ưu đãi 20% giá trị khi nạp thẻ vào NGÀY MAI [DATE] (khuyến mại được sử dụng gọi/nhắn tin trong 15 ngày). Thêm ưu đãi hời khi nạp tại https://my.vnpt.com.vn/adv/napthe . 
CSKH: [NUMBER] ([MONEY]).
VinaPhone - Mạng 5G tốt nhất Việt Nam và Đông Nam Á!",0
COM_2246,28/07/2026,The VPBank [NUMBER] vua chi tieu -[MONEY] ND:CTY CP PIZZA NGON vao luc [TIME] 12/06.Han muc con lai tam tinh [MONEY].,0
COM_2247,28/07/2026,"(TB) NHAN NGAY 500MB data/[TIME] va ho tro hoc sinh hoc tap, hoi dap voi tri tue nhan tao AI cho thue bao [NUMBER] khi soan FQA5 gui 888 de dang ky dich vu. Cuoc [MONEY]/[TIME]. CSKH [NUMBER] ([MONEY]). Tran trong!",0
COM_2248,28/07/2026,"(TB) Bạn mới đăng ký tài khoản VNPT Money để nạp tiền điện thoại được NHẬN NGAY 3 thẻ quà đa năng trị giá [MONEY], GIẢM THÊM 2.4% mệnh giá, không giới hạn số lần khi Nạp điện thoại VinaPhone. DUY NHẤT tại https://km.vnptmoney.vn/LB0. LH [NUMBER] (#3).",0
COM_2249,28/07/2026,"(TB) CHOI GAME THA GA danh rieng cho thue bao [NUMBER] khi dang ky AGAME5:
+ 300MB Data (het dung luong tinh cuoc theo quy dinh).
+ Thoa thich kham pha kho game hap dan tai https://agame.vn
Soan AGAME5 gửi 888, cuoc [MONEY]/[TIME]. CSKH: [NUMBER] ([MONEY].",0
COM_2250,28/07/2026,"[UNG TIEN AIRTIME] Tai khoan chinh cua Quy khach sap het. Soan Y hoac A gui [NUMBER] (Hieu luc trong vong [TIME]) de duoc ung [MONEY], GIA CUOC [MONEY] vao tai khoan Airtime (Su dung thoai va SMS). Hieu luc su dung tai khoan Airtime la [TIME], sau thoi gian nay tai khoan Airtime se bi thu hoi neu Quy khach khong su dung het. So tien da ung se duoc tru vao tai khoan chinh. Tu choi nhan tin nhan, soan TC A gui [NUMBER]. CSKH:[NUMBER] ([MONEY]).",0
COM_2251,28/07/2026,"TKC cua Quy Khach sap het. De duoc ung [TIME] thoai ([MONEY], hieu luc su dung tai khoan Airtime [TIME]), soan A gui [NUMBER] va dong y cho VNPT xu ly du lieu KH theo chinh sach tai https://my.vnpt.com.vn/tinh-nang/chinh-sach-rieng-tu. Sau [TIME], so phut thoai con lai se duoc tu dong thu hoi neu QK khong su dung het. Tu choi nhan loi moi, soan TC A gui [NUMBER]. Chi tiet LH [NUMBER] (mien phi)",0
COM_2252,28/07/2026,"De thuc hien cuoc goi ngay ca khi het tien, bam goi tong dai tel:[NUMBER] cua VinaPhone hoac [NUMBER] + [so dien thoai can goi]. Cuoc goi noi mang [MONEY]/phut, ngoai mang [MONEY]/phut se duoc tru vao tai khoan chinh. Tu choi nhan tin nhan, soan TC gui [NUMBER]. CSKH: [NUMBER] ([MONEY])",0
COM_2253,28/07/2026,"Tai khoan chinh cua Quy khach sap het. Soan 3 gui [NUMBER] de duoc ung goi 3([TIME] THOAI/Gia cuoc [MONEY]). Tu choi nhan tin, soan TC gui [NUMBER]. CSKH: [NUMBER] ([MONEY])",0
COM_2254,28/07/2026,Tai khoan chinh cua QK sap het. Vui long nap the de tiep tuc su dung cac dich vu cua VinaPhone. Chi tiet lien he CSKH [NUMBER] ([MONEY]) hoac truy cap https://my.vnpt.com.vn/app,0
COM_2255,28/07/2026,(TB) UU DAI +100MB/ngay va choi thoa thich toan bo game cuc khung tai http://gamev.vn khi thue bao [NUMBER] soan GAMEV5 gui 888 hoac truy cap https://dvs.vnpt.vn/adv/381 de dang ky. Cuoc [MONEY]/[TIME]. CSKH [NUMBER] ([MONEY]). Tran trong!,0
COM_2256,28/07/2026,"Vui long soan tin 30NAM gui [NUMBER] (mien phi) truoc [TIME] ngay 18/06 de nhan co hoi trung giai den [MONEY], Ky nghi duong 5* tri gia [MONEY]",0
COM_2257,28/07/2026,"(TB) Quy khach da hoa mang/dang ky/gia han goi cuoc/nap the VinaPhone va duoc nhan ma du thuong [NUMBER] tham gia CTKM ""30 nam phung su - Trieu qua Tri an"" mung Sinh nhat VinaPhone.",0
COM_2258,28/07/2026,(TB) TANG 500MB data/[TIME] + [POINT] tren nen tang Travellink cho thue bao [NUMBER] khi soan TVL5 gui 888 de dang ky dich vu Travellink. Cuoc [MONEY]/[TIME]. CSKH [NUMBER] ([MONEY]). Tran trong!,0
COM_2259,28/07/2026,(TB) +200MB Data/[TIME] + choi game khong gioi han tren https://id.gosu.vn khi thue bao [NUMBER] soan GOSU5 gui 888. Cuoc [MONEY]/[TIME]. CSKH [NUMBER] ([MONEY]).,0
COM_2260,28/07/2026,"(TB) ĐẶC QUYỀN RIÊNG DÀNH CHO BẠN!
VinaPhone ưu đãi gói V70PN chỉ [MONEY]/30 ngày với:
+1500ph gọi nội mạng (tối đa 10ph/cuộc), 200ph gọi ngoại mạng.
+ 0,5GB Data/30ngày.
Soạn tin nhắn DK V70PN gửi 900 hoặc truy cập https://digishop.vnpt.vn/seller/v70pn?c=n43vMJw để đăng ký. CSKH [NUMBER] ([MONEY]).",0
COM_2261,28/07/2026,"(CSKH) 30 năm gắn kết – Triệu quà tri ân!
Nhân dịp Sinh nhật tuổi 30, VinaPhone trân trọng cảm ơn Quý khách đã luôn tin tưởng đồng hành trong suốt 16 năm qua. VinaPhone gửi tặng Quý khách [POINT] VinaPhone Plus và 16GB Data để tri ân hành trình gắn bó.
Mời Quý khách nhận ưu đãi và Thiệp cảm ơn cá nhân hoá trên My VNPT tại https://my.vnpt.com.vn/adv/VNP30YEARS từ [DATE] đến [DATE]. CSKH: [NUMBER] (miễn phí).",0
COM_2262,28/07/2026,(TB) SO HUU NGAY 100MB data/[TIME] va The gioi game Co tuong dinh cao tai https://gametp.vn. Moi thue bao [NUMBER] soan GPY gui 888 de dang ky dich vu GameTP va nhan uu dai. Cuoc [MONEY]/[TIME]. CSKH [NUMBER] ([MONEY]). Tran trong!,0
COM_2263,28/07/2026,"(TB) TANG 100MB Data/[TIME]+ 01 tai khoan Mango+ VIP va 10 XOAI mo khoa show - phim - short doc quyen tren ung dung Mango+ (https://mangoplus.vn/one-link) khi thue bao [NUMBER] soan MGP5 gui 888 de dang ky. Cuoc [MONEY]/[TIME], CSKH [NUMBER] ([MONEY]). Tran trong!",0
COM_2264,28/07/2026,"(CSKH) 30 NĂM KẾT NỐI – TRI ÂN [NAME]!
Thay lời cảm ơn sâu sắc gửi tới Quý khách đã luôn tin tưởng và đồng hành trên hành trình 30 năm qua, VinaPhone trân trọng gửi tặng hàng ngàn món quà và ưu đãi hấp dẫn! Kính mời Quý khách tham gia “Vòng quay tri ân 30 năm” trên ứng dụng My VNPT tại https://my.vnpt.com.vn/adv/luckydrawn để nhận quà từ ngày [DATE] đến hết ngày [DATE]. CSKH: [NUMBER] (miễn phí). Trân trọng!",0
COM_2265,28/07/2026,(TB) +100MB Data/[TIME] cho thue bao [NUMBER] khi dang ky thanh cong goi cuoc COMIT5 dich vu 5Ggaming. Moi ban soan COMIT5 gui 888 hoac truy cap https://dvs.vnpt.vn/adv/402 de dang ky. Cuoc [MONEY]/[TIME]. CSKH [NUMBER] ([MONEY]). Tran trong!,0
COM_2266,28/07/2026,"(TB) Sinh nhật Vina - Ai cũng có quà!
Khi thực hiện Đăng ký/Gia hạn/Nâng cấp gói cước từ [MONEY] hoặc đổi SIM 4G, Quý khách sẽ được tham gia CTKM ""30 năm phụng sự - Triệu quà tri ân"" với cơ hội trúng thưởng:
+ Giải Tuần: Chuyến du lịch 5 sao trị giá [MONEY].
+ Giải Ngày: Từ [MONEY] đến [MONEY] được cộng vào tài khoản chính. 
Quý khách chỉ cần soạn 30NAM gửi [NUMBER] để tự quay thưởng. Chương trình áp dụng từ ngày [DATE] - [DATE]. Chi tiết thể lệ tại: khuyenmai.vinaphone.com.vn . CSKH: [NUMBER] ([MONEY]),",0
COM_2267,28/07/2026,"(TB) CHI [MONEY], co ngay 100MB data/[TIME] va choi game thoai mai tai https://gametp.vn. Moi thue bao [NUMBER] soan GPY gui 888 de dang ky dich vu GameTP . Cuoc [MONEY]/[TIME]. CSKH [NUMBER] ([MONEY]). Tran trong!",0
COM_2268,28/07/2026,(TB) Trai nghiem sieu thu thach voi toan bo game tren agame.vn danh rieng cho thue bao [NUMBER] va nhan them 300MB Data/[TIME]. Moi ban soan AGAME5 gui 888 de dang ky. Cuoc [MONEY]/[TIME]. CSKH [NUMBER] ([MONEY]). Tran trong!,0
COM_2269,28/07/2026,(TB) Chi voi [MONEY]/[TIME] nhan ngay 500MB Data/[TIME] & mien phi thuong thuc karaoke tai https://mkara.com.vn. Thoa suc la ca hat ca moi luc moi noi. Moi thue bao [NUMBER] soan MKA5 gui 888 hoac truy cap https://dvs.vnpt.vn/adv/804 de dang ky. CSKH [NUMBER] ([MONEY]). Tran trong!,0
COM_2270,28/07/2026,"(TB) Hưởng ứng Tháng hành động phòng, chống ma túy (tháng 6/[NUMBER]), đề nghị công dân khi phát hiện hành vi vi phạm pháp luật về ma túy (Tàng trữ, mua bán, tổ chức, chứa chấp, sử dụng trái phép chất ma túy...) hãy báo ngay cho cơ quan Công an gần nhất hoặc liên hệ trực tiếp số Hotline của Cục trưởng Cục Cảnh sát điều tra tội phạm về ma túy - Bộ Công an: [NUMBER]. Bảo mật tuyệt đối người cung cấp tin.",0
COM_2271,28/07/2026,The VPBank [NUMBER] vua chi tieu -[MONEY] ND:VNPAY PHARMACITY86 vao luc [TIME] 22/06.Han muc con lai tam tinh [MONEY].,0
COM_2272,28/07/2026,"Còn [MONEY] nha cô
BIDV [NUMBER] THO",0
COM_2273,28/07/2026,"(TB) CỤC AN NINH MẠNG VÀ PCTP SỬ DỤNG CÔNG NGHỆ CAO – BỘ CÔNG AN khuyến cáo người dân không tham gia tổ chức đánh bạc, đánh bạc, cá độ bóng đá dưới mọi hình thức trên không gian mạng. Mọi hành vi vi phạm pháp luật về cờ bạc sẽ bị xử lý nghiêm theo quy định.",0
COM_2274,28/07/2026,Ck con nha cô,0
COM_2275,28/07/2026,(TB) TANG 100MB data/[TIME] va tai khoan choi game co tuong hap dan tai https://gametp.vn cho thue bao [NUMBER] khi soan GPY gui 888 de dang ky dich vu GameTP. Cuoc [MONEY]/[TIME]. CSKH [NUMBER] ([MONEY]). Tran trong!,0
COM_2276,28/07/2026,(TB) So huu 01 License su dung khong gioi han noi dung Premium tren nen tang VBOOKs va 100MB data/[TIME] khi thue bao [NUMBER] soan VBO5 gui 888 de dang ky. Cuoc [MONEY]/[TIME]. CSKH [NUMBER] ([MONEY]). Tran trong!,0
COM_2277,28/07/2026,"(CSKH) Sinh nhật Vina – Nhận quà liền tay!
Thay lời cảm ơn Quý khách [NUMBER] đã đồng hành trong 16 năm qua, VinaPhone gửi tặng 16.[POINT] cùng 16GB Data cùng hàng ngàn ưu đãi hấp dẫn. Kính mời Quý khách nhanh tay nhận đặc quyền và trải nghiệm Thiệp cảm ơn cá nhân hoá trên My VNPT tại https://my.vnpt.com.vn/adv/VNP30YEARS trước 23h59' ngày [DATE]. CSKH: [NUMBER] (miễn phí).",0
COM_2278,28/07/2026,"(TB) QUET SACH CUOC GOI RAC! Chi [MONEY]/[TIME], co ngay iCallme Premium de tu dong canh bao spam, chan cuoc goi lam phien. TANG THEM 200MB Data/[TIME] khi thue bao [NUMBER] soan ICM5 gui 888 hoac truy cap https://dvs.vnpt.vn/adv/743 de dang ky. Cuoc [MONEY]/[TIME]. CSKH [NUMBER] ([MONEY]). Tran trong!",0
COM_2279,28/07/2026,"[UNG TIEN]Tai khoan chinh cua Quy khach sap het. Soan Y gui [NUMBER] (hieu luc trong vong [TIME] - gia cuoc dich vu [MONEY]) de duoc ung [MONEY] vao tai khoan chinh. De duoc ung tien tu dong moi khi tai khoan chinh duoi [MONEY], soan UTD gui [NUMBER]. Tu choi nhan tin nhan, soan TC gui [NUMBER]. CSKH: [NUMBER] ([MONEY])",0
COM_2280,28/07/2026,(TB) Co ngay +6GB Data/[TIME] + mien phi Data xem Youtube + 01 tai khoan Premium xem tat ca noi dung tren ung dung HiPlay. Soan HI12 gui 888 de dang ky. Cuoc [MONEY]/[TIME]. CSKH [NUMBER] ([MONEY]).,0
COM_2281,28/07/2026,"(TB) SO HUU NGAY 300MB data/[TIME] + quyen loi xem toan bo cac giai dau eSports, gameshow, giai tri,... tren ON Live TV. Thue bao [NUMBER] soan OLTV5 gui 888 de nhan uu dai. Cuoc [MONEY]/[TIME]. CSKH [NUMBER] ([MONEY]). Tran trong!",0
COM_2282,28/07/2026,"(TB) CHỈ [MONEY] CÓ NGAY 7GB DATA TỐC ĐỘ CAO
Soạn DK D10SP gửi 888 ([MONEY]/[TIME]) Bao trọn Data tốc độ cao
TRỰC TIẾP VÀ TRỌN VẸN WORLD CUP [NUMBER] trên Truyền hình MyTV cùng thế giới kênh và giải trí phong phú.
Tải app MyTV xem ngay: https://mytv.com.vn/tai-ve?c=byueNwLb
CSKH: [NUMBER] ([MONEY])",0
COM_2283,28/07/2026,(TB) +300MB Data/[TIME] va su dung toan bo noi dung tai https//mathx.vn. Moi thue bao [NUMBER] soan MTX5 gui 888 de hoc tap va chinh phuc cac muc tieu Toan hoc tai mathx.vn. Cuoc [MONEY]/[TIME]. CSKH [NUMBER] ([MONEY]).,0
COM_2284,28/07/2026,"(TB) HAT KARAOKE KHONG GIOI HAN! Chi [MONEY]/[TIME], co ngay 500MB Data/[TIME] & mien phi thuong thuc karaoke tai https://mkara.com.vn. Moi ban soan MKA5 gui 888 hoac truy cap https://dvs.vnpt.vn/adv/804 de dang ky dich vu mKara. CSKH [NUMBER] ([MONEY]). Tran trong!",0
COM_2285,28/07/2026,"ICPV-Book: Ma OTP 368924 de xac thuc. Vi ly do bao mat, ma OTP se het han sau [TIME]",0
COM_2286,28/07/2026,"Hưởng ứng Tháng hành động phòng, chống ma túy năm [NUMBER]. Chung một quyết tâm xây dựng xã, phường, đặc khu không ma túy.",0
COM_2287,28/07/2026,(TB) Thoa suc tro tai ca hat moi luc moi noi voi chi [MONEY]/[TIME]. Ban co ngay 500MB Data/[TIME] & mien phi thuong thuc karaoke tai https://mkara.com.vn. Moi thue bao [NUMBER] soan MKA5 gui 888 hoac truy cap https://dvs.vnpt.vn/adv/804 de dang ky dich vu mKara. CSKH [NUMBER] ([MONEY]). Tran trong!,0
COM_2288,28/07/2026,(TB) So huu ngay 500MB data/[TIME] va hat karaoke khong gioi han tai https://mkara.com.vn cho thue bao [NUMBER] khi soan MKA5 gui 888 de dang ky dich vu mKara. Cuoc [MONEY]/[TIME]. CSKH [NUMBER] ([MONEY]). Tran trong!,0
COM_2289,28/07/2026,(TB) Tang ngay +50MB Data/[TIME] va choi tha ga toan bo game tu dich vu Shard. Moi thue bao [NUMBER] soan SHA3 gui 888. Cuoc [MONEY]/[TIME]. CSKH [NUMBER] ([MONEY]).,0
COM_2290,28/07/2026,"(TB) CHI [MONEY]/ngay, ban co ngay 200MB data/[TIME] + Goi cao cap Galaxy Play xem tren 5 thiet bi. Moi thue bao [NUMBER] soan DK GPM5 gui 888 hoac truy cap https://dvs.vnpt.vn/adv/521 de dang ki. Cuoc [MONEY]/[TIME]. CSKH [NUMBER] ([MONEY]). Tran trong!",0
COM_2291,28/07/2026,(TB) Mua he ruc ro cung cac tran eSports ruc lua + NHAN NGAY 300MB data/[TIME]. Moi thue bao [NUMBER] soan OLTV5 gui 888 hoac truy cap https://dvs.vnpt.vn/adv/303 de dang ky dich vu va nhan uu dai. Cuoc [MONEY]/[TIME]. CSKH [NUMBER] ([MONEY]). Tran trong!,0
COM_2292,28/07/2026,"(TB) Ưu đãi sẽ hết hạn vào ngày mai! 
Đừng quên ngày [DATE], VinaPhone có dành tặng Quý khách ưu đãi 20% giá trị thẻ nạp (khuyến mại được sử dụng để gọi/nhắn tin trong 15 ngày).
Đặc biệt, nạp từ [MONEY] để có cơ hội trúng lớn mỗi ngày: Chuyến du lịch 5 sao trị giá [MONEY] đồng, cộng [MONEY] - [MONEY] vào tài khoản. Chi tiết: khuyenmai.vinaphone.com.vn . CSKH: [NUMBER] ([MONEY]).",0
COM_2293,28/07/2026,"(TB) De dang ky goi cuoc TK1/cuoc phi [MONEY]/[TIME], Mien phi hoan toan data truy cap ung dung Tiktok. Soan TK1 gui [NUMBER]. Tu choi nhan tin, soan TC R gui [NUMBER]. CSKH [NUMBER] ([MONEY]). Tran trong!",0
COM_2294,28/07/2026,(TB) Dac quyen danh rieng thue bao [NUMBER]: Nhan ngay 7G Data/[TIME] + Tai khoan hoc tap danh cho ca gia dinh khi truy cap https://family.vnStudy.vn. Soan VSF10 gui 888 de dang ky. Cuoc [MONEY]/[TIME]. CSKH [NUMBER] ([MONEY]).,0
COM_2295,28/07/2026,"[UNG TIEN]Tai khoan chinh cua Quy Khach khong du de thuc hien cuoc goi/gui tin nhan. De duoc ung [MONEY] vao tai khoan chinh va tiep tuc su dung cac dich vu cua VinaPhone, Quy Khach vui long soan Y gui [NUMBER] (hieu luc trong vong [TIME]) (Gia cuoc [MONEY]). De duoc ung tien tu dong khi tai khoan chinh duoi [MONEY], soan UTD gui [NUMBER]. De tu choi nhan tin, Quy Khach vui long soan TC gui [NUMBER]",0
COM_2296,28/07/2026,(TB) CHI [MONEY]/ngay co ngay 200MB data/[TIME] + Goi cao cap Galaxy Play (10.[TIME] phim chieu rap) xem tren 5 thiet bi. Moi thue bao [NUMBER] soan DK GPM5 gui 888. Cuoc [MONEY]/[TIME]. CSKH [NUMBER] ([MONEY]). Tran trong!,0
COM_2297,28/07/2026,"(TB) Quy khach da hoa mang/dang ky/gia han goi cuoc/nap the VinaPhone va duoc nhan ma du thuong [NUMBER] tham gia CTKM ""30 nam phung su - Trieu qua Tri an"" mung Sinh nhat VinaPhone. Vui long soan tin 30NAM gui [NUMBER] (mien phi) truoc [TIME] ngay 10/07 de nhan co hoi trung giai den [MONEY], Ky nghi duong 5* tri gia [MONEY]. Tong gia tri giai thuong tren 03 TY dong. CSKH: [NUMBER] ([MONEY]).",0
COM_2298,28/07/2026,(TB) Thue bao [NUMBER] nhan ngay uu dai trai nghiem dich vu KidsUp Tieng Viet - ung dung hoc doc Tieng Viet cho tre tu 4 den 8 tuoi chi co tren Digital Market - https://dimarket.vn. Soan DK KIDTV gui [NUMBER] de dang ky. Cuoc [MONEY]/ngay. . CSKH [NUMBER]([MONEY]).,0
COM_2299,28/07/2026,"(TB) Nạp liền tay, vận may trúng lớn! 
VinaPhone dành tặng riêng Quý khách 20% giá trị thẻ nạp duy nhất hôm nay [DATE] (khuyến mại được sử dụng để gọi/nhắn tin trong 15 ngày).
Đặc biệt, nạp từ [MONEY] để có cơ hội trúng lớn mỗi ngày: Chuyến du lịch 5 sao trị giá [MONEY] đồng, cộng [MONEY] - [MONEY] vào tài khoản. Chi tiết: khuyenmai.vinaphone.com.vn . CSKH: [NUMBER] ([MONEY]).",0
COM_2300,28/07/2026,"(TB) Thông báo không thể bỏ lỡ! 
VinaPhone tặng Quý khách ưu đãi 20% giá trị thẻ nạp ngay hôm nay [DATE] (khuyến mại được sử dụng để gọi/nhắn tin trong 15 ngày). Đặc biệt, nạp từ [MONEY] để có cơ hội trúng lớn mỗi ngày: Chuyến du lịch 5 sao trị giá [MONEY], cộng [MONEY] - [MONEY] vào tài khoản. Chi tiết: khuyenmai.vinaphone.com.vn . CSKH: [NUMBER] ([MONEY]).",0
COM_2301,28/07/2026,"(TB) Mở MyVNPT - Rinh ngay ưu đãi lớn!
Quý khách nhận ưu đãi 50% giá trị khi nạp tiền điện thoại bằng hình thức trực tiếp trên ứng dụng My VNPT ngay hôm nay [DATE] tại: https://my.vnpt.com.vn/adv/napdt (khuyến mại được sử dụng để gọi/nhắn tin trong 15 ngày). 
Đặc biệt, nạp từ [MONEY] để có cơ hội trúng lớn mỗi ngày: Chuyến du lịch 5 sao trị giá [MONEY] đồng, cộng [MONEY] - [MONEY] vào tài khoản. CSKH: [NUMBER] ([MONEY]).",0
COM_2302,28/07/2026,"(TB) VinaPhone dành riêng cho Quý khách quyền lợi HỌC TẬP & KẾT NỐI KHÔNG GIỚI HẠN với gói cước SIÊU ƯU ĐÃI IOE. Soạn IOE10 gửi 900 để nhận ngay:
+ 05GB Data /ngày (hết dung lượng dừng truy cập).
+ Miễn phí gọi nội mạng <=20ph (tối đa 1440ph) và 5ph gọi ngoại mạng. 
+ 300 Ruby điểm thưởng.
+ Mở khóa toàn bộ bài học trên IOE.
Cước [MONEY]/[TIME]. CSKH: [NUMBER] ([MONEY]).",0
COM_2303,28/07/2026,(TB) NHAN NGAY 100MB data/[TIME] va 01 License Memusic Premium khi thue bao [NUMBER] soan MEM5 gui 888 dang ky dich vu MeMusic. Cuoc [MONEY]/[TIME]. CSKH [NUMBER] ([MONEY]). Tran trong!,0
COM_2304,28/07/2026,"(TB) Duy nhất hôm nay [DATE]! 
VinaPhone dành tặng riêng Quý khách 20% giá trị thẻ nạp (khuyến mại được sử dụng để gọi/nhắn tin trong 15 ngày).
Đặc biệt, nạp từ [MONEY] để có cơ hội trúng lớn mỗi ngày: Chuyến du lịch 5 sao trị giá [MONEY] đồng, cộng [MONEY] - [MONEY] vào tài khoản. Chi tiết: khuyenmai.vinaphone.com.vn . CSKH: [NUMBER] ([MONEY]).",0
COM_2305,28/07/2026,(TB) Hat karaoke khong gioi han tai https://mkara.com.vn va nhan ngay 500MB data/[TIME] cho thue bao [NUMBER] khi soan MKA5 gui 888 de dang ky dich vu mKara. Cuoc [MONEY]/[TIME]. CSKH [NUMBER] ([MONEY]). Tran trong!,0
COM_2306,28/07/2026,"(TB) TANG 100MB DATA toc do cao trong [TIME] cho thue bao [NUMBER] soan DK GTP5 gui 888 de dang ky dich vu GameTP, nhan quyen loi choi game co tuong cuc ky hap dan tại https://gametp.vn/. Cuoc [MONEY]/[TIME]. CSKH [NUMBER] ([MONEY]).",0
COM_2307,28/07/2026,"(TB) Nạp thẻ ngay, trúng lớn mỗi ngày! 
VinaPhone tặng Quý khách ưu đãi 20% giá trị thẻ nạp trong hôm nay [DATE] (khuyến mại được sử dụng để gọi/nhắn tin trong 15 ngày). Đặc biệt, nạp từ [MONEY] để có cơ hội trúng lớn mỗi ngày: Chuyến du lịch 5 sao trị giá [MONEY], cộng [MONEY] - [MONEY] vào tài khoản. Chi tiết: khuyenmai.vinaphone.com.vn . CSKH: [NUMBER] ([MONEY]).",0
COM_2308,28/07/2026,"TUYET DOI KHONG CUNG CAP MA XAC NHAN CHO BAT KY AI, TRANH BI KE GIAN LOI DUNG. Nhap ma OTP 573723 de kich hoat ung dung. Hieu luc [TIME].",0
COM_2309,28/07/2026,"(TB) Tận hưởng kết nối mượt mà cùng D6V! Chỉ [MONEY], nhận ngay 2GB tốc độ cao dùng trong [TIME], thoải mái online cả ngày. Tặng thêm ưu đãi miễn phí data xem MyTV. Đăng ký ngay tại: https://my.vnpt.com.vn/adv/D6VM. CSKH [NUMBER]. Trân trọng!",0
COM_2310,28/07/2026,"(CSKH) ĐỔI ĐIỂM HÔM NAY – NHẬN NGAY NGÀN ƯU ĐÃI!
Là Hội viên VinaPhone Plus, Quý khách có thể dùng điểm tích lũy để đổi voucher ẩm thực, mua sắm, di chuyển, du lịch và nhiều ưu đãi hấp dẫn khác. Kính mời Quý khách khám phá và đổi quà ngay trên ứng dụng My VNPT:
http://my.vnpt.com.vn/app?screenCode=VNPPLUS . CSKH: [NUMBER] ([MONEY]). Trân trọng!",0
COM_2311,28/07/2026,"(TB) Danh rieng cho TB [NUMBER]: 100MB data/[TIME] + 01 License goi VBOOKs dac sac: truy cap, su dung khong gioi han noi dung Premium tren nen tang VBOOKs khi soan VBO5 gui 888 de dang ky. Cuoc [MONEY]/[TIME]. CSKH [NUMBER] ([MONEY]).",0
COM_2312,28/07/2026,"(TB) VinaPhone thông báo: Từ [DATE], VinaPhone điều chỉnh phương thức tính cước cuộc gọi nội mạng và liên mạng trong nước đối với các cuộc gọi ngoài ưu đãi của gói cước hoặc chưa đăng ký gói thoại theo cách tính 30 giây đầu + 6 giây tiếp theo. GIÁ CƯỚC CUỘC GỌI/PHÚT KHÔNG THAY ĐỔI. Chi tiết tại my.vnpt.com.vn/adv/cuocdd hoặc CSKH [NUMBER] ([MONEY]). Trân trọng cảm ơn Quý khách!",0
COM_2313,28/07/2026,"(TB) Tang 100MB DATA toc do cao trong [TIME] cho thue bao [NUMBER] soan GAMEV5 gui 888 de dang ky dich vu GameV, nhan quyen loi choi mien phi 100% cac game tai https://gamev.vn/. Cuoc [MONEY]/[TIME]. CSKH [NUMBER] ([MONEY]).",0
COM_2314,29/07/2026,"Hưởng ứng ""Chiến dịch 500 ngày đêm đẩy mạnh thực hiện tìm kiếm, quy tập và xác định danh tính hài cốt liệt sĩ"", Ban Chỉ đạo quốc gia về tìm kiếm, quy tập và xác định danh tính hài cốt liệt sĩ kêu gọi các tổ chức, cá nhân có thông tin về liệt sĩ, mộ liệt sĩ vui lòng cung cấp về Tổng đài tiếp nhận thông tin Chiến dịch 500 ngày đêm. Số điện thoại: [NUMBER] hoặc (+84)[NUMBER]. Địa chỉ: Số 165 Xã Đàn, Đống Đa, Hà Nội.",0
COM_2315,29/07/2026,"(QC) Ban la thue bao may man nhan duoc 3GB Data DUNG THU cac kenh truyen hinh xem truc tiep BONG DA ANH tu https://play.google.com/store/apps/details?id=avg.mobion.vn [NUMBER] cua Mobifone. Mien phi 3G toc do cao. De nhan uu dai cho nguoi dung moi soan Y1 gui [NUMBER]([MONEY]). Tu choi (QC), soan TC gui [NUMBER]",0
COM_2316,29/07/2026,"(TB) VinaPhone tặng Quý khách quyền lợi TẶNG NGAY DATA, CHƠI GAME CỰC ĐÃ khi đăng ký gói BCL5: 
+ Có ngay 200MB Data tốc độ cao sử dụng trong [TIME] (hết dung lượng tính cước theo quy định). 
+ Miễn phí 100% các tựa game hàng đầu tại kho game của dịch vụ Clubgame tại https://vplay.vn. Soạn BCL5 gửi 888 ngay kẻo lỡ. Cước: [MONEY]/[TIME]. CSKH: [NUMBER] ([MONEY]).",0
COM_2317,29/07/2026,"(TB) VinaPhone tặng Quý khách quyền lợi ưu đãi Data sử dụng dịch vụ QUẢN LÝ CUỘC GỌI THÔNG MINH khi đăng ký gói CD3, có ngay:
+ 300MB Data sử dụng trong [TIME] (hết dung lượng tính cước theo quy định).
+ Thông tin chi tiết về cuộc gọi gồm: số dư tài khoản chính trước khi gọi, số phút gọi, chi phí cuộc gọi ngay sau khi cuộc gọi kết thúc. 
Soạn DK D3 gửi [NUMBER] ngay kẻo lỡ. Cước chỉ [MONEY]/ngày. CSKH: [NUMBER] ([MONEY]).",0
COM_2318,30/07/2026,"Agribank: [DATE] HD 6612LAV202401888 Thu Goc 200,000,000.00 Lai 102,613,700.00 Tu [DATE] Den [DATE] Lai QH 0.00 DN 1,200,000,000.00",0
COM_2319,30/07/2026,"Thoi tiet Tay Ninh 27/06: Nang mua dan xen, kha nang mua 55%, nhiet do 26-33oC, do am 68%.",0
COM_2320,30/07/2026,"(TB) VinaPhone tặng Quý khách quyền lợi CHƠI GAME THẢ GA, KHÔNG LO TỐN DATA khi đăng ký gói GOSU5, có ngay:
+ 100MB Data trong [TIME] (hết dung lượng tính cước theo quy định).
+ Chơi game thỏa thích trên https://id.gosu.vn/.
Soạn GOSU5 gửi 888 ngay kẻo lỡ. Cước chỉ [MONEY]/[TIME]. CSKH [NUMBER] ([MONEY]).
",0
COM_2321,30/07/2026,"Hưởng ứng Tháng hành động phòng, chống ma túy năm [NUMBER]. Chung một quyết tâm xây dựng xã, phường, đặc khu không ma túy.",0
COM_2322,30/07/2026,"(TB) Sinh nhật Vina - Ai cũng có quà! 
Khi thực hiện Đăng ký/Gia hạn/Nâng cấp gói cước từ [MONEY] hoặc đổi SIM 4G, Quý khách sẽ được tham gia CTKM ""30 năm phụng sự - Triệu quà tri ân"" với cơ hội trúng thưởng:
+ Giải Tuần: Chuyến du lịch 5 sao trị giá [MONEY].
+ Giải Ngày: Từ [MONEY] đến [MONEY] được trừ vào hoá đơn cước viễn thông. 
Quý khách chỉ cần soạn 30NAM gửi [NUMBER] để tự quay thưởng. Chương trình áp dụng từ ngày [DATE] - [DATE]. Chi tiết thể lệ tại: khuyenmai.vinaphone.com.vn . CSKH: [NUMBER] ([MONEY]).",0
COM_2323,30/07/2026,"(TB) LƯỚT MẠNG AN TOÀN & DATA TỐC ĐỘ CAO CÙNG SCAM99! VinaPhone dành riêng cho Quý khách gói cước tối ưu không gian số. Soạn DK SCAM99 gửi 888 và có ngay: Soạn DK SCAM99 gửi 888, có ngay:
+ 1.5GB Data/ngày (hết dung lượng dừng truy cập).
+ Giải pháp bảo vệ cho 1 thiết bị (Lọc tin nhắn SMS lừa đảo với AI, bảo vệ mua sắm trực tuyến, ngăn chặn link lừa đảo, bảo vệ truy cập Wifi, chặn quảng cáo...).
Cước [MONEY]/30 ngày. CSKH [NUMBER] ([MONEY]).",0
COM_2324,30/07/2026,"(TB) VinaPhone tặng Quý khách quyền lợi TẶNG DATA, LƯỚT MẠNG THẢ GA khi đăng ký gói VAON6, có ngay:
+ 50MB Data trong [TIME] (hết dung lượng dừng truy cập).
+ Trải nghiệm xem không giới hạn livestream,VOD giải đấu và các nội dung eSport đặc sắc tại https://vinaon.vn/.
Soạn VAON6 gửi 888 ngay kẻo lỡ. Cước chỉ [MONEY]/[TIME]. CSKH [NUMBER] ([MONEY]). 
",0
COM_2326,30/07/2026,"(TB) CỤC AN NINH MẠNG VÀ PCTP SỬ DỤNG CÔNG NGHỆ CAO – BỘ CÔNG AN khuyến cáo người dân không tham gia tổ chức đánh bạc, đánh bạc, cá độ bóng đá dưới mọi hình thức trên không gian mạng. Mọi hành vi vi phạm pháp luật về cờ bạc sẽ bị xử lý nghiêm theo quy định.",0
COM_2327,30/07/2026,"Thoi tiet Tay Ninh 30/06: Co luc co mua, kha nang mua 55%, nhiet do 25-30oC, do am 79%.",0
COM_2328,30/07/2026,"Thoi tiet Tay Ninh 03/07: Ngay co luc co mua, kha nang mua 55%, dem khong mua, nhiet do 25-29oC, do am 80%.",0
COM_2329,30/07/2026,"Hồ sơ G12.18-[NUMBER]-[NUMBER] đã được tiếp nhận lúc [TIME] [DATE].
Chi tiết vui lòng truy cập Cổng dịch vụ công quốc gia. Trân trọng!",0
COM_2330,30/07/2026,"Thoi tiet Tay Ninh 05/07: Khong mua, troi nhieu may, am u, nhiet do 24-30oC, do am 76%.",0
COM_2332,30/07/2026,"(TB) Mở MyVNPT - Rinh ngay ưu đãi lớn!
Đừng quên Quý khách có ưu đãi 50% giá trị khi nạp tiền điện thoại bằng hình thức trực tiếp trên ứng dụng My VNPT vào hôm nay [DATE] tại: https://my.vnpt.com.vn/adv/napdt (khuyến mại được sử dụng để gọi/nhắn tin trong 15 ngày).
Đặc biệt, nạp từ [MONEY] để có cơ hội trúng lớn mỗi ngày: Chuyến du lịch 5 sao trị giá [MONEY] đồng, cộng [MONEY] - [MONEY] vào tài khoản. CSKH: [NUMBER] ([MONEY]).",0
COM_2333,30/07/2026,"(TB) Ưu đãi sẽ hết hạn vào ngày mai! 
Đừng quên ngày [DATE], VinaPhone có dành tặng Quý khách ưu đãi 20% giá trị thẻ nạp (khuyến mại được sử dụng để gọi/nhắn tin trong 15 ngày).
Đặc biệt, nạp từ [MONEY] để có cơ hội trúng lớn mỗi ngày: Chuyến du lịch 5 sao trị giá [MONEY] đồng, cộng [MONEY] - [MONEY] vào tài khoản. Chi tiết: khuyenmai.vinaphone.com.vn . CSKH: [NUMBER] ([MONEY]).",0
COM_2334,30/07/2026,"(TB) Nạp liền tay, vận may trúng lớn! 
VinaPhone dành tặng riêng Quý khách 20% giá trị thẻ nạp duy nhất hôm nay [DATE] (khuyến mại được sử dụng để gọi/nhắn tin trong 15 ngày).
Đặc biệt, nạp từ [MONEY] để có cơ hội trúng lớn mỗi ngày: Chuyến du lịch 5 sao trị giá [MONEY] đồng, cộng [MONEY] - [MONEY] vào tài khoản. Chi tiết: khuyenmai.vinaphone.com.vn . CSKH: [NUMBER] ([MONEY]).
",0
COM_2335,30/07/2026,"Hồ sơ G12.[NUMBER]-[NUMBER]-[NUMBER] đã xử lý xong lúc [TIME] [DATE].
Chi tiết vui lòng truy cập Cổng dịch vụ công quốc gia. Trân trọng!",0
COM_2337,30/07/2026,"(TB) Ưu đãi không thể bỏ lỡ! 
VinaPhone tặng Quý khách ưu đãi 20% giá trị thẻ nạp vào ngày mai [DATE] (khuyến mại được sử dụng để gọi/nhắn tin trong 15 ngày). Đặc biệt, nạp từ [MONEY] để có cơ hội trúng lớn mỗi ngày: Chuyến du lịch 5 sao trị giá trị giá [MONEY], cộng [MONEY] - [MONEY] vào tài khoản. Chi tiết: khuyenmai.vinaphone.com.vn . CSKH: [NUMBER] ([MONEY]).
",0
COM_2338,30/07/2026,(TB) Soạn VPRI8 gửi 888 để cùng hòa mình với nhịp cầu rộn ràng giữa Pháp và Ma Rốc lúc 03h00 ngày 10/07! Tặng ngay 400MB Data/ngày + 1 tài khoản VIP theo dõi trực tiếp trên web/ứng dụng VTVPrime. Cước [MONEY]/[TIME]. CSKH [NUMBER] ([MONEY]).,0
COM_2339,30/07/2026,"Thoi tiet Tay Ninh 11/07: Nang gian doan, chieu de phong mua dong, kha nang mua 55%, nhiet do 26-33oC, do am 63%.",0
COM_2340,30/07/2026,VinaPhone thong bao: Tel [NUMBER] goi cho Ban nhung khong thuc hien duoc. Ban vui long goi lai neu can. Xin cam on!,0
COM_2341,30/07/2026,"Cung cap ma xac nhan [NUMBER] cho Home Credit neu QK dong y cho Home Credit, VNPT, DataNest duoc xu ly du lieu ca nhan khach hang va cung cap thong tin Diem xep hang KH, Diem tin nhiem KH dua tren lich su tieu dung cua thue bao tren mang VinaPhone de mo ho so vay Home Credit, theo chinh sach bao ve du lieu KH va cac quy dinh lien quan tai https://tb.vnptmoney.vn/cs cua VNPT va https://hcvn.app/HCPDP cua Home Credit.",0
COM_2343,30/07/2026,"(TB) VinaPhone tặng Quý khách quyền lợi trải nghiệm dịch vụ QUẢN LÝ CUỘC GỌI THÔNG MINH, CHẶN CUỘC GỌI RÁC khi đăng ký gói SD3, có ngay:
+ 300MB Data sử dụng trong [TIME] (hết dung lượng tính cước theo quy định).
+ Sử dụng toàn bộ tính năng quản lý cuộc gọi thông minh, chặn cuộc gọi rác. 
Soạn DK SD3 gửi [NUMBER] ngay kẻo lỡ. Cước chỉ [MONEY]/ngày. CSKH [NUMBER] ([MONEY]).",0
COM_2344,30/07/2026,"Ma xac thuc (OTP) la 489814 co hieu luc trong [TIME]. Viec cung cap OTP duoc hieu Quy khach da xac nhan thong tin dang ky la chinh xac va dong y cho phep VIB, VNPT, Data Nest duoc xu ly du lieu ca nhan KH va cung cap Diem xep hang KH dua tren lich su cua thue bao VinaPhone de tham dinh ho so mo the tin dung tai VIB. Vui long truy cap https://tb.vnptmoney.vn/cs de biet them chinh sach dich vu ve viec bao ve du lieu ca nhan khach hang. Neu QK can ho tro, xin lien he hotline VIB [NUMBER]. Tran trong cam on!",0
COM_2345,30/07/2026,[EVN.TAYNINH] Ma xac thuc de ky ho so dien tu cua Quy khach hang la [NUMBER]. Quy khach hang hay nhap ma so nay vao o xac thuc tren website. Xin cam on.,0
COM_2346,30/07/2026,"(TB) VinaPhone dành riêng cho Quý khách quyền lợi sử dụng dịch vụ WHOCALL với ưu đãi:
+ Có ngay 300MB Data tốc độ cao trong [TIME] (hết 300MB dừng truy cập).
+ Chặn cuộc gọi spam, nhận diện số lạ, không lo nhận cuộc gọi giả mạo.
Soạn DK WCALL4 gửi 888 để đăng ký gói WCALL4. Cước chỉ [MONEY]/ngày. CSKH: [NUMBER] ([MONEY]).
",0
COM_2347,30/07/2026,"Viettel TB: Quy khach [NAME] ma hop dong [NUMBER] con [MONEY] cuoc dich vu internet chua duoc thanh toan. Vui long thanh toan truoc ngay [DATE]. De nhan ma QR thanh toan Online tren ung dung ngan hang, truy cap https://viettel.vn/qrpay/33899C5165D40C0D42C82DCCE3DFA383 . LH [NUMBER] ([MONEY]). Tran trong.",0
COM_2348,30/07/2026,[Reoqoovn] [NUMBER] is your Reoqoo verification code. http://reoqoovn.com.vn/,0
COM_2349,30/07/2026,"(CSKH) ĐỔI ĐIỂM HÔM NAY – NHẬN NGAY NGÀN ƯU ĐÃI!
Là Hội viên VinaPhone Plus, Quý khách có thể dùng điểm tích lũy để đổi voucher ẩm thực, mua sắm, di chuyển, du lịch và nhiều ưu đãi hấp dẫn khác. Kính mời Quý khách khám phá và đổi quà ngay trên ứng dụng My VNPT:
http://my.vnpt.com.vn/app?screenCode=VNPPLUS . CSKH: [NUMBER] ([MONEY]). Trân trọng!",0
COM_2350,30/07/2026,QK duoc thanh toan [MONEY] cuoc DV Ftth account l072_gftth_tranlhn0 tu [NUMBER]. Hoa don: https://vietteltelecom.vn/hoadon. LH [NUMBER] ([MONEY]),0
COM_2351,30/07/2026,"(TB) VinaPhone dành riêng cho Quý khách quyền lợi NHẬN DIỆN CUỘC GỌI LỪA ĐẢO - YÊN TÂM NGHE MÁY khi đăng ký gói cước ICM5, có ngay: 
+ 200MB Data sử dụng trong [TIME] (hết dung lượng dừng truy cập).
+ Tài khoản Premium iCallme cảnh báo spam, chặn cuộc gọi làm phiền, bảo vệ quyền riêng tư.
Soạn tin ICM5 gửi 888, cước chỉ [MONEY]/[TIME]. CSKH: [NUMBER] ([MONEY]). 
",0
COM_2352,30/07/2026,Thoi han goi di cua quy khach sap het. Xin vui long nap the de tiep tuc su dung cac dich vu cua VinaPhone.,0
COM_2353,30/07/2026,(TB) So huu ngay 500MB data/[TIME] va hat karaoke khong gioi han tai https://mkara.com.vn cho thue bao [NUMBER] khi soan MKA5 gui 888 de dang ky dich vu mKara. Cuoc [MONEY]/[TIME]. CSKH [NUMBER] ([MONEY]). Tran trong!,0
COM_2354,30/07/2026,"(TB) TANG 300MB DATA/7 ngay khi dang ky dich vu Cartoon Game va choi game, xem video tai https://cartoongame.vn! Danh cho thue bao [NUMBER], soan DK CTG25 gui 888. Cuoc [MONEY]/7 ngay. CSKH [NUMBER] ([MONEY]).",0
COM_2355,3/8/2026,"(TB) VinaPhone tặng Quý khách quyền lợi ưu đãi Data sử dụng dịch vụ QUẢN LÝ CUỘC GỌI THÔNG MINH khi đăng ký gói CD3, có ngay: 
+ 300MB Data sử dụng trong [TIME] (hết dung lượng tính cước theo quy định). 
+ Thông tin chi tiết về cuộc gọi gồm: số dư tài khoản chính trước khi gọi, số phút gọi, chi phí cuộc gọi ngay sau khi cuộc gọi kết thúc. 
Soạn DK D3 gửi [NUMBER] ngay kẻo lỡ. Cước chỉ [MONEY]/ngày. CSKH: [NUMBER] ([MONEY]).",0
COM_2356,3/8/2026,"(TB) VinaPhone tặng Quý khách quyền lợi TẶNG NGAY 
DATA, CHƠI GAME CỰC ĐÃ khi đăng ký gói BCL5: 
+ Có ngay 200MB Data tốc độ cao sử dụng trong [TIME] (hết dung lượng tính cước theo quy định). 
+ Miễn phí 100% các tựa game hàng đầu tại kho game của dịch vụ Clubgame tại https://vplay.vn . 
Soạn BCL5 gửi 888 ngay kẻo lỡ. Cước: [MONEY]/[TIME]. CSKH: [NUMBER] ([MONEY]). 
",0
COM_2357,3/8/2026,Dung luong Data mien phi con lai: 933 MB su dung den [TIME] ngay [DATE]. QK tra cuu chi tiet dung luong con lai va cac UU DAI tren My VNPT tai https://my.vnpt.com.vn/adv/dungluong. CSKH [NUMBER] ([MONEY]).,0
COM_2358,3/8/2026,"(TB) MIEN PHI xem eSports, Gameshow tren ON Live TV & tang ngay 300MB data/[TIME]. Moi thue bao [NUMBER] soan OLTV5 gui 888 de nhan uu dai. Cuoc [MONEY]/[TIME]. CSKH [NUMBER] ([MONEY]). Tran trong!",0
COM_2359,3/8/2026,"(TB) TANG NGAY 500 MB Data/[TIME] +01 tai khoan FQA VIP de su dung toan bo tinh nang luyen tap Hoi va Dap, trau doi kien thuc danh cho hoc sinh tren nen tang AI cho thue bao [NUMBER]. Moi ban soan FQA5 gui 888 de dang ky. Cuoc [MONEY]/[TIME]. CSKH [NUMBER] ([MONEY]). Tran trong!",0
COM_2360,3/8/2026,QK dang truy cap Internet voi muc cuoc khong co goi (M0) theo quy dinh cua VinaPhone (my.vnpt.com.vn/adv/cuocM0). Soan D6 gui 888 de co goi D6 (1.1GB Data/[TIME] voi [MONEY]). Tham khao uu dai khac tai https://digishop.vnpt.vn/. CSKH: [NUMBER] ([MONEY]).,0
COM_2361,3/8/2026,"(TB) NHAN NGAY 500MB data/[TIME] va ho tro hoc sinh hoc tap, hoi dap voi tri tue nhan tao AI cho thue bao [NUMBER] khi soan FQA5 gui 888 de dang ky dich vu FQA. Cuoc [MONEY]/[TIME]. CSKH [NUMBER] ([MONEY]). Tran trong!",0
COM_2362,3/8/2026,(TB) TANG 100MB data/[TIME] + choi thoa thich game Co tuong online tai https://gametp.vn khi thue bao [NUMBER] soan GPY gui 888 hoac truy cap https://dvs.vnpt.vn/adv/763 de dang ky. Cuoc [MONEY]/[TIME]. CSKH [NUMBER] ([MONEY]). Tran trong!,0
COM_2363,3/8/2026,(TB) TANG NGAY 300MB data/[TIME] + xem toan bo cac giai dau eSports. Moi thue bao [NUMBER] soan OLTV5 gui 888 hoac truy cap https://dvs.vnpt.vn/adv/303 de dang ky dich vu va nhan uu dai. Cuoc [MONEY]/[TIME]. CSKH [NUMBER] ([MONEY]). Tran trong!,0
COM_2364,3/8/2026,(TB) TANG 500MB data/[TIME] + [POINT] tren nen tang Travellink cho thue bao [NUMBER] khi soan TVL5 gui 888 de dang ky dich vu Travellink. Cuoc [MONEY]/[TIME]. CSKH [NUMBER] ([MONEY]). Tran trong!,0
COM_2365,3/8/2026,(TB) DANH RIENG cho thue bao [NUMBER] 300MB data/[TIME] khi soan BCTA5 gui 888 de dang ky goi cuoc hoc Tieng Anh cho moi lua tuoi. Cuoc [MONEY]/[TIME]. CSKH [NUMBER] ([MONEY]). Tran trong!,0
COM_2366,3/8/2026,"(TB) TANG NGAY 500 MB Data/[TIME] +01 tai khoan FQA VIP de su dung toan bo tinh nang luyen tap Hoi va Dap, trau doi kien thuc danh cho hoc sinh tren nen tang AI cho thue bao [NUMBER]. Moi ban soan FQA5 gui 888 de dang ky. Cuoc [MONEY]/[TIME]. CSKH [NUMBER] ([MONEY]). Tran trong!",0
COM_2367,3/8/2026,Dung luong Data mien phi con lai: 457 MB su dung den [TIME] ngay [DATE]. QK tra cuu chi tiet dung luong con lai va cac UU DAI tren My VNPT tai https://my.vnpt.com.vn/adv/dungluong. CSKH [NUMBER] ([MONEY]).,0
COM_2368,3/8/2026,(TB) SO HUU NGAY 100MB data/[TIME] va The gioi game Co tuong dinh cao tai https://gametp.vn/. Moi thue bao [NUMBER] soan GPY gui 888 de dang ky dich vu GameTP va nhan uu dai. Cuoc [MONEY]/[TIME]. CSKH [NUMBER] ([MONEY]). Tran trong!,0
COM_2369,3/8/2026,Ban dang yeu cau cap nhat/thay doi So Dien Thoai cho tai khoan Garena. Ma OTP: 511552. Vui long khong cung cap ma OTP cho bat ky ai de bao ve tai khoan.,0
COM_2370,3/8/2026,Ban dang yeu cau thay doi Email cho tai khoan Garena. Ma OTP: 486326. Vui long khong cung cap ma OTP cho bat ky ai de bao ve tai khoan.,0
COM_2371,3/8/2026,"(TB) De dang ky goi cuoc DGT10/cuoc phi [MONEY]/[TIME], 1GB data huong khac + Mien phi hoan toan data truy cap ung dung Youtube, VieON, Nhaccuatui, Tiktok. Soan DGT10 gui [NUMBER]. Tu choi nhan tin, soan TC R gui [NUMBER]. CSKH [NUMBER] ([MONEY]). Tran trong!",0
COM_2372,3/8/2026,"Tai khoan chinh cua Quy khach sap het. Soan 3 gui [NUMBER] de duoc ung goi 3([TIME] THOAI/Gia cuoc [MONEY]). Tu choi nhan tin, soan TC gui [NUMBER]. CSKH: [NUMBER] ([MONEY])",0
COM_2373,3/8/2026,"TKC cua Quy Khach sap het. De duoc ung [TIME] thoai ([MONEY], hieu luc su dung tai khoan Airtime [TIME]), soan A gui [NUMBER] va dong y cho VNPT xu ly du lieu KH theo chinh sach tai https://my.vnpt.com.vn/tinh-nang/chinh-sach-rieng-tu. Sau [TIME], so phut thoai con lai se duoc tu dong thu hoi neu QK khong su dung het. Tu choi nhan loi moi, soan TC A gui [NUMBER]. Chi tiet LH [NUMBER] (mien phi)",0
COM_2374,3/8/2026,"Tai khoan chinh cua Quy khach khong du de thuc hien cuoc goi. Soan 3 gui [NUMBER] (hieu luc trong vong [TIME]) de duoc ung [TIME] THOAI (Gia cuoc [MONEY]). Tu choi nhan tin, soan TC gui [NUMBER]. CSKH: [NUMBER] ([MONEY])",0
COM_2375,3/8/2026,"TKC cua Quy Khach sap het. De duoc ung [TIME] thoai ([MONEY], hieu luc su dung tai khoan Airtime [TIME]), soan A gui [NUMBER]. Sau [TIME], so phut thoai con lai se duoc tu dong thu hoi neu QK khong su dung het. Tu choi nhan loi moi, soan TC A gui [NUMBER]. Chi tiet LH [NUMBER] (mien phi)",0
COM_2376,3/8/2026,"Tai khoan chinh cua Quy khach sap het. Soan 3 gui [NUMBER] de duoc ung goi 3([TIME] THOAI/Gia cuoc [MONEY]). Tu choi nhan tin, soan TC gui [NUMBER]. CSKH: [NUMBER] ([MONEY])",0
COM_2377,3/8/2026,"(TB) De dang ky goi cuoc TK1/cuoc phi [MONEY]/[TIME], Mien phi hoan toan data truy cap ung dung Tiktok. Soan TK1 gui [NUMBER]. Tu choi nhan tin, soan TC R gui [NUMBER]. CSKH [NUMBER] ([MONEY]). Tran trong!",0
COM_2378,3/8/2026,Chuc mung Quy khach da nap the thanh cong! VinaPhone kinh tang Quy khach 20% gia tri the nap. Gia tri khuyen mai duoc su dung goi/nhan tin cac nha mang trong 15 ngay ke tu ngay nap the. CSKH: [NUMBER]([MONEY]). Tran trong!,0
COM_2379,3/8/2026,Tai khoan cua Quy khach da duoc nap [MONEY] tu [NUMBER] vao [DATE] [TIME]. Ma giao dich [NUMBER]. Chi tiet lien he CSKH [NUMBER] ([MONEY]). Tran trong cam on!,0
COM_2380,3/8/2026,Tai khoan chinh cua QK sap het. Vui long nap the de tiep tuc su dung cac dich vu cua VinaPhone. Chi tiet lien he CSKH [NUMBER] ([MONEY]) hoac truy cap https://my.vnpt.com.vn/app,0
COM_2381,3/8/2026,Tai khoan cua Quy khach da duoc nap [MONEY] tu [NUMBER] vao [DATE] [TIME]. Ma giao dich [NUMBER]. Chi tiet lien he CSKH [NUMBER] ([MONEY]). Tran trong cam on!,0
COM_2382,3/8/2026,Ma pin Soft Token la (Your pin code is) [NUMBER] .Vui long doi ma pin de dam bao tinh bao mat (Please change the pin code),0
COM_2383,3/8/2026,Ma kich hoat soft token la (Your activation code is) [NUMBER] .Co hieu luc trong vong [TIME] (Take effect within 3 minutes),0
COM_2384,3/8/2026,Ma kich hoat dich vu (Active code service) Mobile Banking la [NUMBER] .Co hieu luc trong vong [TIME] (Take effect within 3 minutes),0
COM_2385,3/8/2026,QK da dang ky thanh cong DV Ngan hang dien tu. Mat khau: Shs$[NUMBER] hieu luc trong 30 ngay. Tai ung dung MSB mBank hoac truy cap ebank.msb.com.vn de su dung DV.,0
COM_2386,3/8/2026,"(TB) Nhan ngay 1.2GB Data khi thue bao [NUMBER] soan DK2 gui [NUMBER] (Cuoc [MONEY]/ngay) de dang ky va gia han 7 lan lien tiep + truy cap ung dung TrustCall 1 lan su dung chan cac cuoc goi lua dao, lam phien. CSKH [NUMBER] ([MONEY]). Tran trong!",0
COM_2387,3/8/2026,(TB) Thue bao [NUMBER] NHAN NGAY 1.2GB data/[TIME] khi soan DK T1 gui [NUMBER] dang ky va phat sinh 01 lan truy cap su dung ung dung TrustCall. Cuoc [MONEY]/thang. CSKH [NUMBER] ([MONEY]). Tran trong!,0
COM_2388,3/8/2026,"[UNG TIEN]Tai khoan chinh cua Quy khach sap het. Soan Y gui [NUMBER] (hieu luc trong vong [TIME] - gia cuoc dich vu [MONEY]) de duoc ung [MONEY] vao tai khoan chinh. De duoc ung tien tu dong moi khi tai khoan chinh duoi [MONEY], soan UTD gui [NUMBER]. Tu choi nhan tin nhan, soan TC gui [NUMBER]. CSKH: [NUMBER] ([MONEY])",0
COM_2389,3/8/2026,"[UNG TIEN]Tai khoan chinh cua Quy Khach khong du de thuc hien cuoc goi/gui tin nhan. De duoc ung [MONEY] vao tai khoan chinh va tiep tuc su dung cac dich vu cua VinaPhone, Quy Khach vui long soan Y gui [NUMBER] (hieu luc trong vong [TIME]) (Gia cuoc [MONEY]). De duoc ung tien tu dong khi tai khoan chinh duoi [MONEY], soan UTD gui [NUMBER]. De tu choi nhan tin, Quy Khach vui long soan TC gui [NUMBER]",0
COM_2390,3/8/2026,"[UNG TIEN AIRTIME] Tai khoan chinh cua Quy khach sap het. Soan Y hoac A gui [NUMBER] (Hieu luc trong vong [TIME]) de duoc ung [MONEY], GIA CUOC [MONEY] vao tai khoan Airtime (Su dung thoai va SMS). Hieu luc su dung tai khoan Airtime la [TIME], sau thoi gian nay tai khoan Airtime se bi thu hoi neu Quy khach khong su dung het. So tien da ung se duoc tru vao tai khoan chinh. Tu choi nhan tin nhan, soan TC A gui [NUMBER]. CSKH:[NUMBER] ([MONEY]).",0
COM_2391,3/8/2026,"[UNG TIEN AIRTIME] Tai khoan chinh cua Quy khach sap het. Soan Y hoac A gui [NUMBER] (Hieu luc trong vong [TIME]) de duoc ung [MONEY], GIA CUOC [MONEY] vao tai khoan Airtime (Su dung thoai va SMS). Hieu luc su dung tai khoan Airtime la [TIME], sau thoi gian nay tai khoan Airtime se bi thu hoi neu Quy khach khong su dung het. So tien da ung se duoc tru vao tai khoan chinh. Tu choi nhan tin nhan, soan TC A gui [NUMBER]. CSKH:[NUMBER] ([MONEY]).",0
COM_2392,3/8/2026,Thanh toan hoa don SPayLater voi so tien [MONEY] trong HOM NAY (truoc 15h00) de tranh gian doan viec mua sam bang SPayLater ban nhe!,0
COM_2393,3/8/2026,Mã xác thực Twilio của bạn là: [NUMBER],0
COM_2394,3/8/2026,Mã Tinder của bạn là [NUMBER],0
COM_2395,3/8/2026,Mã xác thực Claude của bạn là: [NUMBER],0
COM_2396,3/8/2026,(QC) QK du dieu kien mo the tin dung VIB Cashback han muc den [MONEY]. Soan VIB1 gui [NUMBER] de nhan thong tin dang ky. Tu choi soan TC VIB gui [NUMBER],0
COM_2397,3/8/2026,(QC) QK du dieu kien mo the tin dung VIB Family Link han muc den [MONEY]. Soan VIB2 gui [NUMBER] de nhan thong tin dang ky. Tu choi soan TC VIB gui [NUMBER],0
COM_2398,3/8/2026,(QC) QK du dieu kien mo the tin dung VIB Super Card han muc den [MONEY]. Soan VIB4 gui [NUMBER] de nhan thong tin dang ky. Tu choi soan TC VIB gui [NUMBER],0
COM_2399,3/8/2026,"Da qua han thanh toan, Quy KH [NUMBER] vui long thanh toan so tien [MONEY] truoc 10-6-[NUMBER] va bo qua tin nhan nay neu da thanh toan. LH [NUMBER]",0
COM_2400,3/8/2026,"Da qua han thanh toan, Quy KH [NUMBER] vui long thanh toan so tien [MONEY] truoc 10-5-[NUMBER] va bo qua tin nhan nay neu da thanh toan. LH [NUMBER]",0
COM_2401,3/8/2026,"[TB] Toàn dân tích cực tham gia phòng, chống mua bán người. Khi phát hiện dấu hiệu liên quan đến mua bán người hãy thông báo ngay cho cơ quan Công an nơi gần nhất hoặc Tổng đài quốc gia 111 để được tư vấn, hỗ trợ, hướng dẫn kịp thời.",0
COM_2402,3/8/2026,"Chủ đề Ngày toàn dân tiết kiệm, chống lãng phí năm [NUMBER] là “Tiết kiệm năng lượng, thịnh vượng tương lai”. Đề nghị toàn dân hưởng ứng vì một tương lai thịnh vượng, một lối sống xanh, tích cực.",0
COM_2403,3/8/2026,"(TB) Quà khủng đang chờ! Mở mới tài khoản VNPT Money ngay hôm nay để nhận [MONEY] quà tặng gồm 03 voucher dùng để thanh toán hóa đơn VNPT, nạp điện thoại, tiền điện cực tiện lợi... Thêm voucher tới [MONEY] khi mua vé máy bay và thanh toán bằng thẻ Visa trên VNPT Money. Nhanh tay đăng ký tại: https://km.vnptmoney.vn/VNPTMoney (áp dụng cho khách hàng mở mới từ [DATE] đến [DATE]). CSKH [NUMBER] ((#3, miễn phí).",0
COM_2404,3/8/2026,(TB) Tài khoản chính của bạn sắp hết. Không cần tài khoản ngân hàng – nạp tiền điện thoại ngay từ hạn mức trả sau VPayLater ([MONEY]) đã được cấp trên VNPT Money tại http://km.vnptmoney.vn/HM. Từ chối soạn BL gửi [NUMBER]. CSKH [NUMBER] (#3).,0
COM_2405,3/8/2026,"(TB) Thứ 2 đầu tuần, thảnh thơi đi buýt miễn phí với VNPT Money! Thanh toán qua VNPT Money HOÀN 100% vé buýt! Mở QR đa năng để thanh toán và nhận hoàn 100% vé buýt tại https://km.vnptmoney.vn/kmvebus. LH [NUMBER] (#3).",0
COM_2406,3/8/2026,"(TB) Cuối tuần đi buýt [MONEY], DUY NHẤT trên VNPT Money! Thanh toán qua VNPT Money HOÀN 100% vé buýt! Mở QR đa năng để thanh toán và nhận hoàn 100% vé buýt tại https://km.vnptmoney.vn/kmvebus. LH [NUMBER] (#3).",0
COM_2407,3/8/2026,"Có 2 đơn [MONEY] nha
Có 1 đơn nha
Có 1 đơn [MONEY] em để trước nhà nha",0
COM_2408,3/8/2026,G-[NUMBER] is your Google verification code.,0
COM_2409,3/8/2026,G-[NUMBER] is your Google verification code. Don't share your code with anyone.,0
COM_2410,3/8/2026,p,0
COM_2411,3/8/2026,G-[NUMBER] is your Google verification code.,0
COM_2412,3/8/2026,Thông báo về tài khoản: Mật khẩu cho Tài khoản Google của bạn drtai678@gmail.com gần đây đã được thay đổi. google.com/password,0
COM_2413,3/8/2026,Your password for Google Account drtai789@gmail.com was found in a non-Google data breach. Change your password now.,0
COM_2414,3/8/2026,Mật khẩu đăng nhập vào Tài khoản Google drtai678@gmail.com của bạn đã bị lộ trong một sự cố rò rỉ dữ liệu xảy ra ngoài Google. Hãy đổi mật khẩu ngay bây giờ.,0
COM_2415,3/8/2026,(TB) Ủy ban Bầu cử Thành phố Hồ Chí Minh trân trọng kính mời cử tri Thành phố tham gia bầu cử đại biểu Quốc hội khóa XVI và đại biểu Hội đồng nhân dân các cấp nhiệm kỳ [NUMBER] – [NUMBER] vào ngày 15 tháng 3 năm [NUMBER].,0
COM_2416,3/8/2026,"Moi khach hang den K.tra dinh ky mien phi lan 4 tai He thong HEAD Son Minh. Thoi han truoc ngay [DATE] va duoi [NUMBER] kilomet. Neu quy khach da KTDK lan 4, vui long bo qua tin nhan nay. Lien he huong dan dat lich hen [NUMBER]. Xin cam on!
",0
COM_2417,3/8/2026,"Moi khach hang den K.tra dinh ky mien phi lan 2 tai He thong HEAD Son Minh. Thoi han truoc ngay [DATE] va duoi [NUMBER] kilomet. Neu quy khach da KTDK lan 2, vui long bo qua tin nhan nay. Lien he huong dan dat lich hen [NUMBER]. Xin cam on!
",0
COM_2418,3/8/2026,HEAD Son Minh xin gui loi cam on toi Quy khach da tin tuong va mua san pham cua HEAD. Theo doi cac uu dai hap dan tai ZALO OA HEAD Son Minh. Tran trong!,0
COM_2419,3/8/2026,"[TB] Quà 8.3 - Đêm nhạc “Hoài Niệm” [NAME] - Phú Quang tại TP. HCM ngày 7/3/26 với Hồng Nhung, Ngọc Anh, Bằng Kiều, Quang Hà. Thuê bao Combo Internet VNPT-MyTV đặt vé xem tại: https://ads.mytv.com.vn/HoaiNiem?c=bzNW4lGm hoặc xem độc quyền trên MyTV [NUMBER] ([MONEY])",0
COM_2420,3/8/2026,(TB) MIEN PHI 4G TOC DO CAO xem Truyen Hinh va Phim Hay khi soan MYTVP5 gui [NUMBER] xem tai: https://ads.mytv.com.vn/PhimHay?c=xrJcm24e (gia cuoc [MONEY]/ngay). LH [NUMBER] [NUMBER] ([MONEY]),0
COM_2421,3/8/2026,Mã xác thực Discord của bạn là: [NUMBER],0
COM_2422,3/8/2026,Mã xác thực Discord của bạn là: [NUMBER],0
COM_2423,3/8/2026,Mã xác thực Claude của bạn là: [NUMBER],0
COM_2424,3/8/2026,"[TB] Chung tay vì một cộng đồng không ma tuý, toàn dân hãy tố giác tội phạm, tệ nạn ma tuý đến số hotline Cục trưởng Cục Cảnh sát ĐTTP về ma tuý: [NUMBER]. Bảo mật tuyệt đối người cung cấp tin, thông tin giá trị sẽ được xem xét khen thưởng.",0
COM_2425,3/8/2026,"[TB] Tham gia phòng, chống ma túy là bảo vệ chính bạn, gia đình và xã hội - Vì tương lai tốt đẹp!",0
COM_2426,3/8/2026,"[TB] Toàn dân tích cực hưởng ứng Tháng hành động phòng, chống ma túy (tháng 6), Ngày quốc tế phòng, chống ma túy và Ngày toàn dân phòng, chống ma túy (ngày 26/6)!",0
COM_2427,3/8/2026,[TB] Chung một quyết tâm - Hãy hành động vì cộng đồng không ma tuý!,0
COM_2428,3/8/2026,Steam: Dùng mã QGGF7 để thay đổi thông tin tài khoản của bạn,0
COM_2429,3/8/2026,"[TB] Ứng dụng Tuyên giáo và Dân vận – kênh thông tin chính thống của Đảng; chủ trương, chính sách được cập nhật nhanh, giải thích dễ hiểu; thư viện số phong phú; hỏi – đáp, tra cứu thuận tiện; lắng nghe, phản hồi ý kiến Nhân dân. Mời Nhân dân tham gia sử dụng: 
https://tgdv.vtscloud.vn/installation",0
COM_2430,3/8/2026,goId: [NUMBER] la ma OTP cua ban. Co gia tri trong vong [TIME].,0
COM_2431,3/8/2026,VTCONLINE: Ma OTP la 349520 Mat khau cap 2 (MKC2) la 42B1A8D5. MKC2 chi co tac dung sau khi xac thuc OTP. Chi tiet truy cap https://go.vn/otp,0
COM_2432,3/8/2026,"Ong/ba co lich kham benh tai BV DK Van Hanh vao ngay [NUMBER]. De viec dieu tri hieu qua hon, mong ong/ba den dung ngay tai kham , xin cam on!",0
COM_2433,3/8/2026,"Ong/ba co lich kham benh tai BV DK Van Hanh vao ngay [NUMBER]. De viec dieu tri hieu qua hon, mong ong/ba den dung ngay tai kham , xin cam on!",0
COM_2434,3/8/2026,"Ong/ba co lich kham benh tai BV DK Van Hanh vao ngay [NUMBER]. De viec dieu tri hieu qua hon, mong ong/ba den dung ngay tai kham , xin cam on!",0
COM_2435,3/8/2026,"Nhằm kích cầu tiêu dùng trong nước, Bộ Công Thương phát động Chương trình Khuyến mại tập trung quốc gia [NUMBER] từ ngày [DATE] – [DATE], doanh nghiệp sẽ thực hiện khuyến mại với hạn mức có thể lên đến 100%. Chi tiết https://kmttqg.vietrade.gov.vn",0
COM_2436,3/8/2026,"Nhằm kích cầu tiêu dùng trong nước, Bộ Công Thương phát động Chương trình Khuyến mại tập trung Quốc gia [NUMBER] từ ngày [DATE] – [DATE], doanh nghiệp sẽ thực hiện khuyến mại với hạn mức có thể lên đến 100%. Chi tiết https://kmttqg.vietrade.gov.vn",0
COM_2437,3/8/2026,Ban dang yeu cau khoi phuc/thay doi Mat khau cho tai khoan Garena. Ma OTP 294734. Vui long khong cung cap ma OTP cho bat ky ai de bao ve tai khoan.,0
COM_2438,3/8/2026,[TB] MTTQ Việt Nam kêu gọi chung tay ủng hộ đồng bào bị thiệt hại do bão lũ gây ra. Các tài khoản tiếp nhận: [NUMBER] tại Vietinbank; [NUMBER] tại BIDV; 1400666102025 tại Agribank; [NUMBER] tại Vietcombank; [NUMBER] tại Mbbank.,0
COM_2439,3/8/2026,"(QC) Ho tro vay len toi [MONEY] tu TINVAY VietCredit chi can CCCD, LS uu dai. Vay ngay tai https://vnpt.tinvay.com.vn/v/2 LH: [NUMBER]. Tu choi BL gui [NUMBER]",0
COM_2440,3/8/2026,"(QC) Vay nhanh len toi [MONEY] trong [TIME] voi TINVAY Vietcredit, thu tuc nhanh gon.DK tai https://vnpt.tinvay.com.vn/v/3 LH: [NUMBER]. Tu choi BL gui [NUMBER]",0
COM_2441,3/8/2026,"(TB) Đổi eSIM ONLINE, chỉ [TIME] với My VNPT! Chỉ vài thao tác đơn giản trên ứng dụng My VNPT, bạn có thể đổi SIM vật lý sang eSIM mọi lúc mọi nơi mà không cần ra cửa hàng. Nâng cấp trải nghiệm số, nhanh chóng và bảo mật. Truy cập https://my.vnpt.com.vn/adv/doiesim ngay để trải nghiệm ngay hôm nay. CSKH: [NUMBER] ([MONEY]). Trân trọng!",0
COM_2442,3/8/2026,"(TB) Lướt mạng xã hội thả ga – không lo hết data! My VNPT dành tặng bạn quyền lợi gói ĐỘC QUYỀN D10FT, chỉ [MONEY]/ngày có ngay 2GB data tốc độ cao và miễn phí dung lượng data truy cập Facebook & TikTok. Đăng ký ngay tại https://my.vnpt.com.vn/adv/D10FT. CSKH: [NUMBER] nhánh 3 ([MONEY]). Trân trọng!",0
COM_2443,3/8/2026,"(TB) Đặt lịch NẠP THẺ ƯU ĐÃI 50%! Duy nhất [DATE], My VNPT dành tặng bạn KHUYẾN MẠI 50% khi Nạp điện thoại VinaPhone cho thuê bao trả trước (khuyến mại sử dụng gọi/nhắn tin trong 15 ngày)! Áp dụng cho mọi mệnh giá, không giới hạn tại https://my.vnpt.com.vn/adv/napthe50. CSKH: [NUMBER] nhánh 3 ([MONEY]). Trân trọng!",0
COM_2444,3/8/2026,"(TB) KHAI HỘI GIỖ TỔ - NẠP THẺ BÙNG NỔ! My VNPT dành tặng bạn ƯU ĐÃI 50% khi Nạp điện thoại VinaPhone cho thuê bao trả trước (khuyến mại được sử dụng gọi/nhắn tin trong 15 ngày) ngày [DATE]. Áp dụng cho mọi mệnh giá, không giới hạn tại https://my.vnpt.com.vn/adv/napthe50. CSKH: [NUMBER] nhánh 3 ([MONEY]). Trân trọng!",0
COM_2445,3/8/2026,"PHA [NAME] [MONEY]! Duy nhat 24-26/10 xem phim KHONG GIOI HAN. Soan DK VD1 gui [NUMBER] ([MONEY]/[TIME], tang 5GB) tu Vietnamobile de xem phim VIP tren VieON + tang 3 ngay WhoCall nhan dien va chan cuoc goi. LETV!",0
COM_2446,3/8/2026,"(KM) VIETNAMOBILE cung VENESA danh rieng cho Quy khach hang than thiet Combo tre hoa mat gia Huy diet chi [MONEY] (gia goc 2tr990k) gom 01 tri lieu tre hoa mat cong nghe cao va 01 tuyp kem duong mat chuyen sau BIJINDO Nhat Ban. Hotline [NUMBER], doc ma VNMCOMBOEYE de dat lich. Tu choi QC, soan TCQC gui 123. Chi tiet LH 789 ([MONEY]). Tran trong",0
COM_2447,3/8/2026,DATA KHONG GIOI HAN - MUA 1 TANG 1: Chi voi [MONEY]/ngay! Dang ky goi ProMax 1 ngay bang cach soan DK DU1 gui 123 va huong ngay uu dai MIEN PHI CHU KY GIA HAN TIEP THEO. Khuyen mai ap dung 1 lan cho thue bao dang ky lan dau trong thang. CTLH: [NUMBER] ([MONEY]).,0
COM_2448,3/8/2026,"GOI CUOC 1M - MUA 1 TANG 1: Soan DK 1M gui 123 ([MONEY]/30 ngay) de huong ngay uu dai 2GB/ngay toc do cao, 10p goi ngoai mang, mien phi cuoc goi noi mang. Dac biet Quy Khach duoc MIEN PHI GIA HAN CHU KY TIEP THEO, uu dai ap dung 1 lan cho thue bao dang ky lan dau trong thang. CTLH: [NUMBER] ([MONEY]).",0
COM_2449,3/8/2026,"MUA 1 TANG 1 - NHAN DOI UU DAI: MIEN PHI CHU KY GIA HAN TIEP THEO khi dang ky goi ProMax 1 ngay, chi [MONEY]/ngay. QK soan DK DU1 gui 123 de nhan uu dai ngay hom nay! Khuyen mai ap dung 1 lan cho thue bao dang ky lan dau trong thang CTLH: [NUMBER] ([MONEY]).",0
COM_2450,3/8/2026,Soan ngay YB gui [NUMBER] de giai tri voi rat nhieu game cuc HOT. MIEN PHI den 7 ngay cho thue bao dang ky lan dau. Phi dv sau KM: [MONEY]/ngay va tu dong gia han. De soan tin nhan nhanh bam: https://tinyurl.com/5n7zehv7. CTLH [NUMBER] ([MONEY]),0
COM_2451,3/8/2026,Soan ngay YC gui [NUMBER] de xac nhan dang ky WHOCALL - CHAN SPAM CALL/SMS. NHAN NGAY DATA 3G/4G khong GIOI HAN + [TIME] goi/ngay. Mien phi dung thu lan dau. Phi dv sau KM: [MONEY]/ngay. De soan tin nhan ngay bam: https://tinyurl.com/2dbd5xtu. Chi tiet LH [NUMBER] ([MONEY]),0
COM_2452,3/8/2026,"Dang ky goi [MONEY] chi voi [MONEY]/[TIME], Quy khach nhan ngay: 5GB Data toc do cao, [TIME] goi ngoai mang. Soan DK [MONEY] gui 123 de dang ky. CTLH [NUMBER] ([MONEY]).",0
COM_2453,3/8/2026,Ma khuyen mai MMVNM - Giam [MONEY] cho hoa don tu [MONEY] khi thanh toan sieu thi/ cua hang tien loi/ bach hoa xanh. Tai & cai dat vi MoMo de nhan ngay uu dai. Chi tiet: https://www.vietnamobile.com.vn/product/khuyen-mai/ctkm-momo/. TDHT: [NUMBER] ([MONEY]),0
COM_2454,3/8/2026,Choi Game khong can cai dat. MIEN PHI den 7 ngay tu Vietnamobile. Soan ngay YB gui [NUMBER]. Phi dv sau KM: [MONEY]/ngay va tu dong gia han. De soan tin nhan nhanh bam: https://tinyurl.com/5n7zehv7. CTLH [NUMBER] ([MONEY]),0
COM_2455,3/8/2026,"[TB] Hướng dẫn nhận quà tặng 2/9 
Theo Nghị quyết 263/NQ-CP ngày [DATE] của Chính phủ, ""chủ hộ"" gia đình thực hiện tích hợp tài khoản an sinh trên ứng dụng VNeID để nhận tiền cho thành viên trong hộ gia đình thuận tiện; trường hợp chưa có tài khoản sẽ nhận trực tiếp tiền tại điểm chi trả do địa phương tổ chức bảo đảm kịp thời, an toàn, hiệu quả. 
Bước 1: Mở ứng dụng VNeID (phiên bản mới nhất) và đăng nhập. 
Bước 2: Chọn An sinh xã hội -> Tài khoản hưởng an sinh xã hội. 
Bước 3: Chọn ngân hàng/ví điện tử/Mobile Money liên kết. 
Bước 4: Kiểm tra lại thông tin cá nhân và số tài khoản. 
Bước 5: Xác nhận -> Gửi yêu cầu thành công. 
Lưu ý: Đối với các dấu hiệu lừa đảo, người dân có thể báo ngay Công an nơi gần nhất hoặc phản ánh, tố giác trên VNeID.",0
COM_2456,3/8/2026,"Cảm ơn Anh đã ủng hộ Trái cây, do Quán mới mở nên rất cần lượt đánh giá từ khách hàng, Anh cảm thấy hài lòng về món ăn, hãy dành ít thời gian Giúp quán đánh giá 5 sao ạ, em cảm ơn Anh rất nhìu ạ.",0
COM_2457,3/8/2026,(TB) CO HOI +[MONEY] vao tai khoan chinh khi thue bao [NUMBER] dang ky va gia han lien tiep 5 ngay dich vu Review Chat (MeClip). Soan DK RC gui [NUMBER] (mien cuoc ngay dau) de dang ky. Cuoc [MONEY]/ngay. CSKH [NUMBER] ([MONEY]). Tran trong!,0
COM_2458,3/8/2026,"(QC) Cong ngay [MONEY] vao TKC cho TB Quy khach khi soan KM gui [NUMBER] ([MONEY]), Mien Phi 100% 3G/4G xem Clip Hot tai meclip.vn, nhan tien sau 5 ngay GHTC dv MeClip. Sau KM [MONEY]/ngay. LH [NUMBER] ([MONEY]). TCQC soan TC gui 948",0
COM_2459,3/8/2026,VNG: Activation code [NUMBER] is used for VNGGames authentication,0
COM_2460,3/8/2026,"(QC)QK duoc TNEX FINANCE ho tro vay toi [MONEY],100% online,LS hap dan.Soan TNEX2 gui [NUMBER] de DK,dong y TNEX,VNPT,DataNest xu ly du lieu QK.Tu choi BL gui [NUMBER]",0
COM_2461,3/8/2026,"Quy khach da dang ky thanh cong goi MOMO-GT30 ([MONEY]), duoc truy cap Data khong gioi han vao ung dung Youtube, Tiktok, VieOn, Nhaccuatui, MoMo va 1 GB/ngay Data toc do cao truy cap Internet. De kiem tra data, soan tin nhan DATAKM gui den 888. Goi cuoc su dung den [DATE] [TIME]. CSKH [NUMBER]. Tran trong!",0
COM_2462,3/8/2026,Goi cuoc MOMO-GT30 cua Quy khach se het hieu luc vao [DATE] [TIME]. Moi Quy khach mua them goi cuoc de tiep tuc su dung dich vu. CSKH [NUMBER]. Tran trong!,0
COM_2463,3/8/2026,"Ve xe : Nha xe Phuong Trang. Ma ve: 0CF00V, Ho Chi Minh - TP. Quy Nhon. Gio don: [TIME], [DATE]. Noi don: 798 [NAME], Phuong Hiep Phu, TP Thu Duc ( Quan 9 Cu). Vui long kiem tra email drtai789@gmail.com de nhan ma QR xuat trinh khi len xe va co mat truoc gio khoi hanh [TIME]. Hotline: *[NUMBER]",0
COM_2464,3/8/2026,Quy khach dang thuc hien dang ky tai khoan tren ung dung cua VNPAY. Ma xac thuc cua quy khach la [NUMBER],0
COM_2465,3/8/2026,"SIGNAL: Mã của bạn là: [NUMBER] 
Không chia sẻ mã này",0
COM_2466,3/8/2026,"Cam on quy khach STT: [NUMBER] da dang ky, vui long bo sung thong tin.",0
COM_2467,3/8/2026,"Cam on quy khach STT: [NUMBER] da dang ky, vui long bo sung thong tin.",0
COM_2468,3/8/2026,"[TB] Bộ Văn hóa, Thể thao và Du lịch khuyến cáo: Trong thời gian gần đây, tình trạng một số tổ chức, cá nhân, người chuyển tải sản phẩm quảng cáo có ảnh hưởng tham gia hoạt động quảng cáo trên mạng xã hội sai sự thật, làm ảnh hưởng đến quyền lợi của người tiêu dùng. Người dân cần nâng cao cảnh giác đối với các thông tin quảng cáo, đặc biệt là quảng cáo về sữa, thuốc, thực phẩm chức năng, mỹ phẩm… để chọn lọc, đánh giá, kiểm tra chất lượng hàng hoá trước khi quyết định lựa chọn sản phẩm, hàng hóa, dịch vụ.",0
COM_2469,3/8/2026,"[TB] Thành phố khuyến nghị cơ quan, tổ chức khẩn trương thực hiện việc đăng ký tài khoản định danh điện tử cho đơn vị để sớm hưởng những tiện ích, kết nối được với các thông tin hữu ích của định danh điện tử đem lại.",0
COM_2470,3/8/2026,[TB] Tải và sử dụng Ứng dụng Công dân số Thành phố Hồ Chí Minh - Kênh tương tác trực tiếp giữa công dân và chính quyền Thành phố.,0
COM_2471,3/8/2026,"[TB] Thành phố khuyến nghị cơ quan, tổ chức khẩn trương thực hiện việc đăng ký tài khoản định danh điện tử cho đơn vị để sớm hưởng những tiện ích, kết nối được với các thông tin hữu ích của định danh điện tử đem lại.",0
COM_2472,3/8/2026,Ban dang thuc hien giao dich dang ky tai khoan. Ma xac thuc OTP cua ban la:75099052,0
COM_2473,3/8/2026,[NUMBER] la ma xac thuc OTP cua Quy khach tren DV [NUMBER]. Tran trong.,0
COM_2474,3/8/2026,Mã Tài khoản Apple: [NUMBER]. Đừng chia sẻ mã.,0
COM_2475,3/8/2026,"(TB) Danh rieng cho thue bao [NUMBER] thuong thuc ca khuc HOT qua giong ca Anh Tu - Ly Ly, [NAME], Dat G... va kho am nhac tai http://memusic.vn. Moi ban soan DK M gui [NUMBER] (mien phi ngay dau dang ky dich vu). Cuoc [MONEY]/ngay. CSKH [NUMBER] ([MONEY]). Tran trong!",0
COM_2476,3/8/2026,"(QC) +[MONEY] vao TKC khi soan A gui [NUMBER] ([MONEY]) va duy tri DV 5 ngay, MIEN PHI 3G/4G tai memusic.vn. Sau km [MONEY]/ngay. Mua The, Nap the di dong Online tai app My VNPT http://onelink.to/v58hh4. LH [NUMBER] ([MONEY]). TCQC soan TC gui [NUMBER].",0
COM_2477,3/8/2026,"(QC) TANG 300MB data cho Quy khach, soan C gui [NUMBER] ([MONEY]) de nhan sau 5 ngay duy tri dv Covering. Them co hoi trung 10 CAY VANG SJC tu CTKM cua VinaPhone tai http://vangtraotay.vn. Sau km [MONEY]/ngay. LH [NUMBER] ([MONEY]). TCQC: TC gui [NUMBER]",0
COM_2478,3/8/2026,"Ma xac thuc GD la [NUMBER], hieu luc [TIME]. Chi tiet GD: Mo tai khoan cho khach hang moi. LUU Y: QUY KHACH KHONG TIET LO MA XAC THUC NAY CHO NGUOI KHAC",0
COM_2479,3/8/2026,Ông bên Monkey phải k?,0
COM_2480,3/8/2026,[NUMBER] là mã Facebook của bạn. Vui lòng không chia sẻ mã này.,0
COM_2481,3/8/2026,Sử dụng [NUMBER] để xác thực 2 yếu tố trên Facebook.,0
COM_2482,3/8/2026,Deal cua quy khach: E Coupon giam gia [MONEY] tai he thong nha hang Suon Muoi SL:1. Vui long SD truoc 31/12. Chi tiet LH [NUMBER],0
COM_2483,3/8/2026,Deal cua ban: E Coupon giam gia [MONEY] tai he thong nha hang Suon Muoi. Ma QR: https://id.dealtoday.vn/qr/[NUMBER]-fc79cd51ef10fdce. LH: [NUMBER],0
COM_2484,3/8/2026,Dat phong [NUMBER] tai URBAN SAIGON da bi huy boi he thong. Moi thac mac xin lien he qua hotline: [NUMBER],0
COM_2485,3/8/2026,Dat phong [NUMBER] tai OHOME APARTMENT da bi huy boi he thong. Moi thac mac xin lien he qua hotline: [NUMBER],0
COM_2486,3/8/2026,"[TB] Thượng tôn Hiến pháp và pháp luật, tạo động lực đưa đất nước bước vào kỷ nguyên vươn mình của dân tộc. 
",0
COM_2487,3/8/2026,"[TB] Thủ tướng Chính phủ kêu gọi người dân chung tay xóa nhà tạm, nhà dột nát trên phạm vi toàn quốc bằng cách chuyển khoản đến Quỹ Vì người nghèo Trung ương số tài khoản: 
- [NUMBER] tại Vietinbank. 
- 9999999999999 tại Vietcombank. 
- 1303999789999 tại Agribank. 
- [NUMBER] tại BIDV. 
- [NUMBER] tại MBBank. 
- [NUMBER].0.[NUMBER].[NUMBER] tại Kho bạc Nhà nước Hoàn Kiếm, Hà Nội.",0
COM_2488,3/8/2026,"Mã WhatsApp của bạn: 302-610 
Đừng cho ai biết mã này",0
COM_2489,3/8/2026,Cong DVC Bo Cong an Ho so khai thanh cong ma G01.[NUMBER]-[NUMBER]-[NUMBER]. Moi Ong/ba den co quan dang ky xe de thuc hien,0
COM_2490,3/8/2026,SGWATERBUS - Ma xac thuc cua ban tai APP Saigon Waterbus la: [NUMBER]. Cam on ban da tai APP,0
COM_2491,3/8/2026,[Tri an KH] Tang ban [MONEY] nap the dien thoai. Truy cap Vi VNPAY de dung ngay. CT: https://app.vnpay.vn/vnlknh,0
COM_2492,3/8/2026,"(TB) Toàn dân tích cực tham gia phòng chống mua bán người. Khi phát hiện dấu hiệu liên quan hãy thông báo ngay đến cơ quan Công an nơi gần nhất hoặc Tổng đài quốc gia 111 để được tư vấn, hỗ trợ, hướng dẫn kịp thời.",0
COM_2493,3/8/2026,"bên mình cho thuê xe máy đk ạ
3/8 này e lên đà lạt mình có ship xe tới bến xe phương trang k",0
COM_2494,3/8/2026,"(QC)QK duoc FE CREDIT ho tro vay toi [MONEY]-LS hap dan-GIAI NGAN NHANH. Soan FEC gui [NUMBER] de DK vay va cho phep FEC,VNPT xu ly du lieu QK.Tu choi BL gui [NUMBER]",0
COM_2495,3/8/2026,(TB) Quỹ Vì trẻ em khuyết tật Việt Nam kêu gọi quý vị hãy hỗ trợ trẻ khuyết tật có cơ hội tới trường bằng cách nhắn tin: TEKT gửi [NUMBER] để ủng hộ [MONEY]/tin nhắn. Thời gian đến hết ngày [DATE]. Phí nhắn tin [MONEY]/tin. Chi tiết liên hệ [NUMBER] nhánh 6 ([MONEY]/phút) hoặc truy cập https://[NUMBER].vn/vitreemkhuyettat để quét mã QR ủng hộ.,0
COM_2496,3/8/2026,"(TB) BV Phổi Trung ương, Quỹ hỗ trợ người bệnh chiến thắng bệnh lao kêu gọi Quý vị đồng hành vì mục tiêu chấm dứt bệnh lao. Hãy soạn tin TB gửi [NUMBER] ([MONEY]/tin nhắn). Hoặc truy cập website: https://[NUMBER].vn/hotrodieutribenhlao, UH qua quét mã QR. Trân trọng cảm ơn!",0
COM_2497,3/8/2026,"(TB) Quỹ Bảo trợ trẻ em Việt Nam kêu gọi ủng hộ trẻ em có hoàn cảnh đặc biệt, khó khăn trên toàn quốc nhân Tháng hành động Vì trẻ em năm [NUMBER] bằng cách ủng hộ qua tài khoản: TEVN tại Vietcombank.",0
COM_2498,3/8/2026,"Quy khach da thuc hien lay lai ten dang nhap VietinBank iPay, ten dang nhap: [NUMBER]",0
COM_2499,3/8/2026,Quy khach da duoc cap lai mat khau VietinBank iPay. Mat khau moi la: To780863 het han vao ngay [DATE]. De nghi QK doi mat khau sau khi dang nhap thanh cong.,0
COM_2500,3/8/2026,Quy khach se MAT TIEN va THONG TIN neu cung cap Ma xac thuc giao dich (OTP) cho bat ky ai. Ma OTP (het han sau [TIME]) cua Quy khach la [NUMBER],0
COM_2501,3/8/2026,"DH [NUMBER] cua ban se huy vao ngay mai. Vui long ghe nha thuoc Pharmacity - 88 [NAME], Phuong Phuoc Long B, Quan 9, TP.HCM de nhan hang.Ho tro: [NUMBER]",0
COM_2502,3/8/2026,"Ma xac nhan cua ban tai Pharmacity la: [NUMBER], ma xac nhan chi co hieu luc trong vong [TIME]",0
COM_2503,3/8/2026,Don hang [NUMBER] da duoc tiep nhan va dang kiem tra ton kho. Ho tro: [NUMBER],0
COM_2504,3/8/2026,"Ma xac nhan cua ban tai Pharmacity la: [NUMBER], ma xac nhan chi co hieu luc trong vong [TIME]",0
COM_2505,3/8/2026,OTP cua Quy Khach la: 11192537. Ma xac thuc giao dich tren vi co hieu luc trong vong [TIME]. QK TUYET DOI khong cung cap OTP cho nguoi khac tranh bi lua dao!,0
COM_2506,3/8/2026,QK TUYET DOI khong cung cap OTP cho nguoi khac ke ca NV NGAN HANG tranh bi lua dao. Ma GD NAP TIEN VI co ma OTP la 07817485. Ma OTP co hieu luc [TIME].,0
COM_2507,3/8/2026,OTP cua Quy Khach la: 12731095. Ma xac thuc giao dich tren vi co hieu luc trong vong [TIME]. QK TUYET DOI khong cung cap OTP cho nguoi khac tranh bi lua dao!,0
COM_2508,3/8/2026,OTP cua Quy Khach la: 01315743. Ma xac thuc giao dich tren vi co hieu luc trong vong [TIME]. QK TUYET DOI khong cung cap OTP cho nguoi khac tranh bi lua dao!,0
COM_2509,3/8/2026,"(TB) Thêm Data online thả ga! Tặng 1GB Data/[TIME] (hết dung lượng tính cước theo quy định) + FREE Data truy cập 4 ứng dụng giải trí: YouTube, TikTok, Nhaccuatui, VieON khi soạn DK DGT10 gửi 888 đăng ký sử dụng gói DGT10. Cước [MONEY]/[TIME]. CSKH: [NUMBER] ([MONEY]). 
VinaPhone - Mạng di động nhanh nhất Việt Nam!",0
COM_2510,3/8/2026,"(QC) CHUC MUNG! Quy khach du dieu kien nhan 7GB toc do cao su dung trong 7 ngay tu goi cuoc DT30. Soan DK gui [NUMBER] de nhan data. Gia chi [MONEY]/7 ngay. Loi moi co hieu luc trong 03 ngay. Tu choi QC, soan TC gui [NUMBER]. CSKH [NUMBER]",0
COM_2511,3/8/2026,(TPBank) Da co Sao ke ngay [DATE]. Vui long truy cap SPayLater tren App Shopee de xem so tien den han va thanh toan truoc [DATE].,0
COM_2512,3/8/2026,TPBank tran trong gui toi Quy khach nhung loi chuc tot dep nhat nhan dip sinh nhat. Kinh chuc Quy khach mot sinh nhat nhieu niem vui va hanh phuc!,0
COM_2513,3/8/2026,"KHONG CUNG CAP OTP CHO BAT KY AI. 257151 la ma OTP kich hoat SPayLater tren App Shopee, co hieu luc trong [TIME].",0
COM_2514,3/8/2026,(TPBank) TPBank lien he lai nhung khong ket noi duoc voi Quy khach. Vui long goi [NUMBER] hoac [NUMBER] de duoc ho tro tot nhat. Xin cam on,0
COM_2515,3/8/2026,"(TB) SẮP KẾT THÚC!!! Nhận siêu voucher 50% (tối đa [MONEY]) khi Quý khách nạp tiền điện thoại, thanh toán hóa đơn VNPT thành công trên ứng dụng My VNPT trước ngày [DATE]. Truy cập https://my.vnpt.com.vn/adv/slsv để biết thêm thông tin chi tiết. CSKH: [NUMBER] nhánh 3 ([MONEY]). Trân trọng!",0
COM_2516,3/8/2026,"(TB) VNPT trân trọng thông báo đến Quý khách về Chính sách Bảo vệ dữ liệu cá nhân của VNPT khi cung cấp sản phẩm, hàng hóa, dịch vụ căn cứ Nghị định 13/[NUMBER]/NĐ-CP của Chính Phủ. Chi tiết xem tại đường link https://vnpt.com.vn/nghi-dinh-13-ve-bao-ve-du-lieu-ca-nhan hoặc liên hệ CSKH:[NUMBER] (dịch vụ di động)/[NUMBER] (dịch vụ Internet, MyTV) để được giải quyết các yêu cầu của chủ thể dữ liệu. Trân trọng.",0
COM_2517,3/8/2026,"(TB) Vui Xuân mới - Khuyến mại tới! VinaPhone tặng riêng Quý khách 20% giá trị thẻ nạp HÔM NAY [DATE]. Khuyến mại được sử dụng gọi/nhắn tin trong 15 ngày. Ưu đãi hấp dẫn khi nạp thẻ tại https://my.vnpt.com.vn/adv/napthe . CSKH: [NUMBER] ([MONEY]). 
VinaPhone - Mạng di động nhanh nhất Việt Nam!",0
COM_2518,3/8/2026,"(TB) VinaPhone tặng riêng Quý khách 20% giá trị thẻ nạp vào NGÀY MAI [DATE]. Khuyến mại được sử dụng gọi/nhắn tin trong 15 ngày. Ưu đãi hấp dẫn khi nạp thẻ tại https://my.vnpt.com.vn/adv/napthe . CSKH: [NUMBER] ([MONEY]). 
VinaPhone - Mạng di động nhanh nhất Việt Nam!",0
COM_2519,3/8/2026,"(TB) Chúc mừng năm mới Giáp Thìn [NUMBER]! Người dân chủ động sắp xếp thời gian trở lại nơi làm việc và sinh sống tại các thành phố lớn, tránh tình trạng ùn tắc giao thông vào cuối dịp nghỉ lễ, tuyệt đối không điều khiển phương tiện khi đã sử dụng rượu, bia.",0
COM_2520,3/8/2026,"(TB) Để đảm bảo an toàn khi tham gia giao thông dịp Tết Nguyên đán Giáp Thìn [NUMBER], đề nghị người dân chấp hành pháp luật về trật tự, an toàn giao thông, điều khiển phương tiện đúng tốc độ, giữ khoảng cách an toàn, tuyệt đối không điều khiển phương tiện khi đã sử dụng rượu, bia.",0
COM_2521,3/8/2026,"(TB) Toàn dân tích cực hưởng ứng tham gia cuộc thi Tìm hiểu Luật Phòng, chống ma tuý. Thông tin chi tiết truy cập địa chỉ: https://thitimhieuluatphongchongmatuy.vn",0
COM_2522,3/8/2026,Tết an khang ! Bác sĩ thú y Lim. ĐT / Zalo: [NUMBER] 362 470,0
COM_2523,3/8/2026,"(TB) NGÀY CUỐI CÙNG ẤP TRỨNG RỒNG có cơ hội nhận LÌ XÌ KHỦNG [MONEY] ĐỒNG trên VNPT Money. Hàng trăm nghìn khách hàng đã có Lì xì từ Rồng Du Ký, nhanh tay tham gia tại https://km.vnptmoney.vn/game7 và cùng VNPT Money chờ đón Hành trình Du Ký 5 Đảo Rồng. LH [NUMBER] (#3).",0
COM_2524,3/8/2026,"(TB) Nạp điện thoại SIÊU TỐC cho thuê bao [NUMBER] của bạn: Quét mã VietQR tại https://tt.vnptmoney.vn/f8b91434 bằng ứng dụng ngân hàng bất kỳ để NẠP NHANH [MONEY] vào TKC và hưởng GIẢM GIÁ HẤP DẪN! Lưu mã để nạp bất kỳ lúc nào bạn cần, chẳng còn lo gián đoạn liên lạc! Chi tiết LH [NUMBER] (#3).",0
COM_2525,3/8/2026,"(TB) CHÚC MỪNG BẠN NHẬN ĐƯỢC 01 QUẢ TRỨNG RỒNG từ VNPT Money. Chăm sóc trứng mỗi ngày để có cơ hội trúng [MONEY] đồng, iPhone 15 Promax và Lì xì Tài lộc, tổng trị giá lên tới 1,4 TỶ ĐỒNG. Soạn DK gửi [NUMBER] ([MONEY]) đăng ký nhanh và chơi ngay tại https://km.vnptmoney.vn/game2 từ nay đến [DATE]. LH [NUMBER] (#3).",0
COM_2526,3/8/2026,(TB) Ưu đãi vé máy bay Bamboo Airways Tết chỉ từ [MONEY]. Mua vé để thêm cơ hội trúng iPhone 15 Promax khi chơi Rồng Du Ký trên VNPT Money tại https://km.vnptmoney.vn/RongDKMB từ nay đến [DATE]. LH [NUMBER] (#3).,0
COM_2527,3/8/2026,[TikTok] [NUMBER] là mã xác minh của bạn,0
COM_2528,3/8/2026,"<#> Theo yeu cau cua ban, day la mat ma Traveloka: [NUMBER]. Luu y KHONG chia se ma nay ngay ca voi TRAVELOKA va doi tac cua chung toi. 15c4UgBqz2H",0
COM_2529,3/8/2026,"Ban vua dang ky tai khoan tren Traveloka. Ma xac thuc la [NUMBER]. Vui long KHONG BAO GIO tiet lo ma nay voi ai, ke ca chung toi va doi tac.",0
COM_2530,3/8/2026,Ma xac nhan [NUMBER] cua Go2Joy,0
COM_2531,3/8/2026,"ZaloPay: Ma OTP de xac nhan lien ket tai khoan la 064727, co hieu luc [TIME]. KHONG CHIA SE MA OTP VOI BAT KI AI. Neu KHONG thuc hien, lien he: [NUMBER]",0
COM_2532,3/8/2026,ZaloPay: [NUMBER] la ma OTP cua ban. Ma OTP se het han trong [TIME]. KHONG CHIA SE MA OTP VOI BAT KI AI.,0
COM_2533,3/8/2026,"ZaloPay: Ban dang thiet lap mat khau thanh toan(MKTT), nhap ma OTP 346069 de xac nhan, thoi han [TIME]. KHONG chia se ma OTP/MKTT duoi bat ky hinh thuc nao.",0
COM_2534,3/8/2026,[Zalo] Day la ma xac thuc BAO VE 2 LOP Zalo may tinh. Chi nhap vao ung dung Zalo va KHONG CHIA SE cho bat ky ai hay website nao vi se MAT TAI KHOAN: [NUMBER],0
COM_2535,3/8/2026,Thanh toan hoa don SPayLater voi so tien [MONEY] trong HOM NAY de tranh gian doan viec mua sam bang SPayLater ban nhe!,0
COM_2536,3/8/2026,SHOPEE: Nhap ma [NUMBER] de xac nhan thanh toan don hang bang SPayLater. Ma co hieu luc trong [TIME]. KHONG chia se ma nay cho bat ky ai.,0
COM_2537,3/8/2026,Thanh toan hoa don SPayLater voi so tien [MONEY] trong HOM NAY de tranh gian doan viec mua sam bang SPayLater ban nhe!,0
COM_2538,3/8/2026,Mã ID Apple: [NUMBER]. Đừng chia sẻ mã.,0
COM_2539,3/8/2026,Mã Xác Minh ID Apple Của Bạn Là: [NUMBER],0
COM_2540,3/8/2026,"[SHEIN]Mã xác minh tài khoản SHEIN của bạn là [NUMBER], mã này sẽ có hiệu lực trong vòng [TIME].",0
COM_2541,3/8/2026,Your verification code is [NUMBER] Thank you,0
COM_2542,3/8/2026,"Your verification code is [NUMBER]. If this comes as a surprise please check your security settings in case of an account compromise.
- Blizzard Entertainment",0
COM_2543,3/8/2026,Ma Tinder của bạn là [NUMBER] Đừng chia sẻ thông tin này,0
COM_2544,3/8/2026,[NUMBER] la ma xac minh ViettelPost cua ban. Ma xac minh co hieu luc trong vong 180 giay.,0
COM_2545,3/8/2026,"DE DANG KY TAI KHOAN tai Jollibee, ma xac minh la [NUMBER]. Co hieu luc trong [TIME]. Vui long khong chia se ma nay voi nguoi khac",0
COM_2546,3/8/2026,[NUMBER] is your Microsoft Azure verification code,0
COM_2547,3/8/2026,[QC] MobiFone dành tặng Quý khách cơ hội trúng thưởng IPHONE 14 PRO 512 GB khi tham gia khảo sát và chia sẻ ý kiến về MobiFone tại https://chiase.mobifone.vn/ từ nay đến hết ngày [DATE]. Chi tiết liên hệ [NUMBER].,0
COM_2548,3/8/2026,"[QC] TRAI NGHIEM LIEN TAY, NHAN NGAY QUA KHUNG! Co hoi trung ngay iPhone 14 Pro 512 GB va nhieu qua tang gia tri khi tham gia chuong trinh khao sat va chia se ve MobiFone ke tu nay den het ngay [DATE] tai https://chiase.mobifone.vn/ . Chi tiet lien he [NUMBER].",0
COM_2549,3/8/2026,"Ban da nap [MONEY] vao TKC. So du hien tai [MONEY],duoc su dung den [NUMBER]",0
COM_2550,3/8/2026,"[TB] Co ngay 30GB DATA (1GB/ngay het dung luong, dung truy cap) + mien phi cac cuoc goi noi mang duoi [TIME] (toi da [TIME]) + [TIME] thoai ngoai mang chi voi [MONEY]/30 ngay. De dang ky soan Y gui [NUMBER], hoac soan KC90 gui [NUMBER]. Chi tiet LH [NUMBER]",0
COM_2551,3/8/2026,"Bộ Thông tin và Truyền thông khuyến cáo người dân nâng cao cảnh giác, không chuyển tiền hoặc cung cấp thông tin cá nhân cho người lạ qua điện thoại. Nếu có hiện tượng trên, đề nghị trình báo ngay cho cơ quan Công an để xử lý hoặc thông báo đến số điện thoại trực ban hình sự [NUMBER] của Cục Cảnh sát hình sự để được hướng dẫn kịp thời.",0
COM_2552,3/8/2026,"Goi cuoc 12MAX90 duoc gia han thanh cong. De kiem tra uu dai, soan KT ALL gui 999. Chi tiet lien he [NUMBER]. Xin cam on!",0
COM_2553,3/8/2026,"[TB] Gọi cả tháng - Data “xả láng”! Soạn [NUMBER] gửi 999, MobiFone gửi đến bạn 10GB Data TỐC ĐỘ CAO/tháng. Nhận thêm 2.[TIME] thoại và 2.000 SMS nội mạng, [TIME] thoại ngoại mạng. Xem phim HOT trên truyền hình ClipTV tại https://cliptv.vn/phim . Ưu đãi chỉ [MONEY]/tháng. Liên hệ [NUMBER]. Từ chối tư vấn CSKH của MobiFone, soạn TC gửi [NUMBER].",0
COM_2554,3/8/2026,"(TB) Kỷ niệm 70 năm chiến thắng Điện Biên Phủ, MTTQ Việt Nam kêu gọi ủng hộ làm nhà cho người nghèo của tỉnh Điện Biên, bằng cách chuyển khoản tới Quỹ Vì người nghèo Trung ương, số tài khoản: [NUMBER] tại Vietinbank.",0
COM_2555,3/8/2026,"Chào mừng Ngày Chuyển đổi số quốc gia [NUMBER] và Tháng 10. Tháng tiêu dùng số, người dân được miễn phí hoặc ưu đãi khi sử dụng sản phẩm, dịch vụ số. Chi tiết tại địa chỉ: https://dx.gov.vn",0
COM_2556,3/8/2026,"(TB) Để đảm báo an toàn PCCC, CATP.HCM khuyến cáo: Thường xuyên kiểm tra, kiểm soát chặt chẽ nguồn lửa, nguồn nhiệt, thiết bị điện, đặc biệt vào ban đêm, trước khi đi ngủ hoặc trước khi rời khỏi nơi làm việc. Trang bị thiết bị báo cháy, chữa cháy, thoát nạn, chống khói khí độc. Khi có cháy, nổ, tai nạn, sự cố, gọi ngay 114, hoặc ứng dụng Help 114 để được cứu nạn, cứu hộ kịp thời.",0
COM_2557,3/8/2026,"Để phòng ngừa bệnh tay chân miệng, người chăm sóc trẻ và trẻ cần rửa tay thường xuyên bằng xà phòng; Lau sạch các bề mặt, vật dụng tiếp xúc hàng ngày như đồ chơi, bàn ghế, sàn nhà... Đưa trẻ đi khám ngay tại các cơ sở y tế gần nhất khi trẻ có các biểu hiện sốt, nổi hồng ban bóng nước ở lòng bàn tay, bàn chân, loét miệng, giật mình.",0
COM_2558,3/8/2026,GHTK - [NUMBER] la ma xac nhan su dung de dang nhap ung dung iGHTK cua ban. Tuyet doi khong chia se OTP voi nguoi khac,0
COM_2559,3/8/2026,GHTK - [NUMBER] la ma xac nhan su dung de dang nhap ung dung iGHTK cua ban,0
COM_2560,3/8/2026,"(TB) Phòng Cảnh sát giao thông đường bộ - đường sắt Công an Thành phố Hồ Chí Minh khuyến cáo: điều khiển phương tiện sau khi đã sử dụng rượu bia là một trong những nguyên nhân hàng đầu dẫn đến các vụ tai nạn giao thông đặc biệt nghiêm trọng, để lại hậu quả thương tâm cho chính gia đình bạn và xã hội. Vì sức khỏe và an toàn của chính bạn: “Đã uống rượu bia - không lái xe”.",0
COM_2561,3/8/2026,(TB) Phòng Cảnh sát giao thông đường bộ - đường sắt Công an Thành phố Hồ Chí Minh khuyến cáo: Cảnh sát giao thông không gọi điện thoại để yêu cầu chuyển tiền nộp phạt vi phạm hành chính qua các link hoặc tài khoản do các đối tượng lừa đảo cung cấp. Việc nộp phạt vi phạm hành chính được thực hiện trực tiếp tại trụ sở lực lượng Cảnh sát giao thông hoặc thông qua Cổng dịch vụ công quốc gia tại địa chỉ https://dichvucong.gov.vn hoặc Cổng dịch vụ công Bộ Công an tại địa chỉ https://dichvucong.bocongan.gov.vn,0
COM_2562,3/8/2026,Your Firebase App verification code is [NUMBER],0
COM_2563,3/8/2026,"(TB) Để bảo đảm an toàn khi tham gia giao thông dịp Quốc khánh [DATE], đề nghị người dân chấp hành pháp luật về trật tự, an toàn giao thông, điều khiển phương tiện đúng tốc độ, giữ khoảng cách an toàn, không tránh vượt sai quy định, tuyệt đối không điều khiển phương tiện khi đã sử dụng rượu, bia.",0
COM_2564,3/8/2026,"(TB) Chúc mừng năm mới Quý Mão [NUMBER]! Người dân chủ động sắp xếp thời gian trở lại nơi làm việc và sinh sống tại các thành phố lớn, tránh tình trạng ùn tắc giao thông vào cuối dịp nghỉ lễ, tuyệt đối không điều khiển phương tiện khi đã sử dụng rượu, bia và các chất kích thích khác.",0
COM_2565,3/8/2026,"(TB) Để đảm bảo an toàn khi tham gia giao thông dịp Tết Nguyên đán Quý Mão [NUMBER], đề nghị người dân chấp hành pháp luật về TTATGT, điều khiển phương tiện đúng tốc độ, giữ khoảng cách an toàn, tuyệt đối không điều khiển phương tiện khi đã sử dụng rượu, bia và các chất kích thích khác.",0
COM_2566,3/8/2026,Chuc mung Quy khach da dang ky thanh cong Tai khoan Ngan hang dien tu Techcombank. So TK thanh toan: [NUMBER] Ten dang nhap: [NUMBER] Vui long lien he Hotline [NUMBER] de duoc ho tro,0
COM_2567,3/8/2026,"(CANH BAO) Techcombank nhan duoc yeu cau dang ky su dung Techcombank Mobile tren thiet bi iPhone XS Max. Neu KHONG PHAI Quy khach yeu cau, TUYET DOI KHONG CUNG CAP ma xac thuc va lien he ngay [NUMBER] de tranh rui ro bi CHIEM DOAT TAI KHOAN. Neu Quy khach yeu cau, vui long nhap ma [NUMBER] de hoan tat dang ky.",0
COM_2568,3/8/2026,Ma OTP cua quy khach la: 257156. Ma OTP chi su dung 1 lan trong qua trinh mo Tai khoan. Vui long khong chia se cho ai. Hotline [NUMBER]. SMSID: V3dK9DlHsAy,0
COM_2569,3/8/2026,Công ty điện lực thủ đức đã tiếp nhận thông tin của quý khách ! ĐL đã cử a Hoàng khảo sát với số ĐT :[NUMBER] khảo sát ngày [DATE],0
COM_2570,3/8/2026,"[NUMBER] la ma OTP dang nhap My MobiFone tu iPhone XS Max, CANH BAO: Bao mat OTP tranh lua dao chiem doat SIM va mat tien trong tai khoan",0
COM_2571,3/8/2026,"Tài khoản của Quý khách đã hết tiền. Soạn: 
1 gửi [NUMBER] để nhận ngay [TIME] thoại nội mạng với cước SIÊU RẺ [MONEY]/phút vào TK VOICE_SP1 
2 gửi [NUMBER] để nhận ngay [TIME] thoại ngoại mạng với cước SIÊU RẺ [MONEY]/phút vào TK VOICE_SP2 
Chi tiết LH [NUMBER] ([MONEY]/phút).",0
COM_2572,3/8/2026,Ma xac thuc yeu cau tu Dai ly phuongpthong_hcm de dang ky thong tin cho quy khach la: [NUMBER],0
COM_2573,3/8/2026,"Trẻ em cần được học bơi và học kỹ năng an toàn để phòng, chống đuối nước.",0
COM_2574,3/8/2026,FUTABUSLINE - Ma OTP xac thuc ung dung FUTA: 993641. Quy khach vui long su dung ma nay de xac nhan. Moi thac mac xin lien he [NUMBER],0
COM_2575,3/8/2026,"Toàn dân tích cực hưởng ứng tham gia cuộc thi Tìm hiểu Luật Phòng, chống ma túy. Thông tin chi tiết truy cập địa chỉ: https://thitimhieuluatphongchongmatuy.vn",0
COM_2576,3/8/2026,"Phòng, chống ma túy là trách nhiệm của mỗi cá nhân, gia đình và toàn xã hội.",0
COM_2577,3/8/2026,"Phòng, chống ma túy quyết liệt, hiệu quả, nâng cao trách nhiệm, chủ động phối hợp - Vì một cộng đồng sạch ma túy.",0
COM_2578,3/8/2026,"Tích cực hưởng ứng Tháng hành động phòng, chống ma túy (tháng 6), Ngày quốc tế phòng, chống ma túy và Ngày toàn dân phòng, chống ma túy (ngày 26/6).",0
COM_2579,3/8/2026,"đơn 51/9 đường 475 a giao giùm e [TIME] đc kh a
Có đon od em bỏ vô nhà có j lây giúp em nha a tài
dạ oke e cảm ơn a",0
COM_2580,3/8/2026,"Tinhocngoisao da bao hanh: 9b.Moi.SSD Apacer 480G [NUMBER] Sata III ([NUMBER]-1). (EAN 4712389916259) BH 36T theo 5BH305310002, Kinh moi Quy Khach den nhan tai 180 [NAME], Q9. Neu kh o tinh, Ngoi Sao se chuyen phat tan nha",0
COM_2581,3/8/2026,QK duoc tang 1 mui Vac xin Cum mien phi hoac ma tru ngay [MONEY] cho hd tu [MONEY] tai VNVC. DK nhan qua tai https://l.o2o.vn/bUjz truoc 30/6/23. Tu van [NUMBER],0
COM_2582,3/8/2026,"Vi mot cong dong duoc bao ve boi Vac xin, Nhan hang Angela Gold tang rieng QK mon qua suc khoe tai He Thong Tiem Chung VNVC: De nhan 1 mui tiem cum mien phi, Soan VNVC Y1 gui [NUMBER]; De nhan ma giam [MONEY] cho hoa don tu [MONEY],Soan VNVC Y2 gui [NUMBER], gui truoc 10/06/23. LH [NUMBER]",0
COM_2583,3/8/2026,Ma giam gia 367R5B tri gia [MONEY] ANGELA DANH TANG RIENG QUY KHACH de ap dung mua san pham ANGELA 60 vien se het han vao 29/5/23. Quy Khach vui long xuat trinh tin nhan va so dien thoai nhan duoc tin nhan nay khi mua tai Nha Thuoc hoac LH hotline [NUMBER] de duoc huong dan su dung. Tran trong,0
COM_2584,3/8/2026,BAN DUOC UNG MIEN PHI [MONEY] de tiep tuc duy tri lien lac. Soan Y gui [NUMBER] ngay trong hom nay. So tien Ung se duoc cong vao tai khoan TK_AP1 va thoi gian u dung len den [TIME]. QK se chi hoan tra [MONEY] trong lan nap the tiep theo. Tu choi nhan tin soan TC gui [NUMBER].,0
COM_2585,3/8/2026,"[TB] MyMobiFone nang cap goi Linh hoat. Kinh moi Quy khach trai nghiem tinh nang Tao goi cuoc tren ung dung: linh hoat tuy chinh Data va thoai theo nhu cau ca nhan cua Quy khach, de dang quan ly, trai nghiem tao goi cuoc khac biet. Truy cap ngay tai: https://mymobifone.page.link/goi-cuoc",0
COM_2586,3/8/2026,"[CSKH] MY MOBIFONE ra mat CTKM moi “Tich diem lien tay – Nhan ngay qua khung”. TICH DIEM lien tay de co co hoi nhan GIAI THUONG TIEN MAT LEN DEN [MONEY]. De tham gia chuong trinh vao ngay app My MobiFone, thuc hien dang ky goi cuoc hoac gioi thieu goi cuoc thanh cong den voi nguoi than, ban be. Tham gia CTKM ngay tai: https://mymobifone.page.link/pyHxoWdXAqyfVp5Q8. Chi tiet lien he [NUMBER] de duoc ho tro.",0
COM_2587,3/8/2026,"(TB) Bam goi tong dai tel:[NUMBER] cua VinaPhone hoac [NUMBER] + [so dien thoai can goi] de thuc hien cuoc goi ngay ca khi het tien. Cuoc goi noi mang [MONEY]/phut, ngoai mang [MONEY]/phut se duoc tru vao tai khoan chinh. LH [NUMBER] (mien phi). Tran trong cam on",0
COM_2588,3/8/2026,"(TB) Goi tong dai tel: 10980937053112 hoac soan Y gui [NUMBER] hoac goi tong dai VinaPhone tel:[NUMBER] de lien lac voi so [NUMBER] ngay ca khi het tien. Cuoc goi noi mang [MONEY]/phut, ngoai mang [MONEY]/phut. LH [NUMBER] (mien phi) hoac truy cap http://my.vnpt.com.vn/app",0
COM_2589,3/8/2026,Mã xác nhận: [NUMBER] Gửi từ Riot Games,0
COM_2590,3/8/2026,"(TB) Moi Quy khach nap dien thoai tren VNPT Money de luon duoc chiet khau 4% cung nhieu uu dai hap dan danh cho thue bao VinaPhone. Soan A gui [NUMBER] de trai nghiem ngay. Tu choi nhan thong bao, soan TC LBST7F gửi [NUMBER]. CSKH: [NUMBER] nhanh 3 ([MONEY]).",0
COM_2591,3/8/2026,"(TB) Soạn A gửi [NUMBER] ([MONEY]) để KHÔNG BỎ LỠ chương trình CHIẾT KHẤU 4% KHÔNG GIỚI HẠN dành cho Bạn khi nạp điện thoại VinaPhone qua Mobile Money. Từ chối nhận thông báo, soạn TC LBST7F ([MONEY]) gửi [NUMBER]. LH [NUMBER] (#3).",0
COM_2592,3/8/2026,"(QC) Chuc mung [NUMBER] nhan duoc qua tang tri gia len den [MONEY] tu VNPT Pay, dung thanh toan hoa don MyTV, internet VNPT, DT co dinh/di dong tra sau VinaPhone. Soan DY gui [NUMBER] (MIEN PHI) de nhan qua ngay. Chi tiet tai http://bit.ly/VNPTPay-250. LH [NUMBER] (#6 - mien phi). TCQC soan TC gui [NUMBER]",0
COM_2593,3/8/2026,OTP de xac thuc so dien thoai cho tai khoan WESCAN la: [NUMBER]. Luu y: Ma xac thuc se het han sau [TIME].,0
COM_2594,3/8/2026,"(QC) HOT!!! Dich vu INTERNET CAP QUANG toc do cao uu dai cuc khung: dang ky 6 thang duoc tang den 2 thang, dang ky 12 thang duoc tang den 4 thang; gia chi tu [MONEY]/thang; mien phi lap dat, mien phi modem, va nhan ngay qua tang hap dan tu MobiFone. Chi tiet lien he [NUMBER] de duoc tu van. Tran trong cam on! Tu choi QC soan TC gui [NUMBER].",0
COM_2595,3/8/2026,(QC) Bạn là đối tượng của gói ƯU ĐÃI ED60 với 2GB data tốc độ cao/ngày và 01 tài khoản ôn luyện và thi thử cho Học sinh phổ thông từ Lớp 1 đến 12 tại mobistudy.vn chỉ với [MONEY]/30 ngày. Để đăng ký gói cước soạn tin nhắn DK ED60 gửi 999 (cước tin nhắn [MONEY]/sms). Chi tiết liên hệ [NUMBER]. Từ chối QC soạn: TC gửi [NUMBER].,0
COM_2596,3/8/2026,"Xac nhan ban dat ma [NUMBER] thanh cong tai Gogi House Vincom [NAME]! Ban co ban dat cho 7 nguoi, vao [TIME] ngay [DATE]. Chuc ban va nguoi than yeu co mot bua an ngon mieng!",0
COM_2597,3/8/2026,"Xac nhan ban dat ma [NUMBER] thanh cong tai Gogi House Vincom [NAME]! Ban co ban dat cho 4 nguoi, vao [TIME] ngay [DATE]. Chuc ban va nguoi than yeu co mot bua an ngon mieng!",0
COM_2598,3/8/2026,"Mung sinh nhat 15 tuoi Lotte Cinema tang ban 2 code xem phim [MONEY] chi voi [MONEY].Dung tai rap tu 10-13/4,17-20/4,24-27/4. Code: 1602300002820093 va 1602300003125533.",0
COM_2599,3/8/2026,"(QC) Nhan bap 2 vi, Mirinda ly lon, snack Koikeya, voucher ve uu dai khi toi rap xem phim va noi cam on nguoi di cung. Duy nhat ngay 1.3. Dat ve: lottecinemavn.com . Tu choi soan TC LotteCinema gui [NUMBER] hoac lien he [NUMBER] (mien phi).",0
COM_2600,3/8/2026,"[NUMBER]-[NUMBER], [NUMBER] Quy khach da DKBH tre. Han bao hanh chi duoc tinh den ngay [DATE]. Chinh sach Bao Hanh: https://pgi.com.vn/dieu-khoan-bao-hanh. Xin cam on",0
COM_2601,3/8/2026,QK vua tich [POINT] ANGELA 60v. Tich [POINT] san pham truoc 31/12/23 de doi 1 san pham 15V. Tra cuu qua tang tai https://ecogreen.com.vn hoac goi [NUMBER],0
COM_2602,3/8/2026,"Telegram code: [NUMBER] 
You can also tap on this link to log in: 
https://t.me/login/[NUMBER]",0
COM_2603,3/8/2026,Telegram code [NUMBER],0
COM_2604,3/8/2026,(TB) VNPT VinaPhone tran trong thong bao chuong trinh lap cap quang Wifi mien phi hoa mang tai TP.HCM. Chi tiet xin vui long LH:[NUMBER],0
COM_2605,3/8/2026,khuyen mai su dung trong 15 ngay ke tu ngay KM. LH [NUMBER],0
COM_2606,3/8/2026,bên mình còn bàn lỗ kh ạ,0
COM_2607,3/8/2026,[NUMBER] la ma xac thuc tai khoan FPT Play cua Quy khach.,0
COM_2608,3/8/2026,FPT Telecom thong bao thong tin cua Quy khach da duoc xac thuc thanh cong. Truy cap ung dung Foxpay de trai nghiem dich vu. Xin cam on.,0
COM_2609,3/8/2026,"FPT Telecom thong bao ma xac nhan OTP tren ung dung Foxpay la: 226999, hieu luc [TIME]. Vui long KHONG gui cho bat cu ai.",0
COM_2610,3/8/2026,Quy khach se MAT TIEN va THONG TIN neu cung cap Ma xac thuc giao dich (OTP) cho bat ky ai. Ma OTP (het han sau [TIME]) cua Quy khach la [NUMBER],0
COM_2611,3/8/2026,"Mat khau de mo thong tin the la: [NUMBER]. Quy khach vui long KHONG chia se mat khau nay den bat ky ai. Truong hop khong nhan duoc email chua thong tin the, vui long soan THE EKYC EMAIL gui [NUMBER] de nhan lai email. LH:[NUMBER]",0
COM_2612,3/8/2026,Quy khach se MAT TIEN va THONG TIN neu cung cap Ma xac thuc giao dich (OTP) cho bat ky ai. Ma OTP (het han sau [TIME]) cua Quy khach la [NUMBER],0
COM_2613,3/8/2026,"[DATE] [TIME] Quy khach vua lien ket TK [NUMBER] tai VNG-ZALOPAY. Neu KHONG phai Quy khach, lien he [NUMBER] hoac CN/PGD gan nhat",0
COM_2614,3/8/2026,"Siêu ƯU ĐÃI chỉ có trên My MobiFone. Để tri ân Khách hàng đã sử dụng ứng dụng, MOBIFONE triển khai các gói cước ưu đãi lên đến 06 GB/ngày, ưu đãi miễn phí Thoại nội mạng, giá chỉ [MONEY]/ngày, tùy chỉnh theo nhu cầu sử dụng của Quý khách. Tải ứng dụng My MobiFone tại https://api.mobifone.vn. Chi tiết liên hệ [NUMBER].",0
COM_2615,3/8/2026,"Ahamove tang rieng ban ma HIAHA tiet kiem ngay [MONEY] cho 2 don hang dau tien, dat don ngay tai https://ahamove.onelink.me/fmLb/5huavlai",0
COM_2616,3/8/2026,"AhaMove: Vui long nhap ma OTP 0600 de xac thuc. Ma nay se het han sau [TIME]. Tuyet doi KHONG cung cap ma OTP cho bat ky ai, ke ca nhan vien cua AhaMove.",0
COM_2617,3/8/2026,"Goi 12FD50 da duoc gia han (tru [MONEY]), han su dung hien tai den [DATE] [TIME], khong ap dung khi Chuyen vung trong nuoc. De kiem tra goi soan: KT_ALL gui 999. Chuc mung Quy khach da may man nhan duoc 5GB LUU TRU MIEN PHI tren ung dung luu tru du lieu ca nhan mobiCloud cua MobiFone. Cai dat ngay ung dung mobiCloud tai https://bit.ly/3DpNDoe de trai nghiem. [NUMBER].",0
COM_2618,3/8/2026,"Thực hiện Nghị quyết 63/NQ-CP ngày [DATE] của Chính phủ, Bộ Công Thương phát động Tháng khuyến mại tập trung quốc gia [NUMBER] từ ngày [DATE] - [DATE], doanh nghiệp sẽ khuyến mại có hạn mức lên đến 100%. Chi tiết https://kmttqg.vietrade.gov.vn",0
COM_2619,3/8/2026,"Goi 12FD50 da duoc gia han (tru [MONEY]), han su dung hien tai den [DATE] [TIME], khong ap dung khi Chuyen vung trong nuoc. De kiem tra goi soan: KT_ALL gui 999. Chuc mung Quy khach da may man nhan duoc 5GB LUU TRU MIEN PHI tren ung dung luu tru du lieu ca nhan mobiCloud cua MobiFone. Cai dat ngay ung dung mobiCloud tai https://bit.ly/3DpNDoe de trai nghiem. [NUMBER].",0
COM_2620,3/8/2026,VCB Digibank trân trọng thông báo đến quý khách đăng nhập vletcombank.com để nân cấp tính năng mới để không bị ảnh hưởng đến việc sử dụng của quý khách.,0
COM_2621,3/8/2026,"Ma OTP xac thuc GD la 347446, hieu luc [TIME]. Chi tiet GD: Nap tien tu ung dung vi dien tu, so tien [MONEY] tren MOMO.",0
COM_2622,3/8/2026,"Ma OTP xac thuc GD la 687134, hieu luc [TIME]. Chi tiet GD: Lien ket vi dien tu tren VED.",0
COM_2623,3/8/2026,Quy khach da xac nhan su dung dich vu VCB Digibank thanh cong. Ten dang nhap la [NUMBER]. Vui long truy cap va trai nghiem dich vu da tien ich voi VCB Digibank,0
COM_2624,3/8/2026,"Quy khach dang kich hoat dich vu VCB Digibank tren kenh Mobile, ma xac thuc la [NUMBER], hieu luc trong [TIME]. LUU Y KHONG TIET LO MA XAC THUC NAY CHO NGUOI KHAC",0
COM_2625,3/8/2026,"Ma OTP xac thuc GD la 565903, hieu luc [TIME]. Chi tiet GD: Kich hoat tinh nang thong bao OTT tren VCB-Mobile B@nking.",0
COM_2626,3/8/2026,"SD TK [NUMBER] -[MONEY] luc [NUMBER] [TIME]. SD [MONEY]. Ref [NUMBER].em bank truoc cho anh [MONEY].CT tu [NUMBER] [NAME] toi [NUMBER]…
SD TK [NUMBER] -[MONEY] luc [NUMBER] [TIME]. SD [MONEY]. Ref Ecom.[NUMBER].MOMO.[NUMBER].CashIn",0
COM_2627,3/8/2026,"Hưởng ứng Ngày Pháp luật nước Cộng hòa xã hội chủ nghĩa Việt Nam 09/11, toàn dân nâng cao ý thức tôn trọng, tuân theo Hiến pháp và pháp luật.",0
COM_2628,3/8/2026,"Tích cực tham gia Cuộc thi trực tuyến ""Tìm hiểu pháp luật về bầu cử đại biểu Quốc hội và đại biểu Hội đồng nhân dân"" tại địa chỉ: https://thitimhieuphapluat.moj.gov.vn để góp phần vào sự thành công của ngày bầu cử [DATE].",0
COM_2629,3/8/2026,"The Manson thong bao, don hang: 221007R4FP4BRJ da duoc kich hoat bao hanh dien tu. Chuc quy khach co giay phut trai nghiem that tot san pham. Chi tiet lien he: https://themanson.vn/",0
COM_2630,3/8/2026,Ninja Van: Ma xac minh cua ban la [NUMBER]. Ma se het hieu luc trong [TIME].,0
COM_2631,3/8/2026,GS25 Xin thong bao password cua ban la Code: [NUMBER],0
COM_2632,3/8/2026,"Tôi đã nhận được đơn hàng spxvn[NUMBER]a
Vào lúc 13h10 ngày 6 thang 10 . Đồng ý gở khieu nai",0
COM_2633,3/8/2026,Thong bao ma giam gia 9.9 chi con [TIME] het han ngay 11/9. Su dung ngay tai lzd.co/9thang9_la2 kem voi [MONEY] voucher tich luy 9.9,0
COM_2634,3/8/2026,"Lazada: KHONG CHIA SE OTP VOI BAT KY AI, bao gom ca nhan vien Lazada. OTP dang nhap: 336819. Tim hieu them tai: http://lzd.co/safetips",0
COM_2635,3/8/2026,[VANI] Xin vui lòng nhập mã xác thực của Vani Wallet: [NUMBER],0
COM_2636,3/8/2026,"[TB] Bộ thông tin và truyền thông: Hãy cài đặt sử dụng ứng dụng i-Speed để kiểm tra tốc độ truy cập Internet của bạn. Việc hưởng ứng sử dụng thường xuyên của bạn sẽ góp phần thúc đẩy phát triển, nâng cao chất lượng dịch vụ Internet Việt Nam. Cài đặt ứng dụng i-Speed tại https://speedtest.vn/tai-ve (miễn cước data khi sử dụng).",0
COM_2637,3/8/2026,"(TB) Quy khach da may man duoc MIEN PHI 100% 3G/4G. De nhan, soan T2 gui [NUMBER] ([MONEY]) va trai nghiem tai http://glive.vn/tritue. Sau KM [MONEY]/ngay. Chi tiet LH [NUMBER] (cuoc di dong). Tran trong cam on.",0
COM_2638,3/8/2026,"(QC)Quy khach su dung mang VinaPhone soan T6 gui [NUMBER] huong 4G MIEN PHI 100% nhe. Luot web tha ga tai http://glive.vn/tritue.Sau KM [MONEY]/ngay. TCQC,soan TC gui [NUMBER]",0
COM_2639,3/8/2026,"(QC)Anh/chi nao su dung mang VinaPhone soan T6 gui [NUMBER] huong 4G mien phi 100%. Luot web tha ga tai http://glive.vn/tritue.Sau KM [MONEY]/ngay. TCQC,soan TC gui [NUMBER]",0
COM_2640,3/8/2026,"(QC)Soan: T6 gui [NUMBER] ([MONEY]) nhan MIEN PHI 1OO% 3G/4G KHONG GIOI HAN DUNG LUONG. Sau km [MONEY]/ngay, web glive.vn/tritue .TCQC>TCgui9905,LH [NUMBER]",0
COM_2641,3/8/2026,"Uỷ ban nhân dân TP.HCM triển khai chương trình Khuyến mại tập trung - Mùa mua sắm “Shopping Season trên địa bàn TP.HCM năm [NUMBER], thời gian từ ngày [DATE] - [DATE], với chủ đề: Tưng bừng mua sắm Hè [NUMBER], hạn mức khuyến mại tối đa lên đến 100%",0
COM_2642,3/8/2026,Xin chao Quy khach! Dich vu tren mang di dong VinaPhone dang goi toi Quy khach voi mong muon gioi thieu uu dai hap dan.,0
COM_2643,3/8/2026,"(TB) Quy khach da may man duoc MIEN PHI 100% 3G/4G. De nhan, soan G2 gui [NUMBER] ([MONEY]) va trai nghiem tai http://glive.vn/gfood. Sau KM [MONEY]/ngay. Chi tiet LH [NUMBER] (cuoc di dong). Tran trong cam on.",0
COM_2644,3/8/2026,"(QC)Quy khach dang su dung mang 4G soan G6 gui [NUMBER] de nhan 4G MIEN PHI 100% nhe, web http://glive.vn/gfood Sau KM [MONEY]/ngay. TCQC, soan TC gui [NUMBER], LH [NUMBER]",0
COM_2645,3/8/2026,(QC) Soan G9 gui [NUMBER] ([MONEY]) nhan MIEN PHI 1OO% 3G/4G Khong Gioi Han Dung Luong trai nghiem http://glive.vn/gfood. Sau KM [MONEY]/ngay. LH 088.[NUMBER] (cuoc theo thue bao). TCQC soan TC gui [NUMBER],0
COM_2646,3/8/2026,"(QC)Quy khach da may man duoc MIEN PHI 100% 3G/4G. De nhan, soan G6 gui [NUMBER]([MONEY]) va luot web tha ga tai glive.vn/gfood. Sau KM [MONEY]/ngay. TCQC, soan TC gui [NUMBER].",0
COM_2647,3/8/2026,"(QC)Quy khach [NUMBER] duoc huong MIEN PHI 1OO% 3G/4G toc do cao.De nhan soan: G6 gui [NUMBER] trai nghiem http://glive.vn/gfood Sau KM [MONEY]/ngay.TCQC TC gui [NUMBER],LH [NUMBER]",0
COM_2648,3/8/2026,"(TB)Nhan [MONEY] vao TKC khi soan N gui [NUMBER], xem phim moi tai Vinaphim, nhan tien sau 5 ngay GHTC. CSKH: [NUMBER]([MONEY]/p). Cuoc [MONEY]/ngay. Tran trong.",0
COM_2649,3/8/2026,(QC) Chi ap dung cho TB nhan duoc tin nhan nay! Soan OK gui [NUMBER] ([MONEY]) nhan ngay [MONEY] vao TKC sau 05 ngay GHTC dv va co hoi TRUNG 10 CAY VANG SJC tai CTKM vangtraotay.vn. Sau km [NUMBER]/ngay. LH [NUMBER] (mien phi). TCQC soan TC gui [NUMBER].,0
COM_2650,3/8/2026,"(TB) Quy khach da may man duoc MIEN PHI 100% 3G/4G. De nhan, soan F6 gui [NUMBER] ([MONEY]) va trai nghiem tai http://stv.net.vn/haiclip. Sau KM [MONEY]/ngay. Chi tiet LH [NUMBER] (cuoc di dong). Tran trong cam on.",0
COM_2651,3/8/2026,"TANG NGAY 3G/4G 100% MIEN PHI TOC DO CAO cho TB [NUMBER] khi Soan F2 gui [NUMBER] ([MONEY]). Web stv.net.vn/haiclip. Sau km [MONEY]/ngay. TCQC TC gui [NUMBER], LH [NUMBER]",0
COM_2652,3/8/2026,<#> Ma OTP BE GROUP cua ban la 6598 Oye0OKTj+Xw,0
COM_2653,3/8/2026,"(QC) Chúc mừng bạn đã đủ điều kiện mở MIỄN PHÍ thẻ tín dụng VIB Online Plus hạn mức lên tới [MONEY] đồng. Từ chối soạn BL gửi [NUMBER].
Đăng ký trực tuyến:
https://onlinecard.vib.com.vn/offer/op_sms",0
COM_2654,3/8/2026,mobiEdu: Ma xac thuc cua ban la [NUMBER]. Thoi gian hieu luc trong vong [TIME]. Lien he [NUMBER] de duoc ho tro.,0
COM_2655,3/8/2026,Mã Spotify: [NUMBER]. Có hiệu lực trong [TIME],0
COM_2656,3/8/2026,"(QC) Ban duoc FE CREDIT ho tro vay den [MONEY] VND voi LAI SUAT HAP DAN - GIAI NGAN NHANH CHONG. Dong y, soan FEC gui [NUMBER] (m.phi). Tu choi, soan BL gui [NUMBER]",0
COM_2657,3/8/2026,PC-Covid: [NUMBER] là Mã OTP của Bạn. Mã OTP có hiệu lực trong [TIME],0
COM_2658,3/8/2026,"[NUMBER] la ma xac thuc OTP dang nhap vi MoMo. De tranh bi mat tien, tuyet doi KHONG chia se ma nay voi bat ky ai. zniHFS3HBXG",0
COM_2659,3/8/2026,[NUMBER] is your Grab Activation Code (GAC). It expires in 2 minutes. Do not share it with anyone.,0
COM_2660,3/8/2026,Xin chao Quy khach! Dich vu tren mang di dong VinaPhone dang goi toi Quy khach voi mong muon gioi thieu uu dai hap dan.,0
COM_2661,3/8/2026,"Kinh gui PH, SV thong tin du hoc dien chuyen tiep quoc te voi 2 nam hoc tai VN, 2 nam cuoi dai hoc chuyen tiep sang MY (linh hoat chon truong tai cac bang) hoac THUY SY voi 1 nam hoc chuyen sau, 1 nam thuc tap co luong. Xem chi tiet tai https://broward.edu.vn/thuy-si.html. Hotline [NUMBER] (Thay Thuan)",0
COM_2662,3/8/2026,Vui long nhap ma OTP 3848 de hoan tat dang ky app cua Circle K.,0
COM_2663,3/8/2026,(TPBank) Ban da gui yeu cau kich hoat eToken+. Ma kich hoat se duoc gui ve tu TPBank,0
COM_2664,3/8/2026,Rat tiec! Tai khoan cua Quy khach khong du tien de su dung tien ich nay. Vui long nap them tien vao tai khoan va thu lai. Tran trong!,0
COM_2665,3/8/2026,Mã Zenly: [NUMBER]. Có hiệu lực trong vòng [TIME].,0
COM_2666,3/8/2026,"(TB) HOAN 50% (toi da [MONEY]) khi mua goi cuoc MyTV qua vi VNPT Pay tu nay den het [DATE]. Tan huong khong gian giai tri dac sac, chat luong cao, dang nhap tren 5 thiet bi, khong gioi han nha mang. Truy cap https://vnptpay.vn/km/mytv, chon 'Goi cuoc MyTV'. LH [NUMBER] (#3).",0
COM_2667,3/8/2026,"(TB) Tim kiem CHU NHAN JACKPOT hon 62 TY DONG. Chi can 1 cham va [MONEY] mua ve qua Vietlott SMS VinaPhone, ban hoan toan co the TRO THANH TY PHU ngay HOM NAY. Truy cap, lam theo huong dan tai http://vinaphone.vietlottsms.vn (Mien 100% phi giao dich). LH [NUMBER] ([MONEY]/phut).",0
COM_2668,3/8/2026,"Vui long nhap ma OTP 263083 de xac thuc. Vi ly do bao mat, ma OTP se het han trong [TIME]. Tuyet doi, khong duoc chia se ma OTP nay voi bat ky ai. Tran trong!",0
COM_2669,3/8/2026,Vui long nhap mat khau [NUMBER] de dang nhap. Tran trong!,0
COM_2670,3/8/2026,"[TB] Tích cực tham gia Cuộc thi trực tuyến ""Tìm hiểu Luật Cảnh sát biển Việt Nam"" tại địa chỉ: https://thitimhieuluatcanhsatbienvietnam.vn là góp phần bảo vệ biển, đảo của Tổ quốc trong tình hình mới",0
COM_2671,3/8/2026,[NUMBER] la ma xac thuc tai khoan Galaxy Play cua ban.,0
COM_2672,3/8/2026,"BTEC FPT bo sung 50 chi tieu cuoi CN:
Cong Nghe Thong Tin-Quan Tri Kinh Doanh-Thiet Ke Do Hoa - Marketing
Han cuoi dang ky:25/09
LH [NUMBER]
btec.fpt.edu.vn",0
COM_2673,3/8/2026,"Sáng suốt lựa chọn những người tiêu biểu về đức, tài, xứng đáng đại diện cho ý chí, nguyện vọng và quyền làm chủ của Nhân dân bầu vào Quốc hội khoá XV và Hội đồng nhân dân các cấp nhiệm kỳ [NUMBER]- [NUMBER]!",0
COM_2674,3/8/2026,"[NUMBER] la ma xac minh NOW, co hieu luc trong [TIME]. Vui long KHONG chia se ma nay voi nguoi khac.",0
COM_2675,3/8/2026,A tới a kêu cửa là có ng nhận nha anh,0
COM_2676,3/8/2026,Ban co muon ung ngay [MONEY]? Tien ung va phi DV [MONEY] se duoc tru trong lan nap tien toi. Soan Y gui [NUMBER] de duoc ung tien ngay nhe! De tu choi nhan tin nhan soan TC gui [NUMBER].,0
COM_2677,3/8/2026,Ban la thue bao VIP cua MobiFone va co co hoi ung ngay [MONEY] dang danh cho ban. Tien ung va phi DV [MONEY] se duoc tru trong lan nap tien toi. Soan Y gui [NUMBER] ngay nhe!,0
COM_2678,3/8/2026,"Tai khoan chinh cua Quy Khach sap het. De nhan duoc [MONEY] vao tai khoan KM3 (su dung cac dich vu thoai & SMS trong nuoc), Quy khach vui long soan Y gui 988. Phi dich vu: [MONEY]. So tien da ung va phi se bi tru khi Quy khach nap tien hoac nhan chuyen tien. Tran trong cam on!",0
COM_2679,3/8/2026,"Tai khoan chinh cua ban sap het. Soan Y gui [NUMBER] de duoc nhan ngay [MONEY] va KHONG MAT PHI. Tien ung se duoc tru trong lan nap the tiep theo. So tien duoc cong vao tai khoan TK_AP2 va su dung trong [TIME]. Sau do, so tien da ho tro se het hieu luc va bi thu hoi neu chua su dung het. Tu choi nhan tin, soan TC gui [NUMBER]",0
COM_2680,3/8/2026,"Vui long nhap ma OTP 357459 de xac thuc. Vi ly do bao mat, ma OTP se het han sau [TIME]. Ban khong nen chia se ma OTP voi bat ky ai.",0
COM_2681,3/8/2026,"Vui long nhap ma OTP 829040 de xac thuc. Vi ly do bao mat, ma OTP se het han sau [TIME]. Ban khong nen chia se ma OTP voi bat ky ai.",0
COM_2682,3/8/2026,Nhap ma OTP 3543 de dang nhap ung dung The Golden Spoon. Ma xac nhan se co hieu luc trong vong [TIME].,0
COM_2683,3/8/2026,"[CGV Vietnam] ma xac minh cua ban: [NUMBER], se het han sau [TIME]. Vui long giu bao mat va KHONG chia se ma nay voi bat cu ai. UycAgqBH5TB",0
COM_2684,3/8/2026,"Hãy gọi tổng đài Quốc Gia Bảo Vệ Trẻ Em 111 để nhận tư vấn, hỗ trợ chăm sóc trẻ em đang phải cách ly do Covid - 19",0
COM_2685,3/8/2026,Người lớn hãy nhắc trẻ em hàng ngày về nguy cơ đuối nước. Cho trẻ em học bơi để ngừa đuối nước!,0
COM_2686,3/8/2026,"Pháp luật nghiêm cấm mọi hành vi xâm hại trẻ em. Hãy gọi ngay 111 để thông báo khi nghi vấn, phát hiện dấu hiệu, vụ việc xâm hại trẻ em!",0
COM_2687,3/8/2026,Quy khach dang su dung dich vu MCA mien phi. Thoi han su dung den [DATE]. De tiep tuc su dung dich vu soan DK MCA gui 333. Chi tiet L/H: [NUMBER]([MONEY]/p),0
COM_2688,3/8/2026,"(QC) Co hoi TRUNG 10 CAY VANG SCJ, xe may HONDA RSX khi soan DK gui 333 (mien phi ngay dau) de su dung DV Thong bao cuoc goi nho. Chi tiet tai mca.vinaphone.com.vn hoac goi [NUMBER] ([MONEY]). Sau KM [MONEY]/tuan. TCQC soan TC gui 333.",0
COM_2689,3/8/2026,"(QC) Su dung dich vu MCA (Thong bao cuoc goi nho) de biet ai lien lac voi ban khi tat may hoac ngoai vung phu song. Vui long soan DK gui 333 ([MONEY]/tuan). Tu 5/8-2/11, DK ngay nhan co hoi trung 10 Cay Vang SJC tu CTKM vangtraotay.vn. LH [NUMBER] (mien phi). TCQC soan TC gui 333.",0
COM_2690,3/8/2026,(QC) Su dung dich vu MCA (Thong bao cuoc goi nho) de biet ai lien lac voi ban khi tat may hoac ngoai vung phu song. Vui long soan DK gui 333 ([MONEY]/tuan). Chi tiet tai http://mca.vinaphone.com.vn hoac goi [NUMBER](mien phi). TCQC soan TC gui 333.,0
COM_2691,3/8/2026,"[TB] De dam bao an toan cho tai khoan ViettelPay, Quy khach vui long khong cung cap mat khau, ma OTP cho nguoi khac. Tran trong.",0
COM_2692,3/8/2026,"(GH) Thoi tiet TP HCM 26/1: Ngay nang, tu chieu mua vai noi, kha nang mua 45%, nhiet do 23-31oC, do am 75%. 
QK dang duoc cap nhat MIEN PHI ban tin Thoi tiet tu dv NNX. Chi tiet lien he [NUMBER] ([MONEY]/phut). Tran trong cam on!",0
COM_2693,3/8/2026,Tai khoan ViettelPay cua Quy khach da duoc cap nhat thong tin thanh cong len goi 2A. Hay bat dau trai nghiem dich vu voi cac tinh nang thanh toan tren ViettelPay. Chi tiet truy cap https://vt.viettelpay.vn/nt2. Cam on Quy khach!,0
COM_2694,3/8/2026,"Quy khach da dang ky thanh cong tai khoan ViettelPay goi 1, so tai khoan la: [NUMBER]. Truy cap https://vt.viettelpay.vn/dk2 de cap nhat thong tin ViettelPay va su dung cac tinh nang dich vu. Cam on Quy khach!",0
COM_2695,3/8/2026,"Nhap ma OTP 2722 de xac thuc dang ky tai khoan ViettelPay. Trong truong hop Quy khach khong yeu cau, vui long bo qua tin nhan nay.",0
COM_2696,3/8/2026,"Tầm [TIME] anh giao lại giùm em được không anh h nhà em khôg có ng nhận anh ơi
Ok. Có người nhà a hẹn [TIME] ạ",0
COM_2697,3/8/2026,[PUBG] mã: [NUMBER]. có hiệu lực cho [TIME].,0
COM_2698,3/8/2026,(QC VMA2)Ban co qua Nap Tien Dien Thoai trong Vi MoMo. Su dung ngay de nhan doi tiet kiem cung khuyen mai 20% Vinaphone hom nay. Bam bit.ly/appMoMo de dung ngay! Tu choi QC soan TC gui [NUMBER],0
COM_2699,3/8/2026,"(QC VMA2)Cuoi nam [NUMBER], MoMo tang ban 4 the qua tong [MONEY] Nap tien DT, Ve may bay... Mo Vi MoMo > 'UU DAI' > 'QUA CUA TOI' hoac bam http://bit.ly/appMoMo dung ngay! Tu choi QC soan TC gui [NUMBER]",0
COM_2700,3/8/2026,(TB) Chương trình CSKH thân thiết của VNPT: TẶNG 50% (tối đa [MONEY]) khi nạp tiền di động VinaPhone cho chính mình và thanh toán bằng ví VNPT Pay. Truy cập http://bit.ly/VNPTPAY_topup50VNP chọn 'Nạp điện thoại'. Chi tiết tại http://bit.ly/Vnptpay_topup50. LH [NUMBER] (#6).,0
COM_2701,3/8/2026,"Tài khoản của Quý khách sắp hết. Soạn: 
1 gửi [NUMBER] để ứng [TIME] nội mạng([MONEY]/p) 
2 gửi [NUMBER] để ứng [TIME] ngoại mạng([MONEY]/p) 
3 gửi [NUMBER] để ứng 30 Tin nhắn nội mạng([MONEY]/sms) 
Chi tiết LH [NUMBER].",0
COM_2702,3/8/2026,"[QC] Nhận 1GB tốc độ cao hoặc [MONEY] vào TKC khi soạn XN TTV gửi [NUMBER] đăng ký Thế giới nhạc và duy trì 2 ngày. Miễn phí ngày đầu, sau KM [MONEY]/ngày. Chi tiết LH [NUMBER]. Từ chối QC, soạn TC AN gửi [NUMBER]",0
COM_2703,3/8/2026,"[TB] Quy khach duoc TANG [MONEY] vao TKC va [TIME] MIEN PHI goi noi mang qua dau so [NUMBER], soan DKA gui [NUMBER] ([MONEY]) de nhan uu dai sau 5 ngay duy tri dv RadioVN, them co hoi trung 10 CAY VANG SJC tu CTKM vangtraotay.vn. Sau km [MONEY]/ngay. LH [NUMBER] ([MONEY]). Tu choi soan TC gui [NUMBER].",0
COM_2704,3/8/2026,"(QC) Vinaphone tang rieng QK [MONEY] vao TKC va [TIME] MIEN PHI goi noi mang, soan DKG gui [NUMBER] de nhan ngay HOM NAY. Tcqc:Tc gui [NUMBER] (sau KM [MONEY]/ngay)",0
COM_2705,3/8/2026,"(QC) +[MONEY] vao TKC cho TB [NUMBER], soan DKG gui [NUMBER] ([MONEY]) de nhan co hoi sau 5 ngay GHTC dv Mgame, them co hoi NHAN 10 CAY VANG SJC, xe may Honda RSX, sau km [MONEY]/ngay. LH [NUMBER] ([MONEY]) hoac tai vangtraotay.vn. TCQC: TC gui [NUMBER].",0
COM_2706,3/8/2026,"[QC] TANG [MONEY] vao TKC khi soan DKG gui [NUMBER]([MONEY]) ngay HOM NAY + co hoi DUY NHAT trung 10 CAY VANG SJC,3 xe may HONDA RSX. TC gui [NUMBER].Sau KM [MONEY]/ngay.",0
COM_2707,3/8/2026,"VINAPHONE TANG [MONEY] vao TKC cho [NUMBER] khi soan T gui [NUMBER]([MONEY]) NGAY hom nay de nhan TIEN + co hoi DUY NHAT trung 10 CAY VANG SJC, 3 Xe may HONDA RSX va XAI THOAI MAI 3G/4G MIEN PHI tu VINAPHONE, chi tiet tai http://vangtraotay.vn. L/H [NUMBER] ([MONEY]/p). Sau KM: [MONEY]/ngay. TCQC, soan TC gui [NUMBER]",0
COM_2708,3/8/2026,"(QC) TANG [MONEY] vao TKC cho Quy khach khi soan T gui [NUMBER]([MONEY]) sau 5 ngay GHTC dvu Cuoc dua tham do. Them co hoi TRUNG 10 CAY VANG SJC, 1 xe may Honda RSX tu CTKM vangtraotay.vn. LH [NUMBER]([MONEY]/ph). Sau KM [MONEY]/ngay. TCQC soan TC gui [NUMBER]",0
COM_2709,3/8/2026,"VINAPHONE TANG [MONEY] vao TKC cho [NUMBER] khi soan V gui [NUMBER]([MONEY]) ngay HOM NAY + co hoi DUY NHAT trung 10 CAY VANG SJC, 3 xe may HONDA RSX tu CT tai http://vangtraotay.vn + XAI 3G/4G MIEN PHI tu VINAPHONE. TCQC: TC gui [NUMBER]. Sau KM: [MONEY]/ngay. LH: [NUMBER] ([MONEY]/p).",0
COM_2710,3/8/2026,VINAPHONE TANG [MONEY] vao TKC khi soan V gui [NUMBER]([MONEY]) ngay HOM NAY de nhan TIEN + co hoi DUY NHAT trung 10 CAY VANG SJC tu VINAPHONE tai http://vangtraotay.vn. TCQC: TC gui [NUMBER]. Sau KM: [MONEY]/ngay. LH: [NUMBER] ([MONEY]/p).,0
COM_2711,3/8/2026,"(QC) Tang [MONEY] vao TKC khi soan V gui [NUMBER] ([MONEY]), them co hoi TRUNG 10 CAY VANG SJC tu CTKM cua VinaPhone tai http://vangtraotay.vn. Nhan tien sau 5 ngay duy tri dv Nu hoang quyen ru. Sau KM [MONEY]/ngay. LH [NUMBER] ([MONEY]/p). TCQC: TC gui [NUMBER]",0
COM_2712,3/8/2026,"VINAPHONE TANG [MONEY] vao TKC cho [NUMBER] khi soan V gui [NUMBER]([MONEY]) ngay HOM NAY de nhan TIEN va XAI MIEN PHI 3G/4G xem CLIP HOT va luot WEB + co hoi DUY NHAT trung 1 MACBOOK AIR [NUMBER], 1 APPLE WATCH S5, the cao [MONEY] tu VINAPHONE. TCQC soan TC gui [NUMBER]. Sau KM: [MONEY]/ngay.",0
COM_2713,3/8/2026,"(QC) NHAN NGAY [MONEY] khi soan DKV gui [NUMBER] ([MONEY]) sau 05 ngay duy tri dv mDoctor, them co hoi trung 10 CAY VANG SJC tu CTKM vangtraotay.vn. Sau KM [MONEY]/ngay. LH [NUMBER] ([MONEY]). TCQC soan TC gui [NUMBER].",0
COM_2714,3/8/2026,"(QC) Quy khach la So [NUMBER] da may man duoc MIEN PHI 100% 3G/4G. De nhan, Soan DK gui [NUMBER]([MONEY]) va luot web tha ga.Sau KM [MONEY]/ngay.TCQC,soan TC gui [NUMBER]",0
COM_2715,3/8/2026,"(QC) MIEN PHI 4G cho TB [NUMBER] xem clip hot tai http://sclip.vn, them co hoi TRUNG 10 CAY VANG SCJ khi soan DK1 gui [NUMBER] ([MONEY]) tu CTKM cua VINAPHONE tai vangtraotay.vn. Sau KM [MONEY]/ngay. LH [NUMBER]([MONEY]). TCQC soan TC gui [NUMBER].",0
COM_2716,3/8/2026,"(QC) Quy khach la So [NUMBER] da may man duoc MIEN PHI 100% 3G/4G. De nhan, Soan DK gui [NUMBER]([MONEY]) va luot web tha ga.Sau KM [MONEY]/ngay.TCQC,soan TC gui [NUMBER]",0
COM_2717,3/8/2026,"(QC) CHAN 100% QUANG CAO khi luot web bang 3G/4G, de duoc ho tro soan ngay DK AB gui [NUMBER] (MIEN PHI hom nay). Sau KM [MONEY]/ngay. Truy cap adsblock.vn. TC soan TC gui [NUMBER]",0
COM_2718,3/8/2026,"(QC) HOT: CHAN 100% QUANG CAO va MIEN PHI 100% DUNG LUONG 3G/4G tai http://adsblock.vn. De nhan, soan DK AB gui [NUMBER] ([MONEY]). Sau KM [MONEY]/ngay. LH [NUMBER] ([MONEY]/p). TCQC soan TC gui [NUMBER]",0
COM_2719,3/8/2026,(QC) CANH BAO 100% CAC CUOC GOI RAC gay phien phuc. Moi soan C1 gui [NUMBER] de trai nghiem MIEN PHI ngay HOM NAY. Sau KM [MONEY]/ngay. LH [NUMBER] ([MONEY]). TCQC soan TC gui [NUMBER].,0
COM_2720,3/8/2026,(QC) CHAN NGAY cac cuoc goi phien phuc khi soan CB7 gui [NUMBER] ([MONEY]). MIEN PHI NGAY DAU trai nghiem. Sau KM [MONEY]/tuan. LH [NUMBER] ([MONEY]/p). TCQC soan TC gui [NUMBER],0
COM_2721,3/8/2026,"(QC) Ban dang bi lam phien, Call Blocking VinaPhone se giup ban. Moi soan CM7 gui [NUMBER] de chan cac cuoc goi khong mong muon. Ban duoc MIEN PHI HOAN TOAN 01 NGAY su dung. Sau KM, [MONEY]/tuan. TCQC soan TC gui [NUMBER].",0
COM_2722,3/8/2026,"[QC] Thue bao [NUMBER] duoc tang [MONEY] vao TKC khi soan DK gui [NUMBER] ([MONEY]) khi duy tri 5 ngay dv Lang sao, them co hoi SO HUU 10 cay vang SJC tu CTKM vangtraotay.vn. LH [NUMBER] ([MONEY]). Sau KM [MONEY]/ngay. TCQC soan TC gui [NUMBER].",0
COM_2723,3/8/2026,(QC) +[MONEY] vao TKC khi soan DK gui [NUMBER] ([MONEY]) tham gia vong quay may man. Chi tiet:http://vangtraotay.vn. Sau km [MONEY]/ngay. TCQC soan TC gui [NUMBER].,0
COM_2724,3/8/2026,"(QC) Nhan ngay [MONEY] vao TKC khi soan: DK gui [NUMBER]([MONEY]) sau 05 ngay GHTC,them co hoi TRUNG 10 CAY VANG SJC.Sau KM [MONEY]/ngay.TCQC soan TC gui [NUMBER].",0
COM_2725,3/8/2026,"(QC) QK MAY MAN DUOC +[MONEY] vao TKC soan: DK gui [NUMBER]([MONEY]) cung co hoi TRUNG 10 CAY VANG SJC, xe may Honda RSX. Sau KM [MONEY]/ngay. Tu choi:TC gui [NUMBER]",0
COM_2726,3/8/2026,"(QC) TANG 500MB vao TK data cho TB [NUMBER] khi soan OK gui [NUMBER] ([MONEY]) sau 5 ngay duy tri dv 2Xu, them co hoi TRUNG 10 CAY VANG SJC, xe may Honda RSX tu CTKM vangtraotay.vn. Sau KM [MONEY]/ngay. LH [NUMBER] ([MONEY]). TCQC: TC gui [NUMBER].",0
COM_2727,3/8/2026,"[QC] TANG co hoi 500MB vao TK data 3G/4G cho TB [NUMBER] khi Soan OK gui [NUMBER] ([MONEY]) sau 5 ngay GHTC. Them co hoi TRUNG 10 CAY VANG SJC,01 xe may Honda RSX.Sau KM,[MONEY]/ngay. Tuchoi, soan TC gui [NUMBER].LH [NUMBER]([MONEY]) hoac tai http://vangtraotay.vn",0
COM_2728,3/8/2026,(QC) Co hoi trung 10 CAY VANG SJC va +500MB vao TK DATA cua TB [NUMBER] khi soan OK gui [NUMBER] ([MONEY]) sau 5 ngay GHTC DV 2Xu tu CTKM tai vangtraotay.vn. Sau km [MONEY]/ngay. LH [NUMBER] ([MONEY]). TCQC: TC gui [NUMBER],0
COM_2729,3/8/2026,"[QC] Nhan ngay [MONEY] vao TKC khi soan A gui [NUMBER] ([MONEY]) de XEM TU VI TRON DOI tai infoplus.vn va co hoi TRUNG 10 CAY VANG SJC tu CTKM vangtraotay.vn, +TIEN sau 5 ngay GHTC. Sau KM [MONEY]/ngay. LH [NUMBER] ([MONEY]). TCQC soan TC gui [NUMBER].",0
COM_2730,3/8/2026,(QC) TANG [MONEY] vao TKC cho Thue bao [NUMBER] khi soan A gui [NUMBER] ([MONEY]) sau 5 ngay duy tri dv Suc khoe hot va them co hoi so huu 10 CAY VANG SJC tu CTKM cua VinaPhone tai vangtraotay.vn chi voi [MONEY]/ngay sau km. LH [NUMBER] (mien phi). TCQC: TC gui [NUMBER]\,0
COM_2731,3/8/2026,Quý Khách nhận được lời nhắn thoại từ [NUMBER]. Để nghe lại vui lòng gọi: [NUMBER] (Giá cước: [MONEY]). Chi tiết gọi [NUMBER] (mien phi).,0
COM_2732,3/8/2026,(QC) Soan ngay DK gui [NUMBER] ([MONEY]) de nghe nhac theo cach rieng minh khi goi dien thoai. MIEN CUOC 3G/4G tai mytunes.vn. Sau KM [MONEY]/tuan. LH [NUMBER] ([MONEY]). TCQC soan TC gui [NUMBER].,0
COM_2733,3/8/2026,"(QC) Khong can WIFI, MIEN PHI 1OO% 3G/4G khi soan DK gui [NUMBER] de cai nhac cho CHO NGUOI GOI tai http://mytunes.vn ([MONEY]). Sau KM [MONEY]/tuan. Tu choi QC, soan TC gui [NUMBER]",0
COM_2734,3/8/2026,(QC) +[MONEY] vao TKC cho TB [NUMBER] khi soan: OK gui [NUMBER] ([MONEY]) Tham gia vong quay may man. Chi tiet cuasotinhyeu.net.vn.Sau km [MONEY]/ngay. TCQC TC gui [NUMBER],0
COM_2735,3/8/2026,"(QC) Nhan ngay 500MB data khi soan OK gui [NUMBER] ([MONEY]) sau 05 ngay GHTC, chi tiet cuasotinhyeu.net.vn. Sau km [MONEY]/ngay. LH [NUMBER] (cuoc co dinh). TCQC soan TC gui [NUMBER]",0
COM_2736,3/8/2026,(QC) TANG [MONEY] vao TKC cho TB [NUMBER]. Soan: OK gui [NUMBER] ([MONEY]) de nhan Tien + co hoi Trung 10 CAY VANG SJC va xe may HONDA RSX. Saukm [MONEY]/ngay. TCQC TC gui [NUMBER],0
COM_2737,3/8/2026,"(QC)TB [NUMBER] duoc +5OO.OOOd vao TKC Soan: DKBD gui [NUMBER] (Od) khi tham gia Vong quay may man tu CTKM cua dv BONGDAPLUS + co hoi TRUNG 10 CAY VANG SJC, 3 XE MAY HONDA RSX chi tiet tai http://vangtraotay.vn. LH [NUMBER] ([MONEY]/phut). Sau KM [MONEY]/ngay. TCQC: TC gui [NUMBER].",0
COM_2738,3/8/2026,Tin nhan sai cu phap. Chi tiet vui long lien he [NUMBER].[NUMBER] ([MONEY]/phut). Tran trong cam on.,0
COM_2739,3/8/2026,"(QC) Soan DKBD gui [NUMBER] ([MONEY]) de +[MONEY] vao TKC, them co hoi trung 10 CAY VANG SJC, xe may Honda RSX sau 5 lan GHTC DV BONGDAPLUS, chi tiet vangtraotay.vn. Sau KM [MONEY]/ngay. LH [NUMBER] ([MONEY]/ph). TCQC soan TC gui [NUMBER].",0
COM_2740,3/8/2026,(QC) Anh/chi nao su dung mang VinaPhone soan DK gui [NUMBER] de huong 200MB data va dung 4G mphi 100% nhe. Chi ap dung sau 5 ngay GHDV. Tuchoi TC gui [NUMBER],0
COM_2741,3/8/2026,"(QC) Quy khach soan DK gui [NUMBER] ([MONEY]) de huong 4G MIEN PHI 100% nhe. Luot web tha ga tai ocbm.runmobi.vn. Sau KM [MONEY]/ngay. TCQC, soan TC gui [NUMBER]",0
COM_2742,3/8/2026,"(QC) Co hoi + [MONEY], [MONEY] vao TKC tu CTKM vangtraotay.vn. Soan DK gui [NUMBER] ([MONEY]) de nhan va duoc MIEN PHI 3G/4G va 01 ngay su dung cho QK NGHE va TAI nhac cho HOT tai ringtunes.vn. Sau KM [MONEY]/tuan. LH [NUMBER] ([MONEY]). TCQC soan TC gui [NUMBER].",0
COM_2743,3/8/2026,(QC) Soan DK1 gui [NUMBER] ([MONEY]) de nhan [MONEY] vao TKC khi tai Nhac Cho va GHTC 07 ngay dv RingTunes.vn. Sau KM [MONEY]/ngay. TCQC soan TC gui [NUMBER].,0
COM_2744,3/8/2026,(QC) TANG [MONEY] vao TKC cho TB [NUMBER]. Soan: DK gui [NUMBER] ([MONEY]) de nhan Tien va co hoi Trung 10 cay vang SJC va xe may HONDA RSX. Saukm [MONEY]/ngay.TCQC TC gui [NUMBER],0
COM_2745,3/8/2026,Ban da nhan sai cu phap. Vui long kiem tra lai ma so tren lop phu cao hoac goi ve so dien thoai (08) [NUMBER] [NUMBER] de duoc tu van.,0
COM_2746,3/8/2026,Chuc mung ban da mua dung san pham cua thuong hieu APESTOMEN. De biet them thong tin chi tiet quy khach vui long truy cap website www.apestomen.com.vn,0
COM_2747,3/8/2026,"(QC VMA2)Ban duoc NH Phuong Dong (OCB-COMB) ho tro vay den [MONEY] VND, tra gop tu [MONEY]/thang. Dong y, soan CB2 gui [NUMBER] (M.phi). Tu choi, soan TC gui [NUMBER]",0
COM_2748,3/8/2026,"NHAN NGAY 1GB data toc do cao. Soan DK D5 gui [NUMBER] chi voi [MONEY]/ngay. De tu choi nhan tin, Quy khach soan TC gui [NUMBER]. Chi tiet xin vui long lien he tong dai [NUMBER] (Mien phi).",0
COM_2749,3/8/2026,(QC)TANG [MONEY] cho TB [NUMBER] khi Soan OK gui [NUMBER] ([MONEY]). Nhan tien sau 5 ngay GHTC DV. TANG FREE 100% 3G/4G tai Sao247.vn. Sau km [MONEY]/ngay.TCQC:TC gui [NUMBER],0
COM_2750,3/8/2026,"QK duoc +[MONEY] vao TKC de lien lac noi mang, ngoai mang, khong gioi han thoi gian su dung khi soan: LX gui [NUMBER] ([MONEY]) ngay HOM NAY nhan co hoi. LH [NUMBER]",0
COM_2751,3/8/2026,"(QC) TANG NGAY [MONEY] vao TKC sau 05 ngay GHTC dv Giaitribox va co hoi so huu 10 CAY VANG SJC khi soan KM gui [NUMBER] ([MONEY]), chi tiet http://vangtraotay.vn. Sau km [NUMBER]/ngay. LH [NUMBER] ([MONEY]/p). TCQC soan TC gui [NUMBER].",0
COM_2752,3/8/2026,(QC) Chuc mung TB [NUMBER] may man duoc MIEN PHI su dung 4G VINAPHONE TOC DO CAO khi soan KM gui [NUMBER] ([MONEY]) trai nghiem giaitribox.vn. LH [NUMBER],0
COM_2753,3/8/2026,(QC) Chuong trinh tri an KH: +[MONEY] vao TKC cho TB VINAPHONE [NUMBER] khi soan KM gui [NUMBER] (mien phi) de nhan co hoi tu giaitribox.vn. LH [NUMBER],0
COM_2754,3/8/2026,"(QC)TANG 500MB 4G TOC DO CAO vao TK cho TB [NUMBER]. Soan: D3 gui [NUMBER] ([MONEY]) de nhan 4G MIEN PHI va co hoi Trung 10 CAY VANG SJC, 3 xe may HONDA RSX tu CTKM Big promotion tai website vangtraotay.vn/ ,sau km [MONEY]/ngay.TCQC TC gui [NUMBER],LH [NUMBER]
",0
COM_2755,3/8/2026,[MONEY] vao TK CHINH cho QK [NUMBER] khi soan: DK gui [NUMBER] ([MONEY]) de nhan KHUYEN MAI tu VinaPhone voi 5 ngay GHTC. Chi tiet tai vangtraotay.vn. LH [NUMBER],0
COM_2756,3/8/2026,UU DAI DAC BIET: Cong truc tiep [MONEY] vao TK CHINH cho QK [NUMBER] de goi/sms tat ca cac mang khi soan KM gui [NUMBER] ([MONEY]) nhan co hoi tu dv. LH [NUMBER],0
COM_2757,3/8/2026,"QK duoc +[MONEY] vao TKC de lien lac noi mang, ngoai mang, khong gioi han thoi gian su dung khi soan: KM gui [NUMBER] ([MONEY]) ngay HOM NAY nhan co hoi. LH [NUMBER]",0
COM_2758,3/8/2026,NGAY VANG VINAPHONE: TANG [MONEY] vao TKC khi QK soan: KM gui [NUMBER] ([MONEY]) ngay HOM NAY (25/07) de nhan co hoi. Tien KM de goi/sms tat ca cac mang. LH [NUMBER],0
COM_2759,3/8/2026,KHUYEN MAI THANG 6: +[MONEY] vao TKC cho [NUMBER] de goi dien va sms (tat ca cac mang) khi soan KM gui [NUMBER] ([MONEY]) nhan co hoi. LH [NUMBER],0
COM_2760,3/8/2026,KHUYEN MAI NGAY VANG 30/5: +[MONEY] vao TKC cho [NUMBER] de goi dien va sms (tat ca cac mang) khi soan KM gui [NUMBER] ([MONEY]) nhan co hoi. LH [NUMBER],0
COM_2761,3/8/2026,"(QC) Ngay hom nay 18/5, tang the cao [MONEY] cho TB VINAPHONE [NUMBER] soan NAP gui [NUMBER] ([MONEY]) de nhan co hoi tu tinnhanh24.vn. LH [NUMBER]",0
COM_2762,3/8/2026,"(QC VMA2) Quy khach du dieu kien vay tien mat len toi [MONEY] VND voi LAI SUAT UU DAI. Dong y, soan VP1 gui [NUMBER] (mien phi). Tu choi, soan BL gui [NUMBER]",0
COM_2763,3/8/2026,(QC) Soan C gui [NUMBER] ([MONEY]) de nhan thong tin moi cuoc goi tiep theo. Sau KM cuoc sieu uu dai chi [MONEY]/ngay. Chi tiet LH [NUMBER] (mien phi). TCQC soan TC gui [NUMBER].,0
COM_2764,3/8/2026,"(QC) Soan C gui [NUMBER] ([MONEY]) de biet ngay thoi luong va so tien cuoc thoai sau moi cuoc goi. Cuoc sieu uu dai chi [MONEY]/ngay. Tu choi nhan tin, soan TC gui [NUMBER].",0
COM_2765,3/8/2026,(QC) TANG [MONEY] vao TKC khi soan V gui [NUMBER]([MONEY]) ngay HOM NAY de nhan TIEN + co hoi DUY NHAT trung 10 CAY VANG SJC tu chuong trinh tai http://vangtraotay.vn. TCQC: TC gui [NUMBER]. Sau KM: [MONEY]/ngay. LH: [NUMBER] ([MONEY]/p).,0
COM_2766,3/8/2026,"(QC) Tang ngay [MONEY] vao TKC khi soan V gui [NUMBER] ([MONEY]) sau 5 ngay GHTC dv Nap tien rinh qua, them co hoi TRUNG 10 CAY VANG SJC tu CTKM cua VinaPhone tai vangtraotay.vn. Sau KM [MONEY]/ngay. LH [NUMBER] ([MONEY]/p). TCQC soan TC gui [NUMBER].",0
COM_2767,3/8/2026,"<#> [NUMBER] la mat khau (OTP) de dang ky tai khoan cua ban. Khong chia se mat khau nay cho bat ky ai, ngay ca voi Gojek http://gojek.com/safety 4PKeZqV9ubl",0
COM_2768,3/8/2026,"Ma OTP la 3972. Day la mat khau cua ban de DANG KY GO-VIET. Vi ly do bao mat, dung bao gio chia se mat khau nay.",0
COM_2769,3/8/2026,Your Pizza Hut verification code is [NUMBER],0
COM_2770,3/8/2026,"(QC) Soan DK TH gui [NUMBER] de duoc mien 100% data 3G/4G TOC DO CAO, CT danh rieng cho TB [NUMBER] tu v.M14.vn. Cuoc sau KM [MONEY]/ngay.Tu choi: tc gui [NUMBER]",0
COM_2771,3/8/2026,"[QC] Tang [MONEY] vao TKC cho TB [NUMBER] khi soan: OK gui [NUMBER] ([MONEY]) va co CO HOI TRUNG NGAY [MONEY], MIEN PHI 100% 3G/4G TOC DO CAO su dung tai http://tyvn.vmobile.com.vn, nhan tien sau 5 ngay GHTC. Sau KM [MONEY]/ngay. TCQC: TC gui [NUMBER]",0
COM_2772,3/8/2026,"(QC) Soan DKV gui [NUMBER] ([MONEY]) tang ban MIEN PHI 100% 3G/4G khi su dung dv v-care.vn, hoan toan mien phi [TIME] su dung dich vu. Sau km [MONEY]/ngay, tcqc: Tc gui [NUMBER]",0
COM_2773,3/8/2026,"(QC) TB [NUMBER] duoc mien 100% data 3G/4G TOC DO CAO, De nhan soan DK VTV gui [NUMBER] ([MONEY]) va su dung tai http://playbox.com.vn. Cuoc sau KM [MONEY]/ngay. Tu choi: TC gui [NUMBER]",0
COM_2774,3/8/2026,"(QC) TB [NUMBER] duoc mien 100% data 3G/4G TOC DO CAO, De nhan soan DK VTV gui [NUMBER] ([MONEY]) va luot web playbox.com.vn. Cuoc sau KM [MONEY]/ngay. Tu choi: TC gui [NUMBER]",0
COM_2775,3/8/2026,"(QC)Quy khach dang su dung mang 4G soan L6 gui [NUMBER] de nhan 4G MIEN PHI 100% nhe, web http://gsol.vn/hlv Sau KM [MONEY]/ngay. TCQC, soan TC gui [NUMBER], LH [NUMBER]",0
COM_2776,3/8/2026,"(QC)Quy khach [NUMBER] duoc huong MIEN PHI 1OO% 3G/4G toc do cao De nhan soan: L6 gui [NUMBER] truy cap http://gsol.vn/hlv Sau KM [MONEY]/ngay.TCQC TC gui [NUMBER],LH [NUMBER]",0
COM_2777,3/8/2026,(QC) QUY KHACH [NUMBER] soan CS gui [NUMBER] ([MONEY]) de nhan ngay MIEN PHI 1OO% 3G/4G TOC DO CAO. Trai nghiem histar.ansovang.vn. Sau km [MONEY]/ngay.TCQC:TC gui [NUMBER],0
COM_2778,3/8/2026,"QK duoc +[MONEY] vao TKC de lien lac noi mang, ngoai mang, khong gioi han thoi gian su dung khi soan: KM gui [NUMBER] ([MONEY]) ngay HOM NAY nhan co hoi. LH [NUMBER]",0
COM_2779,3/8/2026,Chuong trinh Tri an KH VinaPhone: +[MONEY] vao TKC cho QK [NUMBER] de goi/sms tat ca cac mang khi soan LX gui [NUMBER] ([MONEY]) HOM NAY nhan co hoi. LH [NUMBER],0
COM_2780,3/8/2026,"(QC) QUA TANG TRI AN THANG 6: +[MONEY] vao TKC TB [NUMBER], soan KM gui [NUMBER] ([MONEY]) de nhan co hoi cong tien tai http://tnviet.vn. Sau km [MONEY]/ngay. LH [NUMBER] ([MONEY]/ph). TCQC soan TC gui [NUMBER].",0
COM_2781,3/8/2026,(QC) KHUYEN MAI THANG 5: MIEN PHI su dung 4G TOC DO CAO cho Quy khach soan KM gui [NUMBER] ([MONEY]) de trai nghiem dich vu tai http://tnviet.vn. Sau KM [MONEY]/ngay. LH [NUMBER] ([MONEY]/phut). TCQC soan TC gui [NUMBER],0
COM_2782,3/8/2026,"Dịch bệnh Covid-19 diễn biến phức tạp. Bộ TT&TT và Bộ Y tế đề nghị tất cả người dân có máy điện thoại thông minh cài đặt ứng dụng phát hiện tiếp xúc gần Bluezone. Ứng dụng sẽ cảnh báo nguy cơ lây nhiễm COVID-19, giúp bảo vệ bản thân và gia đình. Cài đặt ngay tại https://bluezone.gov.vn/taiapp",0
COM_2783,3/8/2026,Ma dang ky cua ban la [NUMBER],0
COM_2784,3/8/2026,QK duoc tang MIEN PHI DATA su dung tren ha tang 3G/4G VINAPHONE khi soan DK gui [NUMBER] ([MONEY]) de nhan uu dai va trai nghiem dich vu ngay HOM NAY. LH [NUMBER],0
COM_2785,3/8/2026,(QC) KHUYEN MAI THANG 5: Tang MIEN PHI su dung 4G TOC DO CAO cho TB [NUMBER] soan VIP gui [NUMBER] ([MONEY]) trai nghiem tai http://v.fzone.vn. Sau KM [MONEY]/ngay. LH [NUMBER] ([MONEY]/phut). TCQC soan TC gui [NUMBER],0
COM_2786,3/8/2026,(QC) Chuc mung TB [NUMBER] may man duoc MIEN PHI su dung 4G VINAPHONE TOC DO CAO khi soan DK gui [NUMBER] ([MONEY]) trai nghiem v.fzone.vn. LH [NUMBER],0
COM_2787,3/8/2026,"(QC) Chuc mung TB [NUMBER] duoc huong Mien phi 100% Data 3G/4G toc do cao. Soan: DK1 gui [NUMBER] de nhan khuyen mai. de trai nghiem dv http://funclip.vn mien Phi su dung dich vu ngay dau, sau km [MONEY]/ngay TCQC soan TC gui [NUMBER]",0
COM_2788,3/8/2026,"(QC) Mien Phi su dung Data 3G/4G khi soan: DK1 gui [NUMBER], de trai nghiem dv http://funclip.vn. Mien Phi su dung dich vu ngay dau, sau khuyen mai [MONEY]/ngay. TCQC soan TC gui [NUMBER]",0
COM_2789,3/8/2026,(QC)Chuc Mung! Soan DK gui [NUMBER] ([MONEY]) de nhan MIEN PHI 1OO% 3G/4G TocDoCao.Chi 1 tin nhan->Luot web tha ga phaimanhplus.vn. Sau km3000d/ngay.TuChoi>TC gui9855,0
COM_2790,3/8/2026,(QC)ChucMung Quy Khach duoc nhan MIEN PHI 1OO% 3G/4G->Soan: TK gui [NUMBER] ([MONEY]) de nhan thuong. Luot web tha ga tai xosophatloc.vn.Saukm3000d/ngay.TCQC>TC gui9855,0
COM_2791,3/8/2026,"(QC) Soan DK gui [NUMBER] ([MONEY]) tang ban MIEN PHI 100% 3G/4G khi su dung dv v-sky.vn, hoan toan mien phi [TIME] su dung dich vu. Sau km [MONEY]/ngay, tcqc: Tc gui [NUMBER]",0
COM_2792,3/8/2026,(QC) Quy Khach [NUMBER] duoc huong Mien phi 100% 3G/4G toc do cao. Soan: DK gui [NUMBER] ([MONEY]) de nhan. Truy cap dv gameshow.saukm [MONEY]/ngay.TC gui [NUMBER],0
COM_2793,3/8/2026,(QC) Quy Khach [NUMBER] duoc huong Mien phi 100% 3G/4G cua Vinaphone. De nhan soan: DK gui [NUMBER] ([MONEY]). Truy cap gameshows.vn.sau km [MONEY]/ngay.TCQC TC gui [NUMBER],0
COM_2794,3/8/2026,"(QC) Quy khach soan DKV gui [NUMBER] de huong 4G mien phi 100% nhe. Luot web tha ga vcolour.vn. Sau KM [MONEY]/ngay. TCQC,soan TC gui [NUMBER]",0
COM_2795,3/8/2026,(QC) MIEN PHI CUOC 3G/4G cho Quy khach khi soan DK gui [NUMBER] ([MONEY]) de dang ky va trai nghiem dich vu tai http://englishnow.vn. Sau KM [MONEY]/ngay. LH [NUMBER] (cuoc di dong). TCQC soan TC gui [NUMBER].,0
COM_2796,3/8/2026,"(QC) Quy khach soan DKS gui [NUMBER] ([MONEY]) de huong 4G mien phi 100% nhe. Luot web tha ga tai m2life.vn. Sau KM [MONEY]/ngay. TCQC, soan TC gui [NUMBER]",0
COM_2797,3/8/2026,Chuong trinh Tri an KH VinaPhone: +[MONEY] vao TKC cho QK [NUMBER] de goi/sms tat ca cac mang khi soan MT gui [NUMBER] ([MONEY]) HOM NAY nhan co hoi. LH [NUMBER],0
COM_2798,3/8/2026,"QK duoc +[MONEY] vao TKC de lien lac noi mang, ngoai mang, khong gioi han thoi gian su dung khi soan: MT gui [NUMBER] ([MONEY]) ngay HOM NAY nhan co hoi. LH [NUMBER]",0
COM_2799,3/8/2026,"TANG [MONEY] vao TKC TB [NUMBER] lien lac noi mang, ngoai mang, khong gioi han thoi gian su dung khi soan MT gui [NUMBER] ([MONEY]) HOM NAY nhan co hoi. LH [NUMBER]",0
COM_2800,3/8/2026,NGAY VANG VINA: TANG [MONEY] vao TKC khi QK soan U gui [NUMBER] ([MONEY]) HOM NAY (27/07) nhan co hoi.Tien KM goi/sms tat ca cac mang. Sau km [MONEY]/ngay.LH [NUMBER],0
COM_2801,3/8/2026,Chuong trinh Tri an KH VinaPhone: +[MONEY] vao TKC cho QK [NUMBER] de goi/sms tat ca cac mang khi soan U gui [NUMBER] ([MONEY]) HOM NAY nhan co hoi. LH [NUMBER],0
COM_2802,3/8/2026,(QC) KHUYEN MAI THANG 3: +[MONEY] vao TKC cho TB [NUMBER] de goi dien va nhan tin (tat ca cac mang) khi soan U gui [NUMBER] ([MONEY]) nhan co hoi. LH [NUMBER],0
COM_2803,3/8/2026,(QC) KHUYEN MAI THANG 2: MIEN PHI su dung 4G TOC DO CAO cho TB [NUMBER] Soan U gui [NUMBER] ([MONEY]) de trai nghiem dich vu. LH [NUMBER],0
COM_2804,3/8/2026,"(QC) Soan IS gui [NUMBER] ([MONEY]) tang ban MIEN PHI 100% 3G/4G khi su dung dv isport.vn, hoan toan mien phi [TIME] su dung dich vu. Sau km [MONEY]/ngay, tcqc: Tc gui [NUMBER]",0
COM_2805,3/8/2026,"(QC)Sieu KM Thang 7:MIEN PHI 1OO% 3G/4G TOC DO CAO, Soan VD gui [NUMBER] ([MONEY]) xem thoa thic tai http://boxphim.vn. TCQC soan TC gui [NUMBER], sau km [MONEY]/ngay.",0
COM_2806,3/8/2026,VINAPHONE TANG [MONEY] vao TKC cho [NUMBER] khi soan S gui [NUMBER]([MONEY]) ngay HOM NAY de duoc cong TIEN va XAI THOAI MAI 3G/4G MIEN PHI 100% xem cac CLIP HOT NHAT SHOWBIZ+ co hoi DUY NHAT trung [MONEY] TIEN MAT va 01 IPHONE 11 tu VINAPHONE. LH [NUMBER]([MONEY]/p). Sau KM [MONEY]/ngay. TCQC: TC gui [NUMBER].,0
COM_2807,3/8/2026,(QC) Anh/chi nao su dung mang VinaPhone soan FA gui [NUMBER] de nhan [MONEY] vao TKC va dung 4G mphi 100% nhe. LH [NUMBER](Cuoc co dinh). Tuchoi TC gui [NUMBER].,0
COM_2808,3/8/2026,(QC) Soan CS gui [NUMBER] ([MONEY]) de duoc MIEN PHI 100% DATA 3G/4G trai nghiem Y Te Viet.Chuong trinh chi ap dung cho TB [NUMBER].Sau km: [MONEY]/ngay.TCQC: TC gui [NUMBER],0
COM_2809,3/8/2026,(QC) BI MAT THANG 6: MIEN PHI 100% DATA 3G/4G> soan CS gui [NUMBER] ([MONEY]) trai nghiem Y Te Viet.CT chi ap dung cho TB nhan duoc tin. Sau km [MONEY]/ngay.TCQC:TC gui [NUMBER],0
COM_2810,3/8/2026,"(QC) Quy khach soan DKG gui [NUMBER] de huong 4G mien phi 100% nhe. Luot web tha ga tai fungame.vn. Sau KM [MONEY]/ngay. TCQC, soan TC gui [NUMBER]",0
COM_2811,3/8/2026,"(QC)Khong can wifi,MIEN PHI HOAN TOAN 3G/4G TOC DO CAO danh cho TB [NUMBER]khi soan: A gui [NUMBER] trai nghiem tai http://dvhay.vn/thegioisao.TCQC: Soan TC gui [NUMBER]",0
COM_2812,3/8/2026,"(QC)Khong can WIFI, MIEN PHI 1OO% 3G/4G cho TB [NUMBER] . Soan SS gui [NUMBER] trai nghiem Phim+ ustation.vn ([MONEY]). Sau km [MONEY]/ngay. LH [NUMBER]",0
COM_2813,3/8/2026,(QC)Anh/chi nao su dung mang VinaPhone soan 4G gui [NUMBER] de CONG [MONEY] vao TKC va dung 4G MIENPHI 100% nhe. LH [NUMBER](Cuoc co dinh).,0
COM_2814,3/8/2026,(QC) Chuc mung Quy khach duoc huong MIEN PHI 1OO% 3G/4G TOC DO CAO tai http://bongdahot.vn khi soan DK 3G gui [NUMBER] ([MONEY]). Sau km [MONEY]/ngay. TCQC soan TC gui [NUMBER].,0
COM_2815,3/8/2026,(QC) TANG [MONEY] vao TKC cho TB [NUMBER]. Soan: OK gui [NUMBER] ([MONEY]) de nhan co hoi NAP TIEN tu dv Vmobi. Sau km [MONEY]/ngay.TCQC TC gui [NUMBER],0
COM_2816,3/8/2026,"(QC) Quy khach [NUMBER] duoc huong Mien phi 1OO% 3G/4G toc do cao. De nhan soan: OK gui [NUMBER] ([MONEY]). Truy cap Vmobi,saukm [MONEY]/ngay.TCQC TC gui [NUMBER]",0
COM_2817,3/8/2026,(QC) Soan H gui [NUMBER] ([MONEY]) de duoc MIEN PHI 100% DATA 3G/4G tai cuchot.vn/mh.Khuyen mai chi ap dung cho TB [NUMBER].Sau km: [MONEY]/ngay.TCQC: TC gui [NUMBER],0
COM_2818,3/8/2026,(QC) KHUYEN MAI CHI AP DUNG CHO TB [NUMBER]: Soan H gui [NUMBER] ([MONEY]) de duoc MIEN PHI 100% DATA 3G/4G tai cuchot.vn/mh .Sau km:[MONEY]/ngay.TCQC: tc gui [NUMBER],0
COM_2819,3/8/2026,(QC) QUA TANG THANG 5! Soan H gui [NUMBER] ([MONEY]) de duoc MIEN PHI 100% DATA 3G/4G tai www.cuchot.vn/mh Ap dung cho TB nhan duoc tin.Sau km:[MONEY]/ngay.TCQC: tc gui [NUMBER],0
COM_2820,3/8/2026,"(QC) Quy khach soan DK P1 gui [NUMBER] ([MONEY]) de huong 4G MIEN PHI 100% nhe. Luot web tha ga tai vipdata.vn. Sau KM [MONEY]/ngay. TCQC, soan TC gui [NUMBER]",0
COM_2821,3/8/2026,"(QC)Quy khach da may man duoc MIEN PHI 100% 3G/4G. De nhan, Soan DK P1 gui [NUMBER] ([MONEY]) va luot web tha ga tai vipdata.vn. SauKM [MONEY]/ngay. TCQC,soan TC gui [NUMBER]",0
COM_2822,3/8/2026,"(QC)Quy khach dang su dung mang 4G soan DK1 gui [NUMBER] de dung 4G MIEN PHI 100% nhe. Web http://attp.vn, sau KM [MONEY]/ngay.TCQC TC gui [NUMBER]. LH [NUMBER]",0
COM_2823,3/8/2026,"(QC)Quy khach soan DK1 gui [NUMBER] de huong 4G mien phi 100% tai attp.vn. Sau KM [MONEY]/ngay. TCQC, soan TC gui [NUMBER], LH [NUMBER]",0
COM_2824,3/8/2026,(QC)SIEU KHUYEN MAI! Soan DK1 gui [NUMBER] ([MONEY]) de NHAN MIEN PHI 100% 3G/4G TOC DO CAO cho TB [NUMBER] tai attp.vn Sau km [MONEY]/ngay.TCQC:TC gui [NUMBER]. LH [NUMBER],0
COM_2825,3/8/2026,"KHUYEN MAI THANG 7 cho KH VINAPHONE: QK duoc tang MIEN PHI cuoc su dung 3G/4G, tha ga luot web khi soan DK gui [NUMBER] ([MONEY]) de trai nghiem dich vu. LH [NUMBER]",0
COM_2826,3/8/2026,(QC) Chuc mung TB [NUMBER] may man duoc MIEN PHI su dung 4G VINAPHONE TOC DO CAO khi soan DK gui [NUMBER] ([MONEY]) trai nghiem v.hayxem.vn . LH [NUMBER],0
COM_2827,3/8/2026,(QC) KHUYEN MAI THANG 4: Tang MIEN PHI su dung 4G VINAPHONE TOC DO CAO cho TB [NUMBER] soan DK gui [NUMBER] ([MONEY]) trai nghiem v.hayxem.vn. LH [NUMBER],0
COM_2828,3/8/2026,"Bộ TTTT khuyến cáo người dân nâng cao cảnh giác, không chuyển tiền hoặc cung cấp thông tin cá nhân cho người lạ qua điện thoại. Nếu có hiện tượng trên, đề nghị trình báo ngay cho cơ quan Công an để xử lý hoặc thông báo đến số điện thoại trực ban hình sự [NUMBER] của Cục Cảnh sát hình sự để được hướng dẫn kịp thời.",0
COM_2829,3/8/2026,"BO TTTT, BO Y TE, UBTW MTTQVN, HOI CHU THAP DO VN vận động đóng góp ủng hộ phòng, chống dịch bệnh Covid- 19. Quý vị ủng hộ, hãy soạn: CV n gửi [NUMBER] (trong đó, n là số lần ủng hộ [MONEY]). Mỗi tin nhắn Quý vị đóng góp [MONEY] nhân n lần (trong đó n giới hạn từ 1 đến 100). Điện thoại hỗ trợ: [NUMBER]. Website: [NUMBER].vn . Trân trọng cảm ơn!",0
COM_2830,3/8/2026,"(QC) KHUYEN MAI THANG 4: +[MONEY] vao TKC cho TB [NUMBER] (de goi, nhan tin) khi soan OK gui [NUMBER] ([MONEY]) nhan co hoi tu DV Li Xi Viet. Sau km,[MONEY]/ngay.LH [NUMBER].Tcqc,TC gui [NUMBER].",0
COM_2831,3/8/2026,"(QC) Quy khach su dung 3G/4G, soan OK gui [NUMBER] de huong 4G MIEN PHI 100% nhe, Trai nghiem DV Li Xi Viet tai http://vlixi.vn. Sau km [MONEY]/ngay. LH [NUMBER](cuoc co dinh). TCQC soan TC gui [NUMBER]",0
COM_2832,3/8/2026,"TANG [MONEY] vao TKC TB [NUMBER] lien lac noi mang, ngoai mang, khong gioi han thoi gian su dung khi soan DK gui [NUMBER] ([MONEY]) HOM NAY nhan co hoi. LH [NUMBER]",0
COM_2833,3/8/2026,"(QC) Ngay hom nay 16/5, tang the cao [MONEY] cho TB VINAPHONE [NUMBER] soan VIP1 gui [NUMBER] ([MONEY]) de nhan co hoi tu giaitrivn.net. LH [NUMBER]",0
COM_2834,3/8/2026,(QC) Soan VIP1 gui [NUMBER] ([MONEY]) ngay hom nay de duoc MIEN PHI 100% DATA 3G/4G VINAPHONE thoa thich xem clip va luot web tai giaitrivn.net. LH [NUMBER],0
COM_2835,3/8/2026,(QC) Quy khach [NUMBER] duoc huong Mien phi 1OO% 3G/4G Vinaphone. Soan: DK gui [NUMBER] ([MONEY]) de nhan. Truy cap clipmobile.saukm [MONEY]/ngay.TC gui [NUMBER],0
COM_2836,3/8/2026,(QC) Quy khach [NUMBER] May Man duoc Mien phi 100% 3G/4G toc do cao. De nhan soan: DK gui [NUMBER] ([MONEY]) va luot web tha ga. saukm [MONEY]/ngay.TCQC TC gui [NUMBER],0
COM_2837,3/8/2026,"Duy nhat ngay 22/6, Mien phi hoan toan cuoc 3G/4G danh cho KH cua VINAPHONE khi soan VIP gui [NUMBER] ([MONEY]) de trai nghiem dich vu. LH [NUMBER]",0
COM_2838,3/8/2026,KHUYEN MAI THANG 6: MIEN PHI 1OO% cuoc 3G/4G VINAPHONE cho TB [NUMBER] soan VIP gui [NUMBER] ([MONEY]) su dung dich vu. LH [NUMBER],0
COM_2839,3/8/2026,(QC) Chuc mung TB [NUMBER] may man duoc MIEN PHI su dung 4G VINAPHONE TOC DO CAO khi soan VIP gui [NUMBER] ([MONEY]) trai nghiem tintaichinh360.vn. LH [NUMBER],0
COM_2840,3/8/2026,"(QC) +100MB vao tai khoan khi soan DK J10 gui [NUMBER] (MIEN PHI). CAM KET cong Data sau [TIME] DK. Sau KM [MONEY]/ngay. LH [NUMBER]. TCQC, soan TC gui [NUMBER]",0
COM_2841,3/8/2026,"(QC) ChucMung QK! Vina tang [MONEY] vao TKC khi Soan V gui [NUMBER] ([MONEY]), them co hoi VOT ngay IPHONE XS, GHTC 2ngay de nhan thuong.SauKm,[MONEY]/ngay.TCQC>TC gui9886",0
COM_2842,3/8/2026,(QC) Anh/chi nao su dung mang VinaPhone soan DK gui [NUMBER] de NHAN ngay [MONEY] vao TKC va dung 4G mphi 100% nhe.Tuchoi TC gui [NUMBER]. LH [NUMBER]([MONEY]/phut),0
COM_2843,3/8/2026,"(QC) Tang TB [NUMBER] [MONEY] vao TKC khi soan AT gui [NUMBER] ([MONEY]) de dang ky goi Am Thuc Bien, nhan tien sau 10 ngay GHTC. Sau KM [MONEY]/ngay. Chi tiet LH: [NUMBER] ([MONEY]/p). TCQC soan TC gui [NUMBER]",0
COM_2844,3/8/2026,"s(QC) NHAN NGAY [MONEY] vao TKC, soan tin AT gui [NUMBER]. Nhan tien sau 10 ngay GHTC dich vu NNDH, cuoc [MONEY]/ngay. TCQC: TC gui [NUMBER]. Lien he [NUMBER] ([MONEY]/p).",0
COM_2845,3/8/2026,"Em ơi, sáng giờ gọi e 2 lần để giao hàng r. C bên Dr Mai trị mụn",0
COM_2846,3/8/2026,"TIN VUI! VINAPHONE TANG [MONEY] TIEN MAT cho Ban: [NUMBER], soan V gui [NUMBER]([MONEY]) de nhan TIEN va XAI THOAI MAI 3G/4G MIEN PHI TOC DO CAO de thoa suc KET BAN, HEN HO voi HOTGIRL/HOTBOY SHOWBIZ. Chi tiet LH [NUMBER] ([MONEY]/p). Sau KM [MONEY]/ngay. TCQC, soan TC gui [NUMBER]",0
COM_2847,3/8/2026,"TIN VUI! [MONEY] duoc cong vao TKC cho [NUMBER], soan C gui [NUMBER]([MONEY]) de nhan TIEN vai xai THOAI MAI 3G/4G 100% MIEN PHI khi xem CLIP HOT/HAI NHAT cua cac HOTGIRL SHOWBIZ + co hoi duy nhat trung 1 Samsung NOTE 10, [MONEY] HO SAMSUNG 2. LH [NUMBER] ([MONEY]/p). Sau KM: [MONEY]/ngay. TCQC: TC gui [NUMBER]",0
COM_2848,3/8/2026,"VINAPHONE TANG [MONEY] vao TKC cho [NUMBER] khi soan DK gui [NUMBER]([MONEY]) ngay HOM NAY de nhan TIEN va XAI MIEN PHI 3G/4G xem CLIP HOT va luot WEB + co hoi DUY NHAT trung 1 CAY VANG [NUMBER], 1 iPhone 11 64GB, the cao [MONEY] tu VINAPHONE. TCQC soan TC gui [NUMBER]. Sau KM: [MONEY]/ngay.",0
COM_2849,3/8/2026,"(QC)Vinaphone kinh tang QuyKhach co hoi nhan 500MBdata, [MONEY] vaoTKC khi soan T gui [NUMBER]([MONEY]). Luot web tai mylucky.vn.Sau km [MONEY]/ngay.TCQC,soan TC gui [NUMBER]",0
COM_2850,3/8/2026,(QC) TANG Quy khach TB [NUMBER] [MONEY] vao TKC khi soan VIP gui [NUMBER] ([MONEY]) sau 15 ngay GHTC dv. Mien phi 100% 3G/4G trai nghiem tai learn4fun.vn. Sau KM [MONEY]/ngay. LH [NUMBER] (cuoc co dinh). TCQC soan TC gui [NUMBER],0
COM_2851,3/8/2026,(QC) MIEN PHI 1OO% 3G/4G de kham pha The gioi bi an tai mwinpro.vn/mworld. Soan ngay P gui [NUMBER] ([MONEY]) de nhan uu dai. Sau KM [MONEY]/ngay. LH [NUMBER] ([MONEY]). TCQC soan TC gui [NUMBER],0
COM_2852,3/8/2026,so ([NUMBER]) la ma,0
COM_2853,3/8/2026,ma day nhe ([NUMBER]),0
COM_2854,3/8/2026,Xác nhận tạo mã dự phòng Steam: [NUMBER],0
COM_2855,3/8/2026,"(QC) Quy khach da may man duoc MIEN PHI 100% 3G/4G. De nhan, Soan DK MN gui [NUMBER] ([MONEY]) va trai nghiem tai daiduongdsa.vn/xs. Sau KM [MONEY]/ngay. TCQC, soan TC gui [NUMBER]",0
COM_2856,3/8/2026,(QC) KHUYEN MAI THANG 5: MIEN PHI su dung 4G VINAPHONE TOC DO CAO cho TB [NUMBER] soan VIP gui [NUMBER] ([MONEY]) trai nghiem itravels.vn. LH [NUMBER],0
COM_2857,3/8/2026,(QC) KHUYEN MAI NGAY VANG 30/3: Tang MIEN PHI su dung 4G VINAPHONE TOC DO CAO cho TB [NUMBER] soan VIP gui [NUMBER]([MONEY]) trai nghiem itravels.vn. LH [NUMBER],0
COM_2858,3/8/2026,(QC) Chuc mung TB [NUMBER] may man duoc MIEN PHI su dung 4G VINAPHONE TOC DO CAO khi soan VIP gui [NUMBER] ([MONEY]) trai nghiem itravels.vn. LH [NUMBER],0
COM_2859,3/8/2026,(QC) TANG TB [NUMBER] co hoi nhan [MONEY] DONG + 10 GB 3G/4G khi soan DK UH gui [NUMBER] ([MONEY]) tu CTKM Data Plus. Ap dung duy nhat hom nay. Sau KM [MONEY]/ngay. Chi tiet LH [NUMBER] (Cuoc thoai thong thuong).,0
COM_2860,3/8/2026,"TIN VUI! VINAPHONE TANG [MONEY] vao TKC cho [NUMBER], soan DK gui [NUMBER] ([MONEY]) HOM NAY de nhan TIEN va XAI THOAI MAI 3G/4G 100% MIEN PHI khi xem CLIP HOT/HAI NHAT cua cac HOTGIRL SHOWBIZ. L/H [NUMBER] ([MONEY]/p). Sau KM: [MONEY]/ngay TCQC, soan TC gui [NUMBER]",0
COM_2861,3/8/2026,(QC) Soan Y gui [NUMBER] ([MONEY]) NHAN NGAY [MONEY] vao TKC tu dich vu Quizgame chi voi [MONEY]/ngay sau 5 ngay GHTC. Lien he [NUMBER] ([MONEY]/p). TC QC soan TC gui [NUMBER].,0
COM_2862,3/8/2026,(QC) Soan DK1 TH1 gui [NUMBER] ([MONEY]) NHAN NGAY [MONEY] vao TKC tu dich vu VSKILL chi voi [MONEY]/ngay sau 5 ngay GHTC tai http://vskill.vn. TCQC soan TC gui [NUMBER],0
COM_2863,3/8/2026,"Thực hiện phương châm ""tạm dừng đến trường, không dừng học"", Bộ GD&ĐT đã công bố tinh giản chương trình học kỳ 2 và hướng dẫn dạy/học qua internet, trên truyền hình. Mỗi thầy cô, gia đình và toàn xã hội hãy chung tay hỗ trợ, động viên, giúp đỡ học sinh học qua internet, truyền hình đảm bảo thuận lợi, chất lượng, hiệu quả.",0
COM_2864,3/8/2026,"Bộ trưởng Bộ Giáo dục và Đào tạo kêu gọi toàn thể cán bộ quản lý giáo dục, nhà giáo, người lao động trong ngành, học sinh, sinh viên và cha mẹ học sinh trên toàn quốc hãy thực hiện việc khai báo y tế tự nguyện. 
Hãy tải phần mềm ứng dụng NCOVI tại địa chỉ https://onelink.to/3e6wap hoặc truy cập cổng khai báo điện tử (https://suckhoetoandan.vn/ ; https://tokhaiyte.vn/) để điền thông tin và làm theo các bước hướng dẫn. 
Các gia đình học sinh hãy giúp đỡ, động viên con em mình trong việc khai báo. Khai báo y tế tự nguyện - Hành động thiết thực chiến thắng dịch bệnh Covid-19 - Hãy thực hiện ngay hôm nay!",0
COM_2865,3/8/2026,"Bộ Y tế đề nghị Quý vị thực hiện tốt [POINT] sau đây: 
1. Hạn chế tối đa ra ngoài, chỉ ra ngoài khi thực sự cần thiết. 
2. Nếu buộc phải ra ngoài luôn đeo khẩu trang, hãy giữ khoảng cách tiếp xúc, tốt nhất là 2m. 
3. Thường xuyên rửa tay bằng xà phòng hoặc dung dịch sát khuẩn. 
4. Vệ sinh và để thông thoáng nhà cửa; lau rửa thường xuyên các bề mặt, các điểm hay tiếp xúc; sinh hoạt lành mạnh. 
5. Thực hiện khai báo y tế trên ứng dụng NCOVI (ncovi.vn), hoặc khai trực tuyến trên tokhaiyte.vn; cập nhật tình hình sức khỏe hàng ngày, giữ liên hệ với cơ sở y tế. 
Để ủng hộ phòng, chống dịch bệnh Covid-19. Quý vị hãy soạn tin: CV n gửi [NUMBER] (Trong đó, n là số lần ủng hộ [MONEY]). Mỗi tin nhắn Quý vị đóng góp [MONEY] nhân n lần (trong đó n giới hạn từ 1 đến 100). Điện thoại hỗ trợ: [NUMBER] nhánh 6 ([MONEY]/p). Website: [NUMBER].vn. Xin cảm ơn.",0
COM_2866,3/8/2026,"(QC)KHUYEN MAI HOT! Soan DK gui [NUMBER] ([MONEY]) de NHAN FREE 1OO% 3G/4G TOC DO CAO cho TB [NUMBER] tai http://attp.vn. Sau km [MONEY]/ngay. TCQC TC gui [NUMBER], LH: 088 [NUMBER]",0
COM_2867,3/8/2026,"Chính phủ, Thủ tướng Chính phủ: Để phòng chống Covid-19, đề nghị người dân tuân thủ hướng dẫn của cơ quan y tế. Người trên 60 tuổi hãy ở nhà, hạn chế tiếp xúc với người khác. Đeo khẩu trang khi ra ngoài và thường xuyên rửa tay bằng xà phòng hoặc dung dịch sát khuẩn. Tăng cường dinh dưỡng, tập luyện, nâng cao sức khỏe. Mỗi người dân là một chiến sỹ trên mặt trận phòng chống dịch bệnh.",0
COM_2868,3/8/2026,"(QC) Ngay hom nay soan Y gui [NUMBER] de nhan MIEN PHI DATA 3G/4G. Truy cap m.kho-clip.com, sau km [MONEY]/ngay. TCQC soan TC gui [NUMBER].",0
COM_2869,3/8/2026,"Bộ TTTT khuyến cáo người dân nâng cao cảnh giác, không chuyển tiền hoặc cung cấp thông tin cá nhân cho người lạ qua điện thoại. Nếu có hiện tượng trên, đề nghị trình báo ngay cho cơ quan Công an để xử lý hoặc thông báo đến số điện thoại trực ban hình sự [NUMBER] của Cục Cảnh sát hình sự để được hướng dẫn kịp thời.",0
COM_2870,3/8/2026,(QC) Quy Khach [NUMBER] duoc huong Mien phi 1OO% 3G/4G toc do cao. De nhan soan: DKP gui [NUMBER] ([MONEY]). Truy cap phongthuytrondoi.com.sau km [MONEY]/ngay. TCQC TC gui [NUMBER],0
COM_2871,3/8/2026,(QC) Soan DKGA gui [NUMBER] ([MONEY]) de duoc MIEN PHI 100% data 3G/4G TOC DO CAO khi xem NGUOI DEP tai http://kenhgiaitrivn.net. Sau KM [MONEY]/ngay. TCQC soan TC gui [NUMBER],0
COM_2872,3/8/2026,"[VNM-TB] Tu ngay 19/2 goi Sieu Thanh UP cua QK se duoc nang cap voi nhieu uu dai hon: Mien Phi Data toc do cao 6GB/ngay, Mien Phi tu phut thu 2 tro di cho tat ca cac cuoc goi noi mang (cuoc phi [MONEY] cho 60 giay dau tien), chi voi [MONEY]/30ngay. CT LH 789 ([MONEY]). Tran trong!",0
COM_2873,3/8/2026,[VNM-TB] Tu ngay 14/2 goi Sieu Thanh UP cua QK se duoc dieu chinh cuoc goi noi mang nhu sau: Mien Phi tu phut thu 2 tro di cho tat ca cac cuoc goi noi mang (cuoc phi [MONEY] cho 60 giay dau tien). CT LH 789 ([MONEY]). Tran trong!,0
COM_2874,3/8/2026,"KET NOI DATA, DAY LUI CORONA: Vietnamobile tang Quy khach 2GB DATA Toc Do Cao khi co tong so tien nap the trong thang 2 tu [MONEY] tro len. Ap dung cung cac KM khac va cap nhat sau [TIME] ke tu thoi diem dat muc nap the. Han su dung 30 ngay, ap dung 1 lan. Tu choi QC, soan TCQC gui 123. Chi tiet LH 789([MONEY]). Tran Trong!",0
COM_2875,3/8/2026,"KM DAC BIET 100%: TANG Quy khach 100% gia tri the nap (50% lien mang, 50% noi mang) khi nap the tu [MONEY] HOM NAY 15/02. Thoi han su dung 15 ngay voi the nap tu [MONEY], 7 ngay voi the nap tu [MONEY] den [MONEY]. Tien KM duoc quy doi ra phut goi va SMS tuong ung. KM chi ap dung 1 lan cho TB nhan duoc tin nhan. Tu choi QC, soan TCQC gui 123. Chi tiet LH 789 ([MONEY]). Tran trong!",0
COM_2876,3/8/2026,"E-FRIDAY: MUNG LE VALENTINE_Tang ngay Quy Khach 1GB DATA toc do cao tuong ung voi moi [MONEY] the nap dien tu trong HOM NAY 14/02. The nap co gia tri CANG CAO, khuyen mai CANG LON. Han su dung 7 ngay. Xem the le chuong trinh tai: https://www.vietnamobile.com.vn/product/khuyen-mai/e-topup/. KM chi ap dung cho 1 lan nap the. Tu choi QC, soan TCQC gui 123. Chi tiet LH 789 ([MONEY]). Tran trong!",0
COM_2877,3/8/2026,"VALENTINE DAY _KM NAP THE 200%: Tang Quy khach 200% gia tri the nap (50% lien mang, 150% noi mang) khi nap the tu [MONEY] trong HOM NAY 13/02. Tien KM duoc quy doi sang tin nhan tuong ung. Han su dung 10 ngay. Uu dai chi ap dung cho TB nhan duoc tin nhan. Tu choi QC, soan TCQC gui 123. Chi tiet LH 789 ([MONEY]). Tran trong!",0
COM_2878,3/8/2026,"Tai khoan cua Quy khach khong du de gia han goi SIEU THANH UP ([MONEY]), thoi gian cho khoi phuc 15 ngay. Vui long nap the de duoc khoi phuc dich vu. Chi tiet lien he 789 ([MONEY]).",0
COM_2879,3/8/2026,"Goi cuoc SIEU THANH UP ([MONEY]) da duoc gia han thanh cong, han su dung [DATE] [TIME]. Chi tiet lien he 789 ([MONEY]).",0
COM_2880,3/8/2026,"Tai khoan cua Quy khach khong du de dang ky goi SIEU THANH UP ([MONEY]), thoi gian cho khoi phuc 15 ngay. Vui long nap the de duoc khoi phuc dich vu. Chi tiet lien he 789 ([MONEY]).",0
COM_2881,3/8/2026,Vietnamobile chuc Quy khach mot Valentine hanh phuc ben nguoi than yeu cua minh. Mon qua tu Vietnamobile: http://bit.ly/VNMHappyValentine,0
COM_2882,3/8/2026,"CHUC MUNG NAM MOI! Vietnamobile kinh chuc Quy khach va Gia dinh nam moi An Khang, Thinh Vuong, Van Su Nhu Y. Tran trong cam on Quy khach da tin tuong su dung dich vu, va dong hanh cung VNM trong thoi gian qua.",0
COM_2883,3/8/2026,"Vietnamobile xin kinh chuc Quy khach va Gia dinh nam moi [NUMBER] An Khang, Hanh Phuc. Tran trong cam on Quy khach da tin tuong su dung dich vu va dong hanh cung VNM trong thoi gian qua.",0
COM_2884,3/8/2026,"Ruoc loc vao nha, Tet vui tha ga voi sim TU QUY, TAM HOA dang duoc sale upto 65%. Nhanh tay truy cap website: bit.ly/NicenumberOnline de chon duoc so sim ung y nhat. Tu choi QC, soan TCQC gui 123.Chi tiet LH: 789 ([MONEY]).",0
COM_2885,3/8/2026,"Quy khach duoc tang 12 SMS vao tai khoan lien mang & 16 SMS vao tai khoan noi mang, su dung den het ngay [DATE]. Chi tiet lien he 789 ([MONEY]).",0
COM_2886,3/8/2026,Tai khoan cua QK hien khong du de gia han goi cuoc SIEU THANH UP ([MONEY]/29 ngay). Goi SIEU THANH UP se het han ngay [DATE] [TIME]. QK vui long nap the de duoc gia han goi. Chi tiet LH 789.,0
COM_2887,3/8/2026,"Tai khoan du lieu Khuyen Mai cua Quy khach da het. He thong se tinh phi truy cap internet theo goi cuoc data mac dinh. De tiet kiem chi phi, vui long dang ky goi vFlex ([MONEY]/2GB/30ngay) bang cu phap DK vFlex gui 345. Chi tiet LH 789 (mien phi).",0
COM_2888,3/8/2026,"Tai khoan cua quy khach khong du de thuc hien duoc cuoc goi. Soan C gui 531 de co the ket noi lien lac voi 5 cuoc goi nho (MIEN PHI ngay hom nay). Chi tiet soan HD gui 531. Sau KM, phi DV [MONEY]/5 cuoc goi/ngay. Tran trong.",0
COM_2889,3/8/2026,"Loại thẻ: GARENA 500.000 - Số serial: [NUMBER] - Mã nạp thẻ: 5786876234757772 
Loại thẻ: GARENA 500.000 - Số serial: [NUMBER] - Mã nạp thẻ: 6239085456853848",0
COM_2890,3/8/2026,Tai khoan cua Quy khach khong du de gia han goi V20 ([MONEY]). Nap the ngay tu [MONEY] de duoc khuyen mai 100% gia tri (50% noi mang - 50% lien mang) su dung trong 07 ngay. Tien khuyen mai duoc quy doi ra phut goi tuong ung. Chi tiet lien he 789 ([MONEY]).,0
COM_2891,3/8/2026,"Quy khach da dang ky thanh cong goi cuoc V20 ([MONEY]/7 ngay), Quy khach co [TIME] goi ngoai mang va 300mb su dung den [DATE] [TIME]. Chi tiet lien he 789.",0
COM_2892,3/8/2026,Shop ơi em có đặt đơn hàng #[NUMBER] tầm 5 ngày rồi mà chưa thấy giao đến shop vui lòng kiểm tra giúp em với ạ,0
COM_2893,3/8/2026,"TK Chinh: [MONEY], het han [DATE]. 
Goi noi mang Mien phi, het han [DATE] [TIME]. 
SMS lien mang: 72 SMS, het han [DATE]. 
SMS_ONNET2: 266 SMS, het han [DATE]. 
V20_OFFNET_M: 19,[TIME], het han [DATE]. 
Tk du lieu: 
- Goi M40M: 1,6 GB, het han [DATE] [TIME]. 
- Goi Data ([TIME]-[TIME]): 1,6 GB, het han [DATE] [TIME]. 
- Goi STSUP: khong gioi han, het han [DATE] [TIME]. 
Quy khach co the tra cuu tai khoan de dang qua ung dung bima (MyVNM) (Mien Phi) tai https://vietnamobile.com.vn/bima-app Tran trong!",0
COM_2894,3/8/2026,"Mình gọi từ shop Nowsaigon để xác nhận đơn hàng. Bạn kiểm tra mail xem đơn hàng đã đặt và các thông tin của bạn đã chính xác chưa ạ? Bạn phản hồi qua tin nhắn này luôn giúp mình (không trả lời qua mail) để đơn hàng được gửi đi nhanh chóng ạ.
Nếu bạn không phản hồi, sau 2 ngày đơn hàng bị huỷ
Cảm ơn bạn",0
COM_2895,3/8/2026,"Bạn chú ý điện thoại để shipper giao hàng ạ
Lần tới nếu k thấy bên mình gọi hoặc nhắn tin xác nhận thì bạn chủ động nhắn qua fb/ig giúp shop ạ
Đơn hàng của bạn được gửi đi rồi ,2-4 ngày nữa bạn nhận dc hàng bạn nhé",0
COM_2896,3/8/2026,Quy khach khong du dieu kien su dung dich vu UNG TIEN. Chi tiet lien he 789.,0
COM_2897,3/8/2026,M xc nhn Twitter ca bn l [NUMBER],0
COM_2898,3/8/2026,[NUMBER] la ma kich hoat so dien thoai cua ban,0
COM_2899,3/8/2026,"(QC) Chao nam moi [NUMBER]! Tang [MONEY] vao TKC khi soan KM IK gui [NUMBER] de tham gia va nhan MIEN PHI [TIME] goi noi mang MobiFone/ngay qua tong dai DV iCall [NUMBER]. Mien phi hom nay, sau KM [MONEY]/ngay. Duy tri dv [TIME] de nhan tien. LH [NUMBER]. Tu choi QC, soan TC gui [NUMBER]",0
COM_2900,3/8/2026,"(QC) Soạn XNC gửi [NUMBER], MobiFone sẽ tặng bạn [MONEY] vào TKC cùng DV KhoGiaiTri. Duy trì DV 03 ngày để nhận thưởng, miễn phí 01 ngày đầu, sau KM [MONEY]/gói/ngày. Từ chối QC, soạn TC gửi [NUMBER]",0
COM_2901,3/8/2026,"(QC) MobiFone tặng bạn 1Gb Data thoải mái xem Clip, Phim Tết [NUMBER]. Soạn XNT3 gửi [NUMBER] đề đăng ký và duy trì DV mPlay 3 ngày để nhận thưởng. Miễn phí 1 ngày đầu, sau KM [MONEY]/gói/ngày. LH [NUMBER]. Từ chối QC, soạn TC gửi [NUMBER]",0
COM_2902,3/8/2026,"(QC) Chao nam moi [NUMBER]! MobiFone tang ban [MONEY] vao TKC khi soan KM gui [NUMBER] va duoc MIEN PHI [TIME] goi noi mang/ngay tu iCall. Mien phi ngay dau, sau KM: [MONEY]/ngay. Duy tri DV [TIME] de nhan tien.Tu choi QC, soan TC gui [NUMBER]",0
COM_2903,3/8/2026,"(QC) Chao nam moi [NUMBER]! MobiFone tang ban [MONEY] vao TKC khi soan KM gui [NUMBER] va duoc MIEN PHI [TIME] goi noi mang/ngay tu iCall. Mien phi ngay dau, sau KM: [MONEY]/ngay. Duy tri DV [TIME] de nhan tien.Tu choi QC, soan TC gui [NUMBER]",0
COM_2904,3/8/2026,"(QC) Chuyen so di dong thanh tong dai, su dung so di dong lam may le, tao loi chao, ghi am cuoc goi. Soan DK gui [NUMBER]. Mien phi 1 thang dau DV Tong dai di dong tra truoc, sau KM [MONEY]/thang/hotline, [MONEY]/thang/may le. Chi tiet truy cap https://tddn.vn hoac goi [NUMBER] ([MONEY]/phut). Tu choi QC, soan TC gui [NUMBER]",0
COM_2905,3/8/2026,A ơi máy a xong rồi. Mai ghé lấy nha a,0
COM_2906,3/8/2026,"(QC) QK duoc ho tro vay tien mat len den [MONEY], tra gop chi tu [MONEY]/thang, lai suat uu dai, duyet ho so nhanh tai COM-B OCB (NH TMCP Phuong Dong). Neu QK co nhu cau vay va dong y cho OCB va ben thu ba la cac cong ty vien thong, cong nghe thong tin duoc thu thap, su dung va chia se thong tin lien quan den QK de phuc vu qua trinh xu ly ho so vay, soan TM gui [NUMBER] (mien phi). Tu choi soan TC gui [NUMBER]. Hotline: [NUMBER]",0
COM_2907,3/8/2026,"ROAMING THA GA - XAI DATA RE NHU O NHA! Chi [MONEY]/MB khi su dung data roaming tai Trung Quoc, Han Quoc, My, Canada, Hong Kong, Singapore, Philippines, Malaysia, Indonesia, Myanmar,Thai Lan, Lao, Campuchia, An Do. KHONG CAN DANG KY, KHONG CUOC THUE BAO. Chi tiet lien he 789 ([MONEY]). Tu choi QC, soan TCQC gui 345. Tran trong.",0
COM_2908,3/8/2026,Dien thoai phai co Nhac Chuong Cho moi vui. Thay tieng tut tut khi nguoi khac goi cho ban bang cac bai hat HOT nhat. Soan DK HR gui 123 de dang ky. De chon bai hat truy cap http://happyring.vietnamobile.com.vn. Soan Mua MaBaiHat gui [NUMBER] de cai dat bat hat. Tran trong.,0
COM_2909,3/8/2026,Thay tieng tut tut khi nguoi khac goi cho ban bang Nhac Chuong Cho cua Vietnamobile. Soan DK HR gui 123 de dang ky. De chon bai hat truy cap http://happyring.vietnamobile.com.vn. Soan Mua MaBaiHat gui [NUMBER] de cai dat bat hat. Tran trong.,0
COM_2910,3/8/2026,Hay the hien ca tinh cua ban bang Nhac Chuong Cho cua Vietnamobile. Soan DK HR gui 123 de dang ky. De chon bai hat truy cap http://happyring.vietnamobile.com.vn. Soan Mua MaBaiHat gui [NUMBER] de cai dat bat hat. Tran trong.,0
COM_2911,3/8/2026,"GOI QUOC TE SIEU RE! Chi con [MONEY]/phut khi goi den Trung Quoc, Hong Kong, Han Quoc, My, Canada, Anh, Uc, An Do va Malaysia. De dang ky, bam *678*3# ([MONEY]/7 ngay), *678*1# ([MONEY]/30 ngay). Chi tiet tai www.vietnamobile.com.vn",0
COM_2912,3/8/2026,Yeu cau khong hop le. Chuong trinh khong ap dung cho goi cuoc nay. Chi tiet lien he 789.,0
COM_2913,3/8/2026,"Chuc mung QK da duoc tang ma giam gia 100% cho 2 SIM sieu HOT voi uu dai MIEN PHI DATA, MIEN PHI NOI MANG. Hay bam goi *092# nhanh 3 (Ma khuyen mai cua ban) ngay hom nay de kiem tra va su dung ma. Tran trong!",0
COM_2914,3/8/2026,"Ma giam gia 100% cho 2 SIM MIEN PHI DATA, MIEN PHI NOI MANG, ban da su dung chua? Hay bam goi *092# nhanh 3 (Ma khuyen mai cua ban) ngay hom nay de kiem tra ma KM. Vui long bo qua tin nhan neu QK da tieu dung ma. Tran trong!",0
COM_2915,3/8/2026,"Quy khach duoc cong [TIME] goi noi mang, su dung trong [TIME]. Bam *102#OK de kiem tra tai khoan. Tran trong!",0
COM_2916,3/8/2026,"Vietnamobile tang quy khach 90 ngay su dung mien phi dich vu Thong Bao Cuoc Goi Nho va se khong tu dong gia han. De tu choi su dung, soan HUY MCA gui [NUMBER]. Tran trong cam on!",0
COM_2917,3/8/2026,"Yeu cau cua Quy Khach chua duoc thuc hien do cu phap khong dung, vui long kiem tra lai. Chi tiet LH [NUMBER] (cuoc goi co dinh). Tran trong.",0
COM_2918,3/8/2026,[GET IT] [NUMBER] là mã xác minh của bạn,0
COM_2919,3/8/2026,"(TB) Nhan ngay uu dai 3.8GB truy cap internet toc do cao khi dang ky goi HD70 cua MobiFone chi voi [MONEY]/thang. De dang ky, soan tin: DK HD70 gui [NUMBER]. Chi tiet LH [NUMBER].",0
COM_2920,3/8/2026,"Hi bạn! 
Mình bên Bad Boy Sanctuary shop, bên mình đã lấy lại được fanpage facebook.Bạn like và theo dõi chúng mình theo đường link dưới hoặc nếu sợ đây là đường link virus lừa gạt thì search tên shop trên mục tìm kiếm facebook nhé <3 
https://www.facebook.com/badboysanctuary24/ 
Cảm ơn bạn trước đó đã mua hàng bên shop。",0
COM_2921,3/8/2026,"Hãy lật úp các dụng cụ chứa nước, thu gom, loại bỏ các vật phế thải nơi muỗi đẻ trứng để phòng bệnh sốt xuất huyết.",0
COM_2922,3/8/2026,Mã xác nhận: [NUMBER] (VN Ngày Nay),0
COM_2923,3/8/2026,"(VMS2)QK co the vay den [MONEY]VND, tra gop tu [MONEY]/thang. Soan V gui [NUMBER] ([MONEY]) de DK vay va dong y cho MobiFone chia se thong tin ca nhan cua QK de tham dinh.Tu choi quang cao tu FECREDIT, soan TC FECREDIT gui [NUMBER].",0
COM_2924,3/8/2026,"Kinh chuc Quy khach sinh nhat vui ve! Tran trong gui tang ma mua hang 0937051366190702 tri gia 50,000 (HSD:01thang). Cam on da su dung dich vu.",0
COM_2925,3/8/2026,Kinh gui QK lixi [MONEY] khi su dung DV tai CellphoneS & DienThoaiVui LIXI_MF0QPP HSD 28-02(ko apdung sim the).Kinh chuc Quy khach nam moi An Khang - Thinh Vuong,0
COM_2926,3/8/2026,Dung luong toc do cao cua goi D10 da het. Quy khach dang su dung dich vu voi toc do thap. Quy khach co the gia han goi D10 bang cach soan D10 gui 999. Chi tiet lien he [NUMBER]. Xin cam on!,0
COM_2927,3/8/2026,"Quy khach da su dung het dung luong toc do cao cua goi HD70. De tiep tuc truy cap Internet toc do cao, Quy khach co the mua them goi MAX35 (35.000/2GB, soan MAX35 gui 999), MAX20 (20.000/1GB, soan MAX20 gui 999), MAX15 (15.000/500MB, soan MAX15 gui 999) hoac gia han goi HD70 (soan GH_HD70 gui 999) cua Mobifone. Chi tiet lien he [NUMBER]. Xin cam on! Het Data van XEM PHIM BAN QUYEN tha ga, THEM 1GB/ngay truy cap Internet SIEU TOC, co hoi NAP [MONEY] vao TKC. Soan P2 gui 999 ([MONEY]/ngay).",0
COM_2928,3/8/2026,Mat khau dang nhap Tiki cua ban la: vM9KUy. Vui long cap nhat lai mat khau sau khi dang nhap.,0
COM_2929,3/8/2026,"Chao ban, Tiki xin gui ban link download app: https://vntiki.onelink.me/Rmpi/d5b513e1",0
COM_2930,3/8/2026,Ma xac thuc Tiki cua ban la [NUMBER]. Ma co hieu luc trong vong [TIME] va can giu bao mat.,0
COM_2931,3/8/2026,"Quy khach du dieu kien Vay tien mat den [MONEY]VND LAI SUAT UU DAI trong chuong trinh hop tac MBF - VPB. Soan V gui [NUMBER] (mienphi) trong [TIME] de dang ky va dong y cho MobiFone chia se thong tin cua ban voi chuong trinh. Chi can CMND va ho khau. Ap dung KH 22-60tuoi, chua vay tin chap o VPB. Tu choi, soan TC gui [NUMBER]",0
COM_2932,3/8/2026,"Quy khach du dieu kien Vay tien mat hoac vay mua thiet bi tai cua hang MobiFone len toi [MONEY] VND voi LAI SUAT UU DAI. Soan V gui [NUMBER] (mienphi) trong vong [TIME] de dang ky va dong y cho MobiFone chia se thong tin cua ban voi chuong trinh. Chi can CMND va ho khau. Tu choi, soan TC gui [NUMBER].",0
COM_2933,3/8/2026,A ơi cái đơn hàng [NUMBER] của e a giao giúp e buổi chiều nha a tầm [TIME] trở lên càng tốt ạ,0
COM_2934,3/8/2026,"(QC) CHUC MUNG TB [NUMBER]! QK da TRUNG [MONEY] vao TKC, soan XN gui [NUMBER]([MONEY]) de nhan TIEN+ co hoi TRUNG iPHONE X, 1 [NAME], the cao [MONEY] cua MOBIFONE. HOAN TOAN MIEN PHI HOM NAY. LH [NUMBER]([MONEY]/p). Sau KM [MONEY]/ngay. TCQC, soan TC gui [NUMBER]",0
COM_2935,3/8/2026,"Cam on QK da tin tuong & ung ho Dong [NAME]. De kich hoat goi BAO HANH tang them, QK vui long truy cap: http://dhht.vn/KH?vl=[NUMBER]&id=[NUMBER]",0
COM_2936,3/8/2026,Chuc mung Quy khach so huu the KHTT VinID va huong uu dai 2%-10% tai hon [POINT] KD cua TD Vingroup. Tai APP VinID de nhan ma giam gia HOT https://id.vin/W3V,0
COM_2937,3/8/2026,TK VinID cua ban da duoc kich hoat. Ban duoc tang [POINT] ([MONEY]) khi mua sam voi hoa don tu [MONEY] trong vong 15 ngay. LH [NUMBER],0
COM_2938,3/8/2026,Mat khau OTP cua Quy khach la 4052. Quy khach dang thuc hien dang ky tren VinID Card.,0
COM_2939,3/8/2026,"Quy khach DK thanh cong goi cuoc HD70. Gia goi [MONEY], co ngay 3,8 GB (su dung tai VN). Het 3,8 GB , he thong ngat ket noi Internet. Han su dung den [DATE] [TIME]. Tat toan bo ung dung Internet hoac khoi dong lai may de duoc tinh cuoc theo goi HD70. De huy goi cuoc, soan HUY HD70 gui 999.",0
COM_2940,3/8/2026,"Theo dự báo, tối nay Bão số 9 sẽ vào TP.HCM. Đề nghị mọi người hạn chế đi lại ngoài đường trừ trường hợp khẩn cấp! Tonight, Typhoon No.9 hit to Ho Chi Minh City. People do not go out in case of emergency!",0
COM_2941,3/8/2026,"Bão số 9 có khả năng ảnh hưởng đến TP.HCM, mọi người theo dõi để phòng tránh! Typhoon number 9 can affect HCM city, people should follow to have prevention!",0
COM_2942,3/8/2026,"(TTGS) Ban vua huy thanh cong goi cuoc THONG TIN GAMESHOW. De quay tro lai, soan DK7 gui [NUMBER]. Gia cuoc: [MONEY]/ngay, tu dong gia han hang ngay. Chi tiet goi [NUMBER] ([MONEY]/phut).",0
COM_2943,3/8/2026,"(ND) TTGS: Fan dan ngan ngam voi ""Next Top Hi Lap"" vi ""nhay gi ma lam the!"". Moi ban truy cap website http://tvshow.mobifone.vn hoac http://tvshow.giaitri24h.com.vn de xem thong tin chi tiet.",0
COM_2944,3/8/2026,"(ND) TTGS: Irene (Red Velvet) hoang hot bo chay khi thay phien ban... co rau cua minh tai ""Running Man"". Moi ban truy cap website http://tvshow.mobifone.vn hoac http://tvshow.giaitri24h.com.vn de xem thong tin chi tiet.",0
COM_2945,3/8/2026,(ND) TTGS: Choang voi ngoai hinh mum mim cua em trai Dara khi tro lai tren show thuc te!. Moi ban truy cap website http://tvshow.mobifone.vn hoac http://tvshow.giaitri24h.com.vn de xem thong tin chi tiet.,0
COM_2946,3/8/2026,(ND) TTGS: Tran Thanh roi nuoc mat ve cau chuyen cua anh chang dong tinh mat di nguoi ban doi truoc ngay cuoi. Moi ban truy cap website http://tvshow.mobifone.vn hoac http://tvshow.giaitri24h.com.vn de xem thong tin chi tiet.,0
COM_2947,3/8/2026,"Goi C90 da duoc dang ky thanh cong. Quy khach duoc mien phi thoai noi mang cho tat ca cuoc goi duoi [TIME], [TIME] lien mang trong nuoc, (2GB/ngay) toc do cao. HSD goi: [DATE] [TIME]. De kiem tra uu dai, soan tin KT_C90 gui 999. L/H: [NUMBER]",0
COM_2948,3/8/2026,Yeu cau cua Quy khach khong duoc thuc hien do thue bao Quy khach khong thuoc doi tuong ap dung cua chuong trinh. Chi tiet lien he [NUMBER]. Xin cam on!,0
COM_2949,3/8/2026,"Quý khách đã hủy thành công dịch vụ Chọn Số May Mắn nhận thưởng của MobiFone. Để đăng ký lại và có cơ hội trúng thưởng [MONEY] ĐỒNG/NGÀY hoặc [MONEY] ĐỒNG/THÁNG, soạn DK LQ gửi [NUMBER]. Chi tiết truy cập http://mayman.myfoto.vn hoặc LH [NUMBER] ([MONEY]/phút). Trân trọng cảm ơn!",0
COM_2950,3/8/2026,Quý khách đã tham gia CTKM của dịch vụ Giải Trí Việt và được tặng [MONEY] vào tài khoản chính. Xin cảm ơn,0
COM_2951,3/8/2026,"(DK) Chúc mừng Quý khách đã tham gia DV Chọn Số May Mắn nhận thưởng và cơ hội trúng thưởng [MONEY] ĐỒNG/NGÀY hoặc [MONEY] ĐỒNG/THÁNG. Miền phí 1 ngày đầu tiên, cước sau KM [MONEY]/ngày. Để hủy dịch vụ, soạn HUY LQ gửi [NUMBER]. Chi tiết truy cập http://mayman.myfoto.vn hoặc LH [NUMBER] ([MONEY]/phút). Trân trọng cảm ơn!",0
COM_2952,3/8/2026,Ban nhan duoc mot de nghi goi lai tu so thue bao [NUMBER]. Dich vu Call Me cua MobiFone!,0
COM_2953,3/8/2026,Cam on ban da tin dung Coc Coc. Duoi day la link tai [NAME] ma ban yeu cau: https://coccoc.com/app,0
COM_2954,3/8/2026,"Nhận ngay [MONEY] vào tài khoản chính khi mời bạn bè, người thân… cài đặt và sử dụng thành công ứng dụng MobiFone NEXT. Người được giới thiệu cũng đồng thời nhận [MONEY]. Chương trình diễn ra từ ngày [DATE] đến ngày [DATE]. Tải ứng dụng tại http://mbf.vn/repr12. Chi tiết xem tại http://next.mobifone.vn hoặc liên hệ [NUMBER].",0
COM_2955,3/8/2026,"(QC) Dang ky nhac cho, nhan tien khong gioi han: Cong [MONEY] vao TKKM khi dang ky tru cuoc thanh cong dv Funring, nhan tiep [MONEY] khi gia han cac thang tiep theo. Cuoc phi: [MONEY]/30 ngay. LH: [NUMBER]. Tu choi QC: TC gui [NUMBER]",0
COM_2956,3/8/2026,(QC) Nhan [MONEY] vao TKKM khi soan DKY 30 gui [NUMBER] de dang ky nhac cho MobiFone. Nhan qua sau [TIME]. Cuoc dv [MONEY]/30 ngay.LH: [NUMBER].Tu choi QC: TC gui [NUMBER],0
COM_2957,3/8/2026,"TT THANH CONG 1 ghe B1T ma XNFE80, Ho Chi Minh - Buon Ma Thuot [TIME] [DATE]. QK VUI LONG CO MAT TRUOC [TIME]. XIN CAM ON. LH: 
[NUMBER]",0
COM_2958,3/8/2026,"Toàn dân tham gia phòng, chống mua bán người. Hãy báo tin khẩn cấp cho cơ quan Công an nơi gần nhất hoặc Tổng đài quốc gia 111 nếu phát hiện dấu hiệu mua bán người, lừa đảo qua lời mời tuyển dụng giả mạo trên không gian mạng.",0
COM_2959,3/8/2026,"(CSKH) ĐỐI ĐIỂM HÔM NAY – NHÂN NGAY NGÀN ƯU ĐÃI! 
Là Hội viên VinaPhone Plus, Quý khách có thể dùng điểm tích lũy để đổi voucher ẩm thực, mua sắm, di chuyển, du lịch và nhiều ưu đãi hấp dẫn khác. Kính mời Quý khách khám phá và đổi quà ngay trên ứng dụng My VNPT: 
http://my.vnpt.com.vn/app? screenCode=VNPPLUS. 
CSKH: [NUMBER] ([MONEY]). 
Trân trọng!",0
COM_2960,3/8/2026,"(TPBank): 03/08/26;[TIME] 
TK: xxxx6529401 
PS:-[MONEY] 
SD: [MONEY] 
SD KHA DUNG: [MONEY] 
ND: [NAME] 
chuyen tien QR 
SO GD: 
381V600262155491",0
COM_2961,3/8/2026,"Quy khach ([NUMBER]): 
Dong truoc [MONEY] (dong 3 thang). Phi DV Od. 
Tra cuu tai https:// 
vietteltelecom.vn/dccd. 
Tran trong.",0
COM_2962,3/8/2026,"(TB) VinaPhone thông báo: Từ [DATE], VinaPhone điều chỉnh phương thức tính cước cuộc gọi nội mạng và liên mạng trong nước đối với các cuộc gọi ngoài ưu đãi của gói cước hoặc chưa đăng ký gói thoại theo cách tính 30 giây đầu + 6 giây tiếp theo. GIÁ CƯỚC CUỘC GỌI/PHÚT KHÔNG THAY ĐỔI. Chi tiết tại my.vnpt.com.vn/adv/cuocdd hoặc CSKH [NUMBER] ([MONEY]). Trân trọng cảm ơn Quý khách!",0
COM_2963,3/8/2026,"(TB) Quy khach da hoa mang/dang ky/gia han goi cuoc/nap the VinaPhone va duoc nhan 03 ma du thuong tham gia CTKM ""30 nam phung su - Trieu qua Tri an"" mung Sinh nhat VinaPhone. Vui long soan tin 30NAM gui [NUMBER] (mien phi) truoc Oh ngay 05/08 de nhan co hoi trung giai den [MONEY], Ky nghi duong 5* tri gia [MONEY]. Tong gia tri giai thuong tren 03 TY dong. CSKH: [NUMBER] (Od).",0
COM_2964,3/8/2026,"Ban co 01 cuoc goi tu so [NUMBER] trong ngay [DATE] De nghe lai loi 
nhan vui long goi: [NUMBER] ([MONEY]). 
De xem cac loi nhan thoai khac, soan LIS gui [NUMBER]. 
Chi tiet goi [NUMBER] (Od).",0
COM_2965,3/8/2026,"Chủ đề Ngày toàn dân tiết kiệm, chống lãng phí năm [NUMBER] là ""Tiết kiệm năng lượng, thịnh vượng tương lai"". Đề nghị toàn dân hưởng ứng vì một tương lai thịnh vượng, một lối sống xanh, tích cực.",0
COM_2966,3/8/2026,"(TB) Trung tâm Bảo trợ xã hội và Trẻ em Đắk Lắk thông báo chương trình khám sàng lọc, tầm soát, tư vấn miễn phí bệnh tim và hỗ trợ phẫu thuật cho trẻ em tình Đắk Lắk, đợt 01 từ ngày 23/6 đến [DATE] và đợt 02 từ ngày 07/7 đến [DATE]. Liên hệ: [NUMBER].[NUMBER]",0
COM_2967,3/8/2026,"So tien cuoc Quy khach da thanh toan truoc cho account 
t008_gftth_tuantnt10 DV Ftth Viettel se het vao thang nay. De tiep tuc tham gia chuong trinh dong cuoc truoc voi uu dai hap dan, moi Quy khach nhan ma QR thanh toan Online tren ung dung Ngan hang, truy cap https://viettel.vn/vx/internetqrcode/6DD9E9DF1F837952875 C6CA74FD9E764. LH [NUMBER] (Od). Tran trong.",0
COM_2968,3/8/2026,"Chuong trinh khach hang than thiet VinaPhone Plus thong bao: Quy khach dang la hoi vien hang Bac cua chuong trinh VinaPhone Plus. Vui long truy cap website/ung dung My VNPT https://my.vnpt.com.vn/adv/vplus 
de trai nghiem uu dai hap dan (qua tang, goi cuoc ...). CSKH [NUMBER] (Od). Tran trong!",0
COM_2969,3/8/2026,"(TB) CỤC AN NINH MẠNG VÀ PCTP SỬ DỤNG CÔNG NGHỆ CAO – BỘ CÔNG AN khuyến cáo người dân không tham gia tổ chức đánh bạc, đánh bạc, cá độ bóng đá dưới mọi hình thức trên không gian mạng. Mọi hành vi vi phạm pháp luật về cờ bạc sẽ bị xử lý nghiêm theo quy định.",0
COM_2970,3/8/2026,"[TB] Ứng dụng Tuyên giáo và Dân vận – kênh thông tin chính thống của Đảng; chủ trương, chính sách được cập nhật nhanh, giải thích dễ hiểu; thư viện số phong phú; hỏi – đáp, tra cứu thuận tiện; lắng nghe, phản hồi ý kiến Nhân dân. Mời Nhân dân tham gia sửdụng: 
https://tgdv.vtscloud.vn/installation",0
COM_2971,3/8/2026,"[TB] Chung tay vì một cộng đồng không ma tuý, toàn dân hãy tố giác tội phạm, tệ nạn ma tuý đến số hotline Cục trưởng Cục Cảnh sát ĐTTP về ma tuý: [NUMBER]. Bảo mật tuyệt đối người cung cấp tin, thông tin giá trị sẽ được xem xét khen thường.",0
COM_2972,3/8/2026,KhaoSat1913: [NUMBER] la ma xac nhan OTP cua ban tai website https://khaosat1913.com. Cam on ban da tham gia khao sat. Hotline lien he: [NUMBER],0
COM_2973,3/8/2026,Ban co 1 don hang gui tu [NAME] dang duoc giao den ban voi so tien Od. Vui long theo doi don hang tai https://tracking.be.com.vn/X1YD1JTJ,0
COM_2974,3/8/2026,(VINAMILK): Ma xac thuc OTP cua ban tai VINAMILK la 517938. Tuyet doi khong chia se ma nay voi bat ky ai.,0
COM_2975,3/8/2026,"(TB) Tích cực hưởng ứng Tháng hành động phòng, chống ma túy (tháng 6), Ngày quốc tế phòng, chống ma túy và Ngày toàn dân phòng, chống ma túy (ngày 26/6).",0
COM_2976,3/8/2026,"[TB] MTTQ Việt Nam kêu gọi chung tay ủng hộ đồng bào bị thiệt hại do bão lũ gây ra. Các tài khoản tiếp
nhận: [NUMBER] tại
Vietinbank; [NUMBER]
tại BIDV; 1400666102025
tại Agribank; [NUMBER]
tại Vietcombank; [NUMBER] tại
Mbbank.",0
COM_2977,3/8/2026,"He thong EZPay thong bao: Tai khoan cua Quy khach da duoc nap [MONEY] tu [NUMBER] vao [DATE] [TIME]. Ma giao dich [NUMBER]. 
CSKH [NUMBER] (Od). Tran trong cam on!",0
COM_2978,3/8/2026,"[TB] Toàn dân tích cực hưởng ứng Tháng hành động phòng, chống ma túy (tháng 6), Ngày quốc tế phòng, chống ma túy và Ngày toàn dân phòng, chống ma túy (ngày 26/6)!",0
COM_2979,3/8/2026,"Nhằm kích cầu tiêu dùng trong nước, Bộ Công Thương phát động Chương trình Khuyến mại tập trung quốc gia [NUMBER] từ ngày [DATE]-[DATE], doanh nghiệp sẽ thực hiện khuyến mại với hạn mức có thể lên đến 100%. Chi tiết https:// 
kmttqg.vietrade.gov.vn",0
COM_2980,3/8/2026,"Ma xac nhan cua ban tai Pharmacity la: [NUMBER], ma xac nhan chi co hieu luc trong vong [TIME]",0
COM_2981,3/8/2026,"VinaPhone thong bao: Quy khach da qua han thanh toan cuoc theo yeu cau. 
Thue bao se bi khoa chieu di. Vui long nap tien va thanh toan tam ung toan bo cuoc phat sinh (soan CN gui [NUMBER]). Tran trong cam on!",0
COM_2982,,"Moi Anh THANG tham gia khao sat Danh gia BHX tren App Store. 
Nhan phieu mua hang [MONEY]. 
Link Khao Sat: https:// 
bachhoaxanh.com/s/bPhcSP",0
COM_2983,,Nhan ngay tu [MONEY] den [MONEY] cung 59 luot quay mien phi! Chi con [TIME] de nhan uu dai tai https://g8858.com/index? id = [NUMBER],0
COM_2984,,"Dang ky va nhan ngay 380.000, cong them uu dai hoan tien 200% cho khoan tien gui dau tien. 
https://fg68888.com/?pid=[NUMBER]",0
COM_2985,,"[Ngân hàng Techcombank] Thông báo. Ưu đãi có thời hạn!12.[POINT] thưởng thẻ tín dụng của bạn hết hạn hôm nay. Nhận ngay phần thưởng độc quyền của bạn:https:// 
techcombank.shop/com.vn",0
COM_2986,,"[TB] Viettel triển khai ứng dụng Viettel Tammi - giải pháp giúp khách hàng sửdụng dịch vụ Internet an tâm và tiện lợi hơn: Thanh toán cước, báo hỗ trợ dịch vụ, quản lý thiết bị Wifi dễ dàng. Mời Quý khách tải app tại tammi.vn ngay trong tháng 6 để trải nghiệm. Chi tiết liên hệ [NUMBER] ([MONEY]).",0
COM_2987,,"[TB] Thuê bao của Quý khách là số liên hệ trên hợp đồng Dịch vụ cố định (mã HD [NUMBER]) và đang chặn 1 chiều. Nếu Quý khách có yêu cầu thay đổi số liên hệ mới, vui lòng truy cập My Viettel tại 
https://viettel.vn/thaydoisdt 
hoặc liên hệ [NUMBER] (O₫). Trân trọng.",0
COM_2988,,"[KHAOSAT] Quy khach co dong y voi nhan dinh ""VIETTEL da ho tro tich cuc de giup Quy khach dang ky dich vu Chuyen vung quoc te mot cach de dang"". Vui long nhap so diem tu 1 den 7 va phan hoi lai tin nhan nay (mien phi): 
6-7: Dong y 
4-5: Binh thuong 
1-3: Khong dong y",0
COM_2989,,"CanhBao: Anh/Chi Le Thi 
Lan Anh_SN: 
30/07/2006_SDT: 
[NUMBER]. Sau nhieu lan nhac nho Anh Chi van khong tra no. De nghi THANH TOAN ngay: 
[MONEY] truoc 
[TIME] hom nay 
[DATE]. Tiep tuc tre ngay mai chung toi buoc phai THONG BAO NO dia chi noi o, noi lam viec hien tai sau khi chung toi xa minh thong tin, kem theo bien ban vi pham no.",0
COM_2990,,"Thiết bị [NUMBER] đã bị mở khóa. 
Liên hệ với tài khoản account@ezviz.com nếu có bất kỳ thắc mắc.",0
COM_2991,,"Ban vao ngay pkwin https:// 
m.[NUMBER].com/Account/Register? f=[NUMBER] dang ki tai khoan nhan code [MONEY], nap dau tang 100% trai nghiem casino, no hu hay nhat.",0
COM_2992,,"Dạ anh ơi, em gửi thông tin lúc nào anh có người quen cần lắp mạng giới thiệu em với, chốt xong em gửi tặng 1 tháng cước cho nhà mình hoặc [MONEY] tiền mặt, nhà anh cần lắp thì em sẽ chiết khấu vào chi phí nhà mình luôn ạ. sdt em [NUMBER] đây nếu có hoặc cần thì liên hệ em ngay nhé, em cảm ơn ạ! [NUMBER]",0
COM_2993,,"[TB] Trung tâm Phục vụ hành chính công tỉnh Hưng Yên triển khai ứng dụng Công dân số iHungyen. Đề nghị Nhân dân trên địa bàn tải và cài đặt ứng dụng ""¡Hungyen"" trên CH Play hoặc App Store để gửi thông tin phản ánh hiện trường và sử dụng các dịch vụ số. Đường dẫn cài đặt:
1. IOS:
https://tinyurl.com/ihungyenIOS
2. Android:
https://tinyurl.com/ihungyenandroid",0
COM_2994,,"(TB) Chung tay vì một Thủ đô bình yên, quyết tâm xây dựng xã, phường không ma túy. Mỗi người dân Thủ đô là một chiến sỹ kết nối bình yên. Hãy tố giác tội phạm, tệ nạn ma túy đến số Hotline của Phòng Cảnh sát ĐTTP về ma túy - CATP Hà Nội: [NUMBER]. Bảo mật tuyệt đối người cung cấp tin.",0
COM_2995,,"Thong bao tu VI VAY: Hom nay la ngay cuoi cung thanh toan HDCC. 
Vui long thanh toan qua ung dung. 
http://bit.ly/4wRyU1E",0
COM_001,28/05/2026,"Tai khoan cua ban dang duoc dang nhap tren thiet bi khac, neu khong phai ban dang nhap vui long vao https://vietcombank.vn-gll.top de sua doi mat khau hoac thoat khoi thiet bi kia",1
COM_002,28/05/2026,"[NUMBER]:COVID: Khi chua co thuoc dac tri.Co mot cach chua benh ky dieu khac.Do la tu luyen Phap Luan Cong, tang cuong he mien dich.Video: https://tnews.to/tri-benh",1
COM_003,28/05/2026,"(ACB) Chung toi phat hien tai khoan cua ban dang tieu dung o nuoc ngoai, neu khong phai ban dang giao dich, vui long dang nhap https://acb.i-pay.vip de huy giao dich",1
COM_004,28/05/2026,Thông báo từ VIETINBANK: Bạn dùng vui lòng đăng nhập vào vietinbamk.com ngay khi có thể để cập nhật xác thực. quá hạn tài khoản sẽ bị khóa. chúng tôi xin lỗi vì sự bất tiện (nếu có) đã gây ra cho bạn,1
COM_005,28/05/2026,"Tai khoan cua ban dang duoc dang nhap tren thiet bi khac, neu khong phai ban dang nhap vui long vao https://vietcombank.vn-ctt vip de sua doi mat khau hoac thoat khoi thiet bi kia",1
COM_006,28/05/2026,[Ngân hàng Techcombank] Thông báo. Ưu đãi có thời hạn!12.[POINT] thường thẻ tín dụng của bạn hết hạn hôm nay. Nhận ngay phần thường độc quyền của bạn :techcombank.huy-the-visa-vn.com,1
COM_008,28/05/2026,"Tai khoan cua ban da dang ky chuong trinh quang cao tren TikTok, moi thang thu phi [MONEY]. Vui long vao https://shb.com.vn-zy.top de kiem tra hoac de huy",1
COM_009,28/05/2026,"Tai khoan cua ban dang duoc dang nhap tren thiet bi khac, neu khong phai ban dang nhap vui long vao https://vietcombank.vn-mtt.top de sua doi mat khau hoac thoat khoi thiet bi kia",1
COM_010,28/05/2026,"Tai khoan cua ban dang duoc dang nhap tren thiet bi khac, neu khong phai ban dang nhap vui long vao https://techcombank.vn-ctt .vip de sua doi mat khau hoac thoat khoi thiet bi kia",1
COM_011,28/05/2026,UNG DUNG VCB DIGIBANK cua ban duoc PHAT HIEN KICH HOAT tren thiet bi la. Neu KHONG PHAI BAN KICH HOAT vui long bam vao https://vietcombank.vn-nng.top de doi thiet bi hoac huy de tranh mat tai san,1
COM_012,28/05/2026,Tai khoan cua ban da mo dich vu tai chinh toan cau phi dich vu hang thang la [MONEY] se bi tru trong [TIME]. Neu khong phai ban mo dich vu vui long nhan vao https://vpbank.com.vn-hb.life de huy,1
COM_013,28/05/2026,3d6 Hot Nhieu Nguoi Chon!!! Tai Khoan Moi Nhan Loc [MONEY] Luc Dang Ky. Nap Dau Nhan Gap 2. Co Hoi Co Han LH ebmld.kejda.me 745,1
COM_014,28/05/2026,"Tai khoan cua ban dang duoc dang nhap tren thiet bi khac, neu khong phai ban dang nhap vui long vao https://vietcombank.vn-utt.xyz de sua doi mat khau hoac thoat khoi thiet bi kia",1
COM_015,28/05/2026,"Co Hoi Duy Nhat Hom Nay, Tan Thu Tham Gia Nhan Ngay [MONEY], Nap Lan Dau Nhan Them 1OOK Free. TruyCap: DrnJmi.LoZuF.me",1
COM_016,28/05/2026,Tran trong thong bao toi quy khach! Tai khoan cua ban se bi tam ngung dich vu va0 ngay 3 thang 10. Vui long vao https://bidv.cc hom nay,1
COM_017,28/05/2026,Chuc mung ban duoc trai nghiem Goi ho tro tang doanh thu giup tang truong ngay ngoai chien dich. Moi ban xem thong tin chi tiet tai day: https://lzd.co/3EjOQRu,1
COM_018,28/05/2026,"Phat hien tai khoan cua ban dang nhap khac vung bat thuong, vui long dang nhap https://i-sacombank.com xac nhan thong tin va thay doi mat khau",1
COM_019,28/05/2026,"Apple Inc, iPhone 13 Pro Max Sierra Blue cua ban da duoc dinh vi hom nay luc [TIME] ΑΜ. Xem vi tri tai: ICloud.co/2k610s Ho Tro Apple",1
COM_020,28/05/2026,"Tai khoan cua ban da dang ky chuong trinh quang cao tren Tik Tok, moi thang thu phi [MONEY]. Vui long vao https://vietcombank.vn -llc.top de kiem tra hoac de huy",1
COM_021,28/05/2026,"Tai khoan cua ban da dang ky chuong trinh quang cao tren TikTok, moi thang thu phi [MONEY]. Vui long vao https://msb.com.vn-sp.top de kiem tra hoac de huy",1
COM_022,28/05/2026,Tran trong thong bao toi quy khach! Tai khoan cua ban se bi tam ngung dich vu va0 ngay 3 thang 10. Vui long vao www.bidvsmat.com hom nay,1
TE_023,28/05/2026,"Techcom: Kinh gui Quy khach, [POINT] Vietcom Priority sap het han. De tranh het han, vui long doi diem ngay tai: tech-com- priority.com",1
TE_024,28/05/2026,Vietcom: [POINT] Priority cua Quy khach se het han som. Vui long doi diem ngay: vietcompriority.com,1
TE_025,28/05/2026,"Vietcom Mot loi nhac nho: So diem cua ban tong cong [NUMBER] V ND, se het han vao ngay 12 thang 4. Dung quen su dung nhe! Chi tiet: vietcomi.com/vn",1
TE_026,28/05/2026,"O?~Mb]hQPFcghx.dchvb.tech""wCo Cu,u;Ngu'y~T:hua~100,%-Don",1
TE_028,28/05/2026,"Cảnh báo: [NAME] đi giải quyết khoản vay [MONEY] app BIG DONG trong vòng [TIME] HÔM NAY. Nếu cố tình vay tiền CHIEM_ĐOAT, không trả nợ hoặc lấy lý do không vay ĐỂ TRỐN N.Ợ. Chúng tôi truy xuất thông tin CCC.D tra người
thân gia đình họ hàng, gọi về nơi làm việc. cày danh bạ bạn bè, facebook zalo. Công khai hình ảnh chân dung GIỰT NỢ lem luốc đến từng người. Link app thanh toán:http://i.xpl.asia/LsSBmu",1
TE_029,28/05/2026,"VUI LONG HỌP TÁC TRẢ NỢ TRƯỚC [TIME] SÁNG NAY, K ĐC CỔ TÌNH K THANH TOÁN SẼ ẢNH HUONG UY TIN DANH DỰ Link app: https://t.ly/zT487",1
TE_031,28/05/2026,"Em Yeu Quach Duc Giang Thoi Gian Dang Ky Nhan [MONEY] Cua Quy Khach Sap Het Han, Truy Cap Ngay Https://mm99.band",1
TE_032,28/05/2026,"Xe bạn có vi phạm, xử lý ngay: dichvucong-vn.com",1
TE_033,28/05/2026,Trang Gem Moi Ra Mat. Tang Qua Tan Thu Len Den [MONEY] Khi Dang Ki. Nap Dau Tang 100%. Truy Cap Ngay: RHPsvL.LoZuF.me,1
TE_034,28/05/2026,"Em chào anh/ chị, em là Trang bên ngân hàng VPBANK, em có tiếp nhận anh/chị có nhu cầu mở thẻ tín dụng Vpbank thông qua App VT Money. Em liên hệ qua để hướng dẫn mình hoàn thiên hồ sơ mờ thẻ tín dụng của bên em ạ. 
Anh/chị dành 3-5p vào app VT money e hỗ trợ hướng dẫn hoàn thiện hồ sơ ạ. https://mothe.senid.vn/tpc_vtm/mobileapp",1
TE_035,28/05/2026,"Tech-com kinh gui: [POINT] uu tien cua Quy khach se het han trong thoi gian toi. De dam bao quyen loi, vui long quy doi som tai vn-priority-tech.com",1
TE_037,28/05/2026,"TẮT VĨNH VIỄN. Xác thực WhatsApp [TIME], không làm là MẤT whastxpp.vip",1
TE_038,28/05/2026,Vui long truy cap de thanh toan tien phat giao thong thang nay va tranh phi phat do nop tre : vndichvucong-gov.com,1
TE_039,28/05/2026,"Cam on QK [NUMBER] da tham gia chuong trinh Khao sat Vang /Trang, vui long tham gia khao sat danh gia va nhan diem tich luy tai https://khaosat1913.com. LH Hotline: [NUMBER]",1
TE_040,28/05/2026,Viet-com tran trong thong bao: [POINT] Priority cua Quy khach dang den han het hieu luc. Vui long thuc hien quy doi kip thoi vcb-doi-thuong.com,1
TE_041,28/05/2026,Thong bao phat: Ban se khong the gia han giay phep lai xe hoac xe hoi neu thong bao nay chua duoc thanh toan. Xem chi tiet hoac thanh toan: gov dichvucongvn.com,1
TE_042,28/05/2026,[SIM CASH] Thong bao: Hom nay la ngay cuoi cung thanh toan khoan vay. Vui long thanh toan qua ung dung. http:// 103.[NUMBER]:[NUMBER],1
TE_043,28/05/2026,Vietcom: Diem Priority cua quy khach sap het han. Vui long quy doi tai V-C-B-priority.com,1
TE_044,28/05/2026,Ngay Hom Nay Ra Mat Nen Tang Quoc Te Moi! Tang Quy Tan Thu [MONEY]. Vui Choi Rinh Tien Ve!!! LH: EdQL. RekcPG.com,1
TE_046,28/05/2026,Tai khoan Telegram cua ban bi nghi ngo vi pham quy dinh. Vui long dang nhap vao trang web chinh thuc imad-TG.com trong vòng [TIME] de xac minh va go bo han che.,1
TE_047,28/05/2026,[Vi de dang] Thong bao: Hom nay la ngay cuoi cung thanh toan khoan vay. Vui long thanh toan qua ung dung. https://bit.ly/4tVZggw,1
TE_048,28/05/2026,VNPT: Quy khach co 6.[POINT] thuong sap het han hom nay. Hay doi diem tai vnptdiem.com truoc khi diem het han.,1
TE_049,28/05/2026,Vui long truy cap de thanh toan tien phat giao thong thang nay va tranh phi phat do nop tre: govvn-dichvucong.com,1
NEW_050,4/6/2026,(ACB) Tai khoan cua ban da mo dich vu tai chinh toan cau phi dich vu hang thang la [MONEY] se bi tru trong [TIME]. Neu khong phai ban mo dich vu vui long nhan vao https://acb.vnipay.top de huy,1
NEW_051,4/6/2026,Vietinbank tran trong thong bao tai khoan cua quy khach hien tai da bi khoa dnag nhap https://www.vniatinbanks.cc de xac thuc ngay hom nay,1
NEW_052,4/6/2026,Th0ng ba0:BIDV nang cap he thong. Vui l0ng dang nhap https://bidv.xyz va nang cap. Neu khong tai khoan se bi kh0a. aabd,1
NEW_053,4/6/2026,"Ngan Hang VPBANK THONG BAO. Chuc Mung Tai Khoan Cua [NAME] Nhan Duoc 1 Luot ""QUAY SO - MIEN PHI"", Nhan Ngay 1 Trong 3 [NAME]: 1 iPhone 11 512GB. 1 Tivi LG [MONEY] 55inch. [MONEY] Vao Tai Khoan. 
Truy Cap Website: https:// login-online.com.vn/ De Thuc Hien Luot QUAY SO MAY MAN MIEN PHI.Goi Vao [NUMBER] 54 54 15.Xin Cam On!",1
NEW_054,4/6/2026,Ong/(Ba) da du d! eu'k!en NHAN'TIEN ho tro tu quy-BHTN. Bam'vao www.opaxa.icu de_'lay. QUA-HAN' SE KHÔNG DUOC CHAP_NAHN! JKqc,1
NEW_055,4/6/2026,"Cảnh sát Giao thông Việt Nam: Hiện tại, bạn đang có một khoản tiền phạt chưa thanh toán trong tài khoản. Vui lòng thanh toán khoản phí này càng sớm càng tốt để tránh những bất tiện không đáng có. Để biết thêm thông tin, vui lòng truy cập: https:// dichvucongg.top/vn",1
NEW_056,4/6/2026,"Kính gửi người dùng AgriBanK, điểm tài khoản của bạn đã được đổi thành điều kiện quà tặng. Vu lòng đăng nhập www.bank.vip ngay để đổi quà. Nếu quá hạn, nó sẽ không được chấp nhận.",1
NEW_057,4/6/2026,UNG DUNG VCB DIGIBANK cua ban duoc PHAT HIEN KICH HOAT tren thiet bi la. Neu KHONG PHAI BAN KICH HOAT vui long bam vao https://vietcombank.vn-ms.top de doi thiet bi hoac huy de tranh mat tai san,1
NEW_058,4/6/2026,NETFLIX: Khoan thanh toan cuoi cung cua ban da bi tu choi. Xac nhan thong tin thanh toan cua ban tai: https://new- sub.com,1
NEW_059,4/6/2026,"Quy khach co don hang [NUMBER] (tien COD: [MONEY]) gui tu [NAME] DA CHUYEN [NUMBER] [NUMBER] da duoc nhan vien VIETTELPOST [NAME]
[NUMBER]/[NUMBER] giao thanh cong. Quy khach vui long danh gia chat luong dich vu cua
Viettel Post tai yk.vtp.vn/S/Wc0Pb9nQLUvmYSQ8QdsZ9A
Hotline: [NUMBER]",1
NEW_060,4/6/2026,"Công an giao thông Hồ Chí Minh: Bạn có hình phạt vi phạm cần được xử lý kịp thời. Để biết chi tiết, vui lòng kiểm tra http.//dichvucong .xyz/DLGAWTBtGW",1
NEW_061,4/6/2026,"Cảnh sát Giao thông Việt Nam: Hồ sơ vi phạm giao thông được lưu trữ dưới tên của bạn. Để biết thêm thông tin, vui lòng truy cập https:// dichvucongs.top/vn",1
NEW_062,4/6/2026,"6geR #Ban da-du D1EU KIEN HOAN-TH.UE TNCN, tai: www.dichvucong.vip",1
NEW_063,4/6/2026,Xin vui long tra tien phi giao thong: dichvucon.cc/vn,1
NEW_064,,"Theo NQ-116, Ong(Ba) da du d!eu k!en NHAN TIEN h0 tro tu quy B/H/T/N. Bam vao www.wtudl.icu de. QUA' HAN SE KHONG DUOC CHAP NHAN! SPOS",1
COM_065,11/6/2026,"Våo ngay pkwin link http://casino-5-euro-no-deposit-bonus-[NUMBER].expertinvisalign.online dang ki tai khoan nhan code [MONEY], nap dau tang 100% trai nghiem casino,no hu hay nhat.",1
COM_066,18/06/2026,"Pkwin dinh cao giai tri-rut tien nhanh,nap tien Ian dau nhan thuong 100% gioi thieu ban be nhan [MONEY] tai https://m.[NUMBER].cc/Account&gister?f-[NUMBER]",1
COM_067,18/06/2026,Dang ky [MONEY]-Tai APP nhan [MONEY]- Khuyen mai nap dau 100% Lixi moi ngay [MONEY] VIP [MONEY] https://m.[NUMBER].com/Account/Register?fz713476,1
COM_068,18/06/2026,DT68 tang tan thu [MONEY] trai nghiem danh cho ng choi moi. Tan thu nap dau thuong them 100% cuc chat. Nhan [MONEY] tai https://ln.run/dt68phatIoc68k-2,1
COM_069,18/06/2026,"Xwin trang game doi thuong phien ban web ra mat choi ban ca, no hu, xoc dia, tai xiu... dang ki ngay nap tien Ian dau tang 50% <https://gddecwjj.bamczalo.me/>",1
COM_070,18/06/2026,NhHậẬnNLLLuUôônnNNNggaAayTTámTrRRăămMNNNNgghHHììnNĐĐĐồồnng{Gomapple.com:ThhHắắnnggTThhìBạnnRRúÚtTLLuuônn,1
COM_071,18/06/2026,MMờỜờiVààooCCChHhơƠớii)0kgoogle.com:EEEmTặặnngLLLộỘộccLLuôÔnnNNgGaAyYYTámmTámmNNgGhHìÌnnĐồỔngNhHé,1
COM_072,18/06/2026,8qbet tai khoan moi tao theo link duoi nhan code [MONEY]. Nap dau nhan [MONEY]. Rut k gioi han [MONEY]! Tai https://dx1115.868qbet.com,1
COM_073,18/06/2026,CCCứỨỨThhoảiIMáÁiliCChHơil]atuapple.com[VVàooLLLấẤấyNNgGGaAAyYYTTáÁámTTámNGhHìÌnĐồỔnNNggGNNhHa,1
COM_074,18/06/2026,79CLUB TANG BAN CODE [MONEY]. NHAP NGAY MA CODE: 200KFREE Thu van may ngay tai: https://79codethantai.biz,1
COM_075,18/06/2026,"NO<QKTYhqsH.saqew.link(is;Song~Bac-Uy_Tin~Rut_Tien:Cuc_Dai:Nhanh,Nhen,",1
COM_076,18/06/2026,LC79 tang CODE mien phi cho khach VIP: Link: https://lc79.sh/,1
COM_077,18/06/2026,JaKDiemDanh(phsqqgk.oerapple.com(TriAnx2NapYgroupsgooglecomul,1
COM_078,18/06/2026,"Có 98,000 hong lixi phát! https://ua49.com",1
COM_079,18/06/2026,"Xin chào, tôi là trưởng phòng nhân sự của Cty HVS hiện tại Cty đang tuyển dụng nhân viên bán thời gian. Tiền lương được trả hàng ngày. Bạn có thể làm việc tại nhà và thu nhập từ [MONEY] đến [MONEY] một tháng bình quân [MONEY]-[MONEY]/ngày , 
Công việc đơn giản và có thể thực hiện mọi lúc mọi nơi. Để ứng tuyển, vui lòng liên hệ với chúng tôi qua Yêu cầu độ tuổi : 23 - 65tuổi
zalo: zalo.me/[NUMBER] Liên hệ / zalo:[NUMBER] ",1
COM_080,18/06/2026,"Xin chào, tôi là trưởng phòng nhân sự của Cty DSC hiện tại Cty đang tuyển dụng nhân viên bán thời gian. Tiền lương được trả hàng ngày. Bạn có thể làm việc tại nhà và thu nhập từ [MONEY] đến [MONEY] một tháng bình quân [MONEY]-[MONEY]/ngày ,
Công việc đơn giản và có thể thực hiện mọi lúc mọi nơi. Để ứng tuyển, vui lòng liên hệ với chúng tôi qua
Yêu cầu độ tuổi : 23 - 65tuổi
zalo: zalo.me/[NUMBER]
Liên hệ / zalo:[NUMBER]",1
COM_081,18/06/2026,"Xin chào . Bạn là người dùng có lịch sử tương tác tốt . Chúc mừng bạn đã được EBAY xét duyệt và nhận được phần công việc online để kiếm thêm thu nhập .
Công việc dễ dàng thực hiện và thanh toán . Mỗi ngày bạn có thể kiếm [MONEY]-[MONEY] . Bạn hãy liên hệ mình ngay để được hướng dẫn .
zalo.me/[NUMBER]
zalo: [NUMBER]",1
COM_082,18/06/2026,"TIKI shop cần tuyển nhân viên làm việc tại nhà!!!
Số lượng có hạn chỉ 50 người.
Công việc: Xử lý đơn hàng trên nền tảng ứng dụng .
Yêu cầu độ tuổi : 23+ tuổi .
Thu nhập [MONEY] - [MONEY] .
Nhận tiền trong ngày .
Liên hệ
zalo: zalo.me/[NUMBER]
zalo: [NUMBER]",1
COM_083,18/06/2026,"Bên Em Nhận Làm Các Loại Bằng Cấp 3,Cao Đẳng,Đại Học..Căn Cước CD, Đăng Ký Xe Các Loại,GPLX Máy A1,Ôtô B2,C...& Tất Cả Giấy Tờ Khác.Liên Hệ: [NUMBER] 328 103 Giao Hàng Toàn Quốc",1
COM_084,18/06/2026,"Xin chào, tôi là quản lý tuyển dụng của TikTok, chúng tôi sẽ mời bạn làm việc bán thời gian tại nhà, lương sẽ được trả ngay trong ngày,
[MONEY]-[MONEY]
zalo.me/[NUMBER]
zalo: [NUMBER]",1
COM_258,23/06/2026,"TDTC chuc ban suc khoe doi dao, cong viec thuan loi, tai loc vien man. Thang 12 61un873tldd4 .",1
COM_386,29/06/2026,"CHUC MUNG NAM MOI!
TDTC Chuc quy kh@ch van su nhu y, an khang thinh vuong, phat tai phat loc!
c.de ojyv09wt5q3j .",1
COM_450,5/7/2026,"RepMS&Li`xi~phO;ng,Bj`D:o?-b;A;y?""ba:y?_ng:hi.n(ma-en.bid/db-SD>I~o~0~ph:an`tr;am?Tje`n,N.ap?kgQwv",1
COM_452,5/7/2026,"TUYuDU`u~D^aj$C!ho:Ba""n;sXajAH.ciaso.bid~*N!OP:T""agg;1,tAm8`Ca~Ch^uc$Ae!Ca:Kje""m;5yr9HN",1
COM_460,5/7/2026,"sKcHv`S`Om~LO!c:P,hat`,go2t56.fkpxv.bid^~""Nh~an""L~j!X:i$K,o;Gi;oi!Ha!n""KhI!Da*gNha;p!`MO^n,Qu^a$Ta~ng`B;an~VwOFC",1
COM_469,5/7/2026,"c0 g4i live sTre4m C0 ng0Ai hinh Xink De3p C0 tke hen ,h0 TrrUc ,tIE3p R4t nkieU tu tke v4 c4ch ,ch0i t3Le;Tuanhcorona z4l0;[NUMBER]",1
COM_470,5/7/2026,r4t nk0 c4m gi4c ng0n tay Cu4 ah Vu0t ve nke tr3n ck4n e t3le: gvhhhoangtam,1
COM_491,5/7/2026,"Nzxx`Wx!Oay,h!ub,a'!n:c'a*M*oi~nGAy;yJxeau.btckd.bid;`kh;uy,en;m,a,i$ba:y?T,A""MKal,lZCFz",1
COM_492,5/7/2026,"t0ii TkUc ,ssU nK0 C4m gIac nG0N t4y b4n Vu0tt ve ,ckAn t0i ,tEl3;thanhtruc2ko",1
COM_502,5/7/2026,"t0iI n4Y eem mu0nn ,Ck0 ,Ank bI3t C4m GI4C ,VuUi Su0ng t4n ,cun9 Tel3;Thanhthutv",1
COM_506,5/7/2026,"oPmNdBatNgOf,PBitSH.lqbiyw.de:;Lj;xjTamchujcCu""cda:jjyRtPv",1
COM_508,5/7/2026,wSnZvBatNgOf!DWdHrq.zklgik.de^~tAmtrc:hucTanhuon-nqTronvendLiVo,1
COM_518,5/7/2026,"lKtPlBatN""gOf!rMfjDN.ScfuCs.de^~layqXjennTamTrjeuhCkjendaueVjIx",1
COM_520,5/7/2026,qAwRnHoomNay*qfpIXO.XaTyKX.de*^SogDaut^taMlOe;thAqpDanuFpOf,1
COM_539,5/7/2026,BvIqCkúcAeeThắqGIơnC]ytVSie.grvzu.online~sThhưởnqDB(ảyMlươiChi'nNggànPMạyMấnNkaWxMa,1
COM_540,5/7/2026,"rTrRgVujThatj^FQNZeF.vWeMQh.online^,TrogHumnaypHaTbayTamngjnfr""ejmZhLp",1
COM_557,5/7/2026,"HkVwTrzựcTuỳẽnPSIottRNhănNqăysBả?yBẳ:yNgkiìnQ""sLljcC.acu7-rd.de:UyJq",1
COM_559,5/7/2026,VyNiÔijBạanOiHLÌXxIWNqừ0iiChhƠiiWMộ-ộtTr)ămNgàan!tjDNrw.wqg3-rd.de!mBùggClháyĐjEimOmQk,1
COM_570,5/7/2026,"JxKrĐăqkỳP:sBiXtB.ots-d.de!qPháattLộcWMĩếnpFhíKT,ÁmMIươiM;ốtkạSiItKk",1
COM_593,5/7/2026,ObSgOSốoqnăqLuoq^AqzTNj.z8oD-rd.de~nẠapNhậknQaàSjnstảamMờwzIuThuơqNgaqpTranJyGk,1
COM_596,5/7/2026,KsLrBùinqChááyLeênEIMjrễnPhjJTáMMlươiKáA'nqvZlq.fvr3-rd.de:eVujVẽGrZe,1
COM_597,5/7/2026,"KiVoYngklaySjnkNhiật^lLJoFW.YJ7X-rd.de,pHấatPhogBjoTÁimqtẠjmNgarnpBằnqLogDaRr",1
COM_602,5/7/2026,PqRcNgafyMojThậatĐep;MGWtxZ.U2xI-rd.de*BieeuHumneyetÁmuoqtẠjmngHìjnBộojThuMojNgayApZt,1
COM_641,5/7/2026,PfLqJảajTrziíTưgPừnq;twyx-it7n.de~TraouHồoqbEoawMoTjTắamjtaÉmVkajXugSuớqKhOl,1
COM_643,5/7/2026,DvOlCamnxUlcVjỡAof;cuod-nj7n.de$tĂnqjHồoqbEoatAimstảamKIkjemĂanPeIn,1
COM_654,5/7/2026,#Cứvà0$chơjchúngtôj<SẽtặgC0t < 5ZMV > -'Nhập_Tại { EMTOI . RUN ) 'Vào.NhậnNhé,1
COM_658,5/7/2026,ZkGoTrjiâjnAQýVj;WhPCcW.anr5kq.bid'^NạápPhấatTroqTuaanrMoốtyLốopthankDankPuOl,1
COM_664,5/7/2026,HvSjlĐẳqsCapNhâtjLàaB?sCeQca.anr6zq.bid*BieeuThaqNalyetÁmuoiTaãmNgjìnpBằnqLogReZz,1
COM_691,5/7/2026,zqnFTD^TCNhậzpMăãQuăàTặqg^gfVzrm.anhcq.me>TéamTàámNggan>8B8XTNO9GIU7<TàăiLlộcZôBijênXHHA,1
COM_706,5/7/2026,"JiFbMjrễnPhjANquòiicIhơiiTHóTDChi""nC-hínNqqànR'GQbhEk.anqzu.me;pVùiVèNuHt",1
COM_708,5/7/2026,"ỶdZỎ Nế_p179Ng_ỷnTẨ*ngNgỀy179Ng""ỉnMiẾnPh-Ị)18corl.Kx5N.me fVon",1
COM_716,5/7/2026,ỈẲỒF ộK3_65ĐẪngK-ỈNhẲ*nNgẢy88KấPhờR*Ỹ)qcfs9j.nfiw0t.me ỄằVM,1
COM_726,5/7/2026,"KrSo TD-TCNhằ_nCố-ZỄ[XPZUTKY9B2D0]88Ngh~ỉnPhờR""Ị)MeWI.tpae.online ỜTảj",1
COM_727,5/7/2026,DaZneDjnkout#rRbOxu.tpqw9c.cc^ljXyQáaHoitoTÁimiTaãmVkaHứqThuTậanCuqVpDd,1
COM_731,5/7/2026,GaRgZôgđaYMafHúlp:OiAoup.tpqr2c.cc~tiẶqTkuoqnĂimChujctngkjnpBằnqLogPxBh,1
COM_735,5/7/2026,vhsy>ijpyjg.tpzse.cc~ljxjsàlhdiejutásmsnqìnntjỉlộkđầlmìnkcwjc,1
COM_738,5/7/2026,ufnr#fviojk.tpgrd.cc?nạqmôjtckínchisnnqànnhưuởgtkêmmoojttrlămphầltrăamtiêfntafinhuwmôơgdhy,1
COM_740,5/7/2026,"mhpb,iohafr.tphrd.cc]nkalhtajđzểkơóđượklixximjộtnqànntjỷkaákiêsmnkjềutjềnowqd",1
COM_742,5/7/2026,kkblvâàogejmnhâjnlieentàamtàamnqgin?hdbpkc.tpqaz.de]tàâilôjcdôfjdafordxp,1
COM_743,5/7/2026,wmfjnhâjnquaflơsnhajnngantjỉ:qCVfRT.bdilm.cc]xiêfntafilhưmôơjotv,1
COM_744,5/7/2026,odvh$eblar.bdukm.cc;djêfntêxnvăanhhậntaamtasmkplutjâituyệhvwờjntlh,1
COM_746,5/7/2026,utdjtafilooczôbjeen~ffacxq.bdtxj.me^khuyêsnmạâiwaltaamcửủtasmmxoyf,1
COM_747,5/7/2026,gvkj>svtd.bdlkj.me?phầănthưởqtaamtaamnqginkwiđălgkystafilôjcvoobieenwzgf,1
COM_749,5/7/2026,"PaJjOSốoqnăqLuoq""smiejk.ddqw4c.me'PhastLộocCưjcSagzTAamhTafmNqàanpHứqThuTậanCuqFhBk",1
COM_753,5/7/2026,LiaaNkậnDuojcMoojtTrâămPhầlTrâămKhjChuyêlMơộtChjnChílnqaL*qUUim.ddutcj.me*VujVẻiHôơmNjaycBGZ,1
COM_754,5/7/2026,UpP4EVậlnMaayHôqmNayCủaPạnTặpgNqqayAeNăătmMữơjKãNạạpDđầUNkânĐôjiLun:c97qvs.ddhac.de^b0YwE,1
COM_761,5/7/2026,JtSkKzobaUsĐaayRồvi]kGvsOt.mcygz.me~XànkĐiejuNkặlMơộtnqaLTircvjB,1
COM_792,5/7/2026,"acxQ_IddEk/RRtDvb!cOcXrevqm.thsume.de>zalo.me<rorCtcQ&DigCT-r,i,n;h;DBje;t^D:an-h^R;ien,g^Q,uyKh'a:chxMjcUFTh-u;og-Xe;nCbJN:o!TQdkfdR",1
COM_800,5/7/2026,"G:iaoD'jch;H:UB:E-TTa:ng:2O:0_O:To:y~Xe,ngMatol)xLQhekW.dmfv.tech))zalo.me(x",1
COM_816,5/7/2026,"T,DTCef[UZviSevgd.buoh.tech)ZALO.ME(eT:ha;n,Chu;c_A,CE;T-aiL'ocL'ii;X-i,Ma;C:O,Z^To,i,88,Ca{18aub94vi6hw}",1
COM_820,5/7/2026,"Chao Nam Moi [NUMBER] !

Tang Lop Hoc 2 Ngay,
Hoc Qua Zoom

""DONG TIEN HANH PHUC""

Vao nhom Zalo
https://zalo.me/g/wsqcpu908

Hoc Mien Phi
Tang Them Qua Gia Tri",1
COM_825,5/7/2026,"DagN;h,ap~De^Ri-n:hL;ie'nCha,o_Co;Du;oc,L;i-Xj~N:ga,u:Nhj'e;nw<xdnhdB.vmbj.bid)ZALO.ME>fw",1
COM_848,5/7/2026,SBamthamGjaNkangua:jthusm.wvbidv.link:nkieuNiemvuiiibdOV,1
COM_859,5/7/2026,"u#pmeFuycoY.dhka.tech)goo.gl<dT-h'amGi-a->->-Ma:C'o-d-e^Le;nD,e;n""2_O0~Ng'jn<MQMPGQPX>",1
COM_860,5/7/2026,"foIVdankkinkaNgua^cmrcuo.trc2br2.me""quaDangcaPzTnk",1
COM_867,5/7/2026,SNVtanqcot(wozxhkbmifdz)ckOingay^lgzfug.bdhxm.de~ZALO.ME^GiatrjcaoOMZ,1
COM_875,5/7/2026,.DbPHnNhaáànkTaàáy;Tld0koEBq.yqszalo.me]kKhuyêếềnnMaãạiiTuũyyệtVvờớii.Acol,1
COM_883,5/7/2026,*VjgOLLìỉiXxịìSsiịêệuụHhóottTaáamChjjínnNghhijìnn<auZ0gVZHX.njzalo.me)NnhhậặnnQqủuầàHhấặppĐdăẫnnTtậạiỉYnLQYf,1
COM_890,5/7/2026,^xRqiTthhủưỏởnnggPphọọnnggBbaăoọTttámmChhínnNnghHìjjnN<ldknZ1qzv.djzalo.me<TthằầnntTằàiịđĐếểnnXEYeCg,1
COM_900,5/7/2026,^UwXcĐđếệnnNnggaăyy[dYLpIZ.jwzalo.me]TtặậnnggPphọọnnggBbaăoọTtáắmmMmưủơoọiịNngghhjjìnnCsGeYr,1
COM_901,5/7/2026,?LnGoTthhạâmmGgiiaăCchhợơiỉ<xlDEdl.xwzalo.me<KkhhuụyyẻếnnMmạãịiCcựụccHhóottCclhhíỉnBbẢẳyYCcáaVcWkHs,1
COM_914,5/7/2026,^ZqcWCCCùỰÙnNggCChơiiGGêmM✓atva.zoomzalo.me・NNhậnLLộƠộcc〉qprdhtyajwno…ChHHơƠiINNgggayyYCyUToZ,1
COM_917,5/7/2026,PhNUiChA<Sakxfc.qpzalo.me<LiXiChynClhInNghjnUpOgroupsgooglecom!N,1
COM_962,6/7/2026,LiTTingTing]CYMfYw.lxzalo.me]DcLunClhinMuojNgginYugroupsgooglecom?Z,1
COM_973,6/7/2026,BbAThuongTammTammCa)CbaqRy.rmzalo.me<gpuzdehmoirl]NguoiAEMwgroupsgooglecom*S,1
COM_1001,10/7/2026,CgDOiXoiOi<mmmQqM.uszalo.me(TriAnMootTRaamNghjnYggroupsgooglecom?O,1
COM_1006,10/7/2026,𝙉𝙝🜴𝙣𝟭𝟬𝟬𝙆🝡🜻RsYwYo.axzalo.me,1
COM_1013,10/7/2026,",?i_FNThuo:n'g""T;ag~A,n'hE,mokTKlNnns{wzsyhr.yxcv.link""eCXKPpNRyU,uD'ai,Tu,Cod:e_28_N'gan""D-en_88;Ca(rywuamnilqag)?qq:JJmq|,grQYNaV",1
COM_1024,10/7/2026,YQMOgCCứCChHơơiii|samzalo.me⇽Đưượ0cTTặẶngThHưỤởõngMMộộtTTrRrăămmNNNghìÌnNnCCChHHơiITThooỜảẢảiMMMáaiIwVxfSo,1
COM_1032,10/7/2026,"GzOAlo(qBXPqk.kczalo.me]CoNgayMiot8TAmNganFtgroupsgooglecom,Q",1
COM_1034,10/7/2026,DaPNgafydep]rqefkj.vzzalo.me[tAnqjMoatLjtingenxJegroupsgooglecom?T,1
COM_1057,10/7/2026,"q}CunpyvR.cndgz.link)yTh:uong-G-ui_HVT:ag""Tu:M:aC:OZ^28~N-g,in~To;i_88,N'gh:j-n<duikadjsdlxi>ZALO.Megoogle",1
COM_1063,10/7/2026,"𝚔𝚢𝚑𝚐𝚜𝚕𝚟𝚊𝚘ㅤ𝚐𝚊𝚖𝚎{𝚂𝚣𝙷𝚈𝚐𝙶𝙳𝚌𝙳)ㅤ𝚌𝚘ㅤ𝚕𝚘𝚌: 𝚟1𝚖8.𝚌𝚘𝚖 ""ㅤ𝚙𝚑𝚊𝚝ㅤ𝚝𝚊𝚒ㅤ𝚋𝚟𝚚𝚙𝚕𝚓",1
COM_1070,10/7/2026,EmGHestMik]fujhlu.ltzalo.me(TraourMotLitrQfgroupsgooglecom:O,1
COM_1084,10/7/2026,"Dz)CkTYIqnky.wnyl.bid)YGS""K:h_Ma,i_M:a-K,m;T:u_2:8;K-D,en:8;8,<hjgqueagpnms>-N:ghin_googlecomvn",1
COM_1094,10/7/2026,"M,o-T:k-T,an-T:u:[TIME]""K,a:De'n_5'99;Qs$gKvtwbX.fgbtr.online>kxG-N'gan~googlecomvn",1
COM_1134,12/7/2026,UsRNgafydep)hkfhzo.cnrapple.com>BjiuNalmLopTajmgroupsgooglecomIbW,1
COM_1154,12/7/2026,MxIDangKi[KGTLTE.birapple.com]CoQuaNamTamNghinBgroupsgooglecomaM,1
COM_1176,12/7/2026,ROnGiaNhap<EUJTWH.xoapple.com]LiXiTazmTamNganhATHgroupsgooglecomT,1
COM_1178,12/7/2026,TVlMoTKTagNgayMotTrazmNgan(tjrzaf.xoapple.com[oeWygroupsgooglecomp,1
COM_1195,12/7/2026,"Cbr$eWyPXefyl.kjew.bid)TF,Dk_{ccmffywuxojs}""Tk-Gui,Den~8~8:Nghin~",1
COM_1200,12/7/2026,"WL)KIPwppvdW.nferw.de(k;Thua-1-Trju~Dua_Lai-1""Trju_Sog,Hanh,Vog:Loai:Cup~Tgioi~Lien~He""Cskh;Dong:Tien""Mo_Dau~Gui,88%,",1
COM_1209,12/7/2026,"Tai ngay app pkwin dang ki tai khoan nhan ngay [MONEY]-nap dau tang [MONEY] cho no hu,ban ca tai https://bit.ly/497zddL",1
COM_1212,12/7/2026,Dang ky [MONEY]-Tai App nhan [MONEY]-Khuyen mai nap dau 100% Lixi moi ngay [MONEY] VIP [MONEY] https://pk7989.com/a666,1
COM_1245,12/7/2026,NOHU tang CODE [MONEY] mien phi cho khach VIP: <FMN4BMHS>Link: https://nohucode50k.club,1
COM_1257,18/07/2026,UaDDangKi)TPSDeI.byrapple.com[LiXiNamMuoiKaTgroupsgooglecomiP,1
COM_1276,18/07/2026,QfGDangKi]zLsuuH.obrapple.com(CoQuaNamTamNganUgroupsgooglecomgP,1
COM_1278,18/07/2026,Lut ePobG.Pyapple.com VaoTagNgayMotTramNgincLzVgroupsgooglecomr,1
COM_1324,18/07/2026,"les pJPSek.Wcapple.com VaoDayTangAENamTramK,sPHmgroupsgooglecomY",1
COM_1326,18/07/2026,"(TINVAY) Nhờ hỗ trợ. [NAME] có sdt [NUMBER] đang chậm nợ, nhảy nợ nhóm 2 nợ xấu trên hệ thống NHNN. A/C nhắc
[NAME] vào THANH TOÁN GẤP khoản vay quá hạn số tiền [NUMBER] tránh ảnh hưởng nợ xấu và liên quan đến PHÁP LÝ",1
COM_1334,18/07/2026,"[PXLN TIN VAY] Nho Ho Tro KH [NAME] hop dong [NUMBER]. Co Khoan Vay Tin Chap da chuyen NO QUA HAN nhung van CO TINH KHONG Thanh Toan. Nho nhan KH Thanh Toan GAP tien ky T3 [NUMBER] de khong anh huong den No Xau Ngan Hang Nha Nuoc va lien quan den phap ly. Nho a/c nhac nho, cam on!",1
COM_1341,18/07/2026,"HdaKhjQKNapDauDuocLixi:100,Ca uHvUcu.mqobidv.com groupsgooglecomw",1
COM_1355,18/07/2026,rwdNeuAENapDau GZheok.ORbidv.com LayLuonHaiTramKagroupsgooglecomq,1
COM_1371,18/07/2026,UrA bpdFWr.DeBidv.com KhiAeNapTienNhanQua:2OOKgroupsgooglecom,1
COM_1373,18/07/2026,ZdeNeuQKNapTien RrFsWs.DeBidv.com TangNgay:20OKgroupsgooglecomB,1
COM_1377,18/07/2026,Lew pemDi.DeBidv.com NeuQKNapTienTangQua:1OOCagroupsgooglecom,1
COM_1380,18/07/2026,mILLapTKhoan0k33TraoPhanQua881K zDFrab.Ncbidv.com FSgroupsgooglecom,1
COM_1381,18/07/2026,MpQThamGia0k33 GqbccI.Acbidv.com NhanMaKM362KgroupsgooglecomULB,1
COM_1389,18/07/2026,rZwDenNgayNhanCode<elrfqxyjrbea>28Ca mDaexO.Ucbidv.com Lgroupsgooglecom,1
COM_1390,18/07/2026,rueTaoTK kvFtPW.Ucbidv.com TangKM288KagroupsgooglecomTWc,1
COM_1391,18/07/2026,LeWVaoNgayTraoQua143Ngin iixmeE.Fubidv.com legroupsgooglecom,1
COM_1392,18/07/2026,rahTriAnKH jOhqU.Axbidv.com :1TramKKhjNapgroupsgooglecomJ,1
COM_1398,18/07/2026,oloTaoTKhoanTraoLiXi524Ngin TUTwol.Ucbidv.com xDgroupsgooglecom,1
COM_1403,18/07/2026,rmMoTKhoanRinhQuaVip1OOK' OYhkr.BIDVoa.com yLgroupsgooglecom,1
COM_1407,18/07/2026,"DOI THU NO nhan duoc LENH XU LY NO cua ONG/BA: [NAME] va nhung nguoi lien quan VI PHAM NGHIA VU THANH TOAN HD [NUMBER].Chung toi se tien hanh DEN NHA trong tuan nay DIEU TRA NHAN THAN cung THAM CHIEU tai CUC DAN SO TINH de CUNG CAP BANG CHUNG CHO QUA [NAME] ,KHOI KIEN THEO DUNG QUY [NAME]. Yeu cau nghe may hop tac.",1
COM_1411,18/07/2026,"Tai Ngay 8QBET nhan phan thuong [MONEY] , Nap dau [MONEY] thuong len den [MONEY] https://invip.run/bjD5L",1
COM_1412,18/07/2026,wQUserMoi OtwbWd.Bidvjr.com NhanUuDai1OONgangroupsgooglecomVrh,1
COM_1414,18/07/2026,"Phương tiện biển số [TIME]-329.52 của bạn vi phạm tốc độ, mức phạt [MONEY]. Tra cứu và nộp phạt, liên hệ [NUMBER].",1
COM_1439,18/07/2026,roVaoWeb TxeRr.BidvXz.com RinhCode66DiemgroupsgooglecomMin,1
COM_1441,18/07/2026,EmDenNgay jfDHYc.Bidvit.com TangPhanQua66NghingroupsgooglecomWpu,1
COM_1456,21/07/2026,"Nha Cai MU88 Truc Tuyen nap rut nhanh 24/24
TAI APP:nap tien [MONEY] tang Km dau [MONEY] và KM [MONEY] http://e9zo.com/r/6MTIf6euOx
Nhap ma gioi thieu: [NUMBER].
UIIBC",1
COM_1457,21/07/2026,"Sự kiện hoàn mới! Đăng nhận
[MONEY] ! http://gamevip05.vip",1
COM_1458,21/07/2026,"Tìm bạn tình một đêm quanh đây. Kín đáo, không ràng buộc, an toàn tuyệt đối. Đăng ký miễn phí ngay bây giờ tại http://733.momo-live.vip bạn sẽ có bạn tình 1 đêm say đắm và cuồng nhiệt",1
COM_1459,21/07/2026,"Dky B99. WIN , Ma Code cua A/C la: QM6E5PASGKA8 nap dau tang 240%, nhan qua lien tay, free vong quay may man [MONEY]
Http://kiemtien.vin",1
COM_1460,21/07/2026,"click vào để đăng ký tài khoản, www.[NUMBER].com hôm qua dùng [MONEY] mà trang web tặng và kiếm được [MONEY]
ADD zalo : [NUMBER]",1
COM_1461,21/07/2026,"859j ChucMung QK da nhan duoc cöde tri an 899'k, Vao: athd.cc/2MS6x7 ,chöi thu T.xiü, slot, tlmn..x3 nap lan dau, NapRut 1:1 7q8v",1
COM_1462,21/07/2026,"Es https://ixzK.Giftpro1.com mo tai khoan nhan 2'0'[MONEY], uu dai nap lan dau 1'0'0% khong can dieu kien phuc tap cF",1
COM_1463,21/07/2026,FP https://TdRewf.FreeKM.me Tri an cung QH88 dang nhap nhan lixi 2'[MONEY]~8'8'[MONEY] uu dai chi danh rieng cho sdt nhan duoc tin nhan nay pR,1
COM_1464,21/07/2026,Nhà 51/9 dg 475. Anh còn ở ko. Anh xác minh lại em Dũng công an khu vực. Ko phải lừa đảo cung cấp thông tin em cái.???,1
COM_1465,21/07/2026,"3vO
Tham:Gia,Co'Ngay:108Ca:Nap:Dau_Tang:100-Phan;Tram'Mo'Ngay
qEexh.kejda.me O0R",1
COM_1466,21/07/2026,Ky Tham Gja' Nha'n Ngay Qu'a Khung Len De'n 5'O'OK.Va Nhie'u Uu Dai Kha'c! W8RQ.mogfC.org Sp,1
COM_1467,21/07/2026,"Rj https://DWOK.gemhay.me dang ky tai khoan nhan ngay 2'9'[MONEY], nap dau duoc thuong 1'0'0% xs",1
COM_1468,21/07/2026,"[NAME] wYjN BAn CHi can TIm hiEU ibit.ly/bVGgB THEO TOi VA CHaC CHaN nHaN nUA TRIeu
zZcY",1
COM_1469,21/07/2026,"WI Tham Gia Nhan 200 Ka. Nap Dau Nhan Uu Dai Khung!
nY5c.GeqrE.me wo",1
COM_1470,21/07/2026,6cqp DK täq 2OOk lien he CSKH nhän thuöng link DK bit.ly/cannava125,1
COM_1471,21/07/2026,Nắm lấy cơ hội 300% Bonus Kiếm tiền không giới hạn: t.ly/hLXI,1
COM_1472,21/07/2026,[NESTLE VN] Ma OTP tren https://qrco.de/bdlrXb cua ban la 3767.,1
COM_1473,21/07/2026,G xin-camon-cacban>77.726.6code-moinaozmZAWjxfwi,1
COM_1474,21/07/2026,T -H-U -O-N- G C -H-A-O M -U-N- G 1 -T - R sadttr.aezalo.me,1
COM_1475,21/07/2026,điền ngay mã này 660 5 ?>>>,1
COM_1476,21/07/2026,"BS)QsTehek.lngxa.bid<Skt;Dong""Tien:Khoi,Dau""Gui-88%:Cuu:Nguy,Thua-Cuoc_100%~",1
COM_1477,21/07/2026,Ma OTP cua ban la: 455171. De xac minh so dien thoai nay thuoc tai khoan của ban vui long xac thuc tai https://evn.io.vn/?wa=U2FsdGVkX1+VZkgg1pdKEWDn8eKOuHd7Nky-h0mqWOrfPnTniGNpAVzhx-4VrqcF0&otp=455171,1
COM_1478,21/07/2026,Vui long truy cap de thanh toan tien phat giao thong thang nay va tranh phi phat do nop tre: gov-dichvucong.com,1
COM_1479,21/07/2026,"Thong bao: Quy khach con mot khoan phat giao thong chua duoc thanh toan. Vui long thanh toan som de tranh cac khoan phi phat phat sinh: 
dichvuconggov-vn.com",1
COM_1480,21/07/2026,"Cảnh sát Giao thông Việt Nam: Hiện tại, bạn đang có một khoản tiền phạt chưa thanh toán trong tài khoản. Vui lòng thanh toán khoản phí này càng sớm càng tốt để tránh những bất tiện không đáng có. Để biết thêm thông tin, vui lòng truy cập: https://dichvucongg.top/vn",1
COM_1481,21/07/2026,"Cảnh sát Giao thông Việt Nam: Hồ sơ vi phạn giao thông được lưu trữ dưới tên của bạn. Để biết thêm thông tin, vui lòng truy cập https://Schvucongs.top/vn",1
COM_1482,21/07/2026,"Chi cục Thuế khu vực XIV thông báo: Hộ kinh doanh [NAME] ; Địa chỉ: Phường Buôn Ma Thuột, Đắk Lắk triển khai định danh điện tử cho cơ quan, tổ chức trên địa bàn để được hoàn thuế [MONEY], cài đặt ứng dụng Tổng cục thuế eTax Mobile tại: http://etaxmobi.tongcucthue.ung dung.app/",1
COM_1483,21/07/2026,"Bộ giao thông vận tải, xin thông báo ông/bà có biên lai chưa nộp phạt. Hôm nay là thông báo cuối cùng. Yêu cầu nhanh chóng giải quyết mọi thắc mắc Vui lòng liên hệ : [NUMBER]",1
COM_1484,21/07/2026,"Con đang cấp cứu ở bệnh viện sau tai nạn, cần đóng viện phí gấp [MONEY]. Bố/mẹ chuyển vào STK 7553087040089 TPBank giúp con, số con bị hỏng rồi ạ.",1
COM_1485,21/07/2026,Đơn hàng [NUMBER] đang giữ tại bưu cục do thiếu cước [MONEY]. Vui lòng thanh toán vào STK [NUMBER] (VPBank) trước [TIME] hôm nay để được giao.,1
COM_1486,21/07/2026,"Trang Facebook của bạn vi phạm bản quyền, sẽ bị vô hiệu hóa trong [TIME]. Nếu cần kháng nghị, vui lòng liên hệ bộ phận hỗ trợ qua [NUMBER].",1
COM_1487,21/07/2026,Đơn hàng [NUMBER] đang giữ tại bưu cục do thiếu cước [MONEY]. Vui lòng thanh toán vào STK [NUMBER] (VPBank) trước [TIME] hôm nay để được giao.,1
COM_1488,21/07/2026,Quý khách chưa cập nhật sinh trắc học nên tài khoản Vietcombank sẽ tạm ngưng giao dịch từ ngày mai. Vui lòng liên hệ [NUMBER] để được hỗ trợ cập nhật.,1
COM_1489,22/07/2026,"Bưu điện: bạn có 1 bưu phẩm chứa tài liệu pháp lý chưa nhận. Liên hệ tổng đài [NUMBER] để được hướng dẫn, quá hạn sẽ chuyển Bộ Công an.",1
COM_1490,22/07/2026,"Anh ơi em đang kẹt viện phí cho mẹ [MONEY], mai em gửi lại liền. Anh chuyển gấp giúp em số [NUMBER] TPBank với, em cảm ơn anh nhiều.",1
COM_1491,22/07/2026,"Xin chào, Bạn có muốn tìm công việc bán thời gian không ? với mức lương [MONEY]-[MONEY] 1 tháng mỗi ngày ít nhất [MONEY] không phí phụ thu. công việc đơn giản, làm tại nhà nếu bạn muốn tham gia với công việc này xin hãy liên hệ ngày với zalo ID:+[NUMBER]
dưới 23t xin vui lòng không tham gia
Sao chép liên kết vào trình
duyệt :https://zalo.me/
[NUMBER]
1 đến 1 dịch vụ",1
COM_1492,22/07/2026,"Chào chị. Tôi là Hùng - công chức tại Cơ quan Thuế vừa trao đổi điện thoại với chị. Để làm tờ khai thuế online, mời chị truy cập và tài app của Cơ quan tại link: thuedjentuu.vn
Sau khi đã tải app xong, chị hãy phản hồi lại tin nhắn này để chúng tôi theo dõi và hướng dẫn các bước tiếp theo.",1
COM_1493,22/07/2026,"Kíng gui Phu Huynh thong tin kiem tra tieng Anh, giup dinh huong tot hon cho su phat trien cac ky nang tieng anh cua con: Link https://bit.ly/ibischooltest",1
COM_1494,22/07/2026,"Phat hien tai khoan cua ban dang nhap khac vung bat thuong, vui long dang nhap https://acb vn.net de xac nhan thong tin va thay doi mat khau",1
COM_1495,22/07/2026,"HUIT-Ciuc mung Ban da TRUNG TUYEN CHINH THUC! 
Moi ban den HUI, nap hoc tu ngay 18/8 der. 1/200 ngay [DATE]. Dong thoi, HUIT tang.gay uu dai 3 tric dong danh cho 2.000 thi sinh nhap hoc som nhat. Tra cuu ket qua tai: huit.edu.vn/kqtt. Lien he: [NUMBER], [NUMBER], Zalo:",1
COM_1496,22/07/2026,VCB: Quy khach con diem Priority sap het han. Hay quy doi ngay tai vietcompriority-diem.com de tiep tuc tan huong quyen loi.,1
COM_1497,22/07/2026,"(Vietcombank) Thong bao: Tai khoan cua ban dang nhap tren thiet bi la IP15 luc [TIME]. Neu khong phai ban dang nhap, vui long vao [https://vietcombank.vn-ctt.vip] de thay doi mat khau.",1
COM_1498,22/07/2026,"[Agribank] Canh bao! Phat hien giao dich quet the tin dung [MONEY] tai nuoc ngoai. Neu co sai sot, bam vao https://alpha-ebanking.xyz de dong bang the khan cap.",1
COM_1499,22/07/2026,M.B.B.A.N.K Thong bao: Dich vu Smart OTP cua quy khach se bi tam dung do het han xac thuc dinh ky. Vui long cap nhat tai: https://mbank.odbnk.space trước [TIME].,1
COM_1500,22/07/2026,[Techcombank]: Ưu đãi tri ân! Bạn có 15.[POINT] thưởng chuẩn bị hết hạn vào cuối ngày. Đổi ngay quà tặng công nghệ tại: http://techcombank.huy-the-visa-vn.com,1
COM_1501,22/07/2026,(ACB)-Chung toi phat hien tai khoan cua ban co dau hieu vi pham chinh sach rui ro quoc te. Vui long dang nhap de xac minh danh tinh: http://acb.i-pay.vip,1
COM_1502,22/07/2026,"Thông báo từ VIETINBANK: Hệ thống đang nâng cấp bảo mật, tài khoản của bạn cần được xác thực lại ngay để tránh bị khóa chiều gọi đi. Click: vietinbamk.com",1
COM_1503,22/07/2026,"[BIDV] Khan cap: Tai khoan cua ban đã dang ky chuong trinh rut tham trung thuong moi thang thu phi [MONEY]. De HUY dich vu, vao: http://ctacq.cc",1
COM_1504,22/07/2026,VIB thong bao: Han muc the tin dung cua ban da duoc duyet tang len [MONEY]. Nhan kich hoat han muc moi tai day: http://xd8qe5.cc,1
COM_1505,22/07/2026,[TPBank] Cảnh báo bảo mật: Tài khoản Sacombank/TPBank liên kết của bạn bị nghi ngờ rò rỉ thông tin. Đề nghị đăng nhập đổi mã PIN: [http://tpbank.vn-mtt.top],1
COM_1506,22/07/2026,(MSB) Thong bao: Quy khach co mot khoan vay tieu dung sap qua han tren he thong. Kiem tra chi tiet hop dong va du no tai: [http://msb.vn-zy.top],1
COM_1507,22/07/2026,VNeID Thong bao: Tai khoan dinh danh dien tu muc do 2 cua ban bi loi dong bo CCCD chip. Vui long truy cap Cong dich vu cong de bo sung: [http://vneid.gov-xacthuc.cc],1
COM_1508,22/07/2026,Cuc duong bo thong bao: Phuong tien cua ban co 1 bien ban PHAT NGUOI chua nop phat tai Ha Noi. Tra cuu bien ban va dong phat tai: [http://phatnguoi.cucduongbo.top],1
COM_1509,22/07/2026,Cuc Thue TP.HCM: Thong bao quy khach chua hoan thanh nghia vu thue thu nhap ca nhan nam o muc rui ro cao. Tra cuu quyet dinh tai: [http://thuedientu.gdt-gov.vip],1
COM_1510,22/07/2026,Yeu cau cong dan co sdt nay vao phan mem xac minh so lieu so ho khau dien tu vi co lien quan den vu an kinh te. Tai app tai: [http://bocongan.apk-chinhphu.cc],1
COM_1511,22/07/2026,VKSND Toi cao thong bao: Quy khach co lenh trieu tap tu Co quan canh sat dieu tra ve hanh vi truc loi bao hiem. Xem chi tiet lenh tai: [http://vksnd.ho-so-dieu-tra.net],1
COM_1512,22/07/2026,Thong bao: Thue bao cua ban se bi KHOA SIM 2 CHIEU sau [TIME] nua do thong tin khong chinh chu. Cap nhat ngay tai: [http://chuanhoathongtin-vinaphone.top],1
COM_1513,22/07/2026,BHXH Viet Nam: Ho so huong tro cap that nghiep cua ban da duoc phe duyet. Vui long dang nhap tai khoan de nhan tien giai ngan: [http://bhxh.baohiem-xahoi.vip],1
COM_1514,22/07/2026,Yeu cau nguoi dan khai bao lai thong tin cu tru tam vang tren ung dung quoc gia de tranh bi phat hanh chinh. Tai file huong dan: [http://vneid.hethong-chinhphu.top],1
COM_1515,22/07/2026,Cuc Dang Kiem thong bao: Giay chung nhan kiem dinh xe cua ban sap het han va da co co che gia han online. Dang ky tai: [http://dangkiem.gov-vn.cc],1
COM_1516,22/07/2026,Tòa án nhân dân: Thông báo thụ lý vụ án tranh chấp tài sản có tên của quý khách. Vui lòng bấm vào liên kết để xem nội dung đơn khởi kiện: [http://toaan.ho-so-online.vip],1
COM_1517,22/07/2026,"Chao ban, minh la nhan su tu TikTok Shop. Hien tai ben minh can tuyen CTV tuong tac like video, thu nhap [MONEY]-[MONEY]/ngay nhan luong theo gio. Bấm link nhận việc: [URL]",1
COM_1518,22/07/2026,"[SHOPEE VIETNAM] Thong bao tuyen dung CTV giat don hang ao nhan hoa hong 10-15%. Khong can kinh nghiem, lam viec tai nha qua dt. Lien he: [http://shopee.tuyendung-ctv.top]",1
COM_1519,22/07/2026,Tiki tri an: Chuc mung sdt cua ban duoc he thong lua chon tro thanh CTV may man thong qua don hang. Nhan luong thu viec [MONEY] tai day: http://tikihethongmuasam12h.com,1
COM_1520,22/07/2026,"[LAZADA] Thong bao: Job online buoi toi danh cho me bim sua, hoc sinh kiem them thu nhap. Cong viec danh gia san pham nhan tien luong luon. Dang ky: [http://lazada.job-online.vip]",1
COM_1521,22/07/2026,"Telegram Global: Tuyển người mẫu ảnh online, kiểm thử sản phẩm quần áo local brand tại nhà. Thu nhập cực cao trả qua thẻ ATM. Tham gia nhóm: [http://telegram.tuyen-ctv.cc]",1
COM_1522,22/07/2026,"Amazon Việt Nam Cơ hội kiếm tiền thụ động từ việc mở gian hàng dropshipping không cần vốn, hỗ trợ vận hành từ A-Z. Nhận tài liệu hướng dẫn: [http://amazon.kinhdoanh-online.top]",1
COM_1523,22/07/2026,"Chao ban, minh ben Cong ty truyen thong giai tri. Dang co chuong trinh subscribe kenh Youtube nhan hoa hong. Lam thu nhap ngay [MONEY] tai link: http://youtube3o.blogspot.co.nz",1
COM_1524,22/07/2026,"[JOB-HOT] Tuyển trợ lý ảo trực chat cho các sàn thương mại điện tử quốc tế, lương cứng [MONEY]/tháng + thưởng doanh số. Đăng ký phỏng vấn qua: [http://tuyendung.nhansu-online.cc]",1
COM_1525,22/07/2026,Chuc mung ban da trung tuyen vao vi tri CTV duyet ho so online cua tap doan tài chính. Cong viec don gian nhan luong qua vi dt. Click link: [http://tuyendung.taichinh-ctv.top],1
COM_1526,22/07/2026,"[TikTok Premium] Tuyển ứng viên đánh giá âm nhạc, review clip ngắn xu hướng mới nhận quà và tiền mặt hàng ngày. Chi tiết công việc tại: [http://tiktok.review-kiemtien.cc]",1
COM_1527,22/07/2026,[TikTok] Chuc mung ban da may man quay trung thuong 1 chiec xe may Honda SH 125i tu su kien tich luy xem video. Nhap thong tin nhan thuong tai: https://tiktokshopvn.com,1
COM_1528,22/07/2026,Shopee Mall: Quy khach co 1 phan qua TRI AN Mien Phi la Tai nghe không day tri gia [MONEY]. Xac nhan dia chi giao hang tai link: [http://shopee.qua-tri-an.vip],1
COM_1529,22/07/2026,[LAZADA-6 tuoi]: Tặng ngay Voucher mua sắm trị giá [MONEY] vào ví điện tử dành cho khách hàng thân thiết. Nhấn vào link để thu thập: https://lazada.wu-ji.com,1
COM_1530,22/07/2026,Điện Máy Xanh thông báo: Số điện thoại của bạn trúng thưởng giải nhì chương trình bốc thăm tuần gồm 1 tủ lạnh Samsung. Hoàn tất thủ tục nhận quà tại: [http://dienmayxanh.traothuong.top],1
COM_1531,22/07/2026,[Tiki-Trading] Thong bao: Ban co don hang [MONEY] tu chuong trinh tri an khach hang cu. Vui long vao link xac nhan thong tin nguoi nhan de kho luu hang xu ly: [http://tiki.qua-tang-[MONEY].cc],1
COM_1532,22/07/2026,SHEIN Vietnam: Chúc mừng bạn nhận được hộp quà may mắn chứa mỹ phẩm cao cấp. Chỉ cần thanh toán phí ship [MONEY]. Điền thông tin tại: [http://shein.hopqua-mayman.vip],1
COM_1533,22/07/2026,[META Việt Nam] Sự kiện tri ân người dùng Facebook tích cực. Tài khoản của bạn nhận được gói quà tặng tiền mặt trị giá [MONEY] đồng. Nhận giải tại: https://facebook-helpdesk.blogspot.de,1
COM_1534,22/07/2026,Apple Store VN: Chúc mừng bạn là khách hàng thứ 999.999 nhận được cơ hội mua iPhone 16 Pro với giá [MONEY]. Chương trình có hiệu lực trong [TIME]: [http://apple.khuyenmai-khung.top],1
COM_1535,22/07/2026,Thong bao: Vi cua ban nhan duoc goi qua tang may man tri gia [MONEY] tu ban be. Nhan ngay qua vao vi tai day: https://zaloraglobal8.com,1
COM_1536,22/07/2026,Sendo tri an: Tang ban ma giam gia 99% cho tat ca cac nganh hang nhan dip sinh nhat san. Bam vao link de lay ma ma khong can dang nhap: [http://sendo.voucher-sinhnhat.vip],1
COM_1537,22/07/2026,[GHTK] Don hang so [NUMBER] cua ban bi thieu so nha nen khong the phan phat. Vui long vao link de cap nhat lai dia chi chinh xac: [http://ghtk.capnhat-diachi.top],1
COM_1538,22/07/2026,J&T Express thong bao: Kien hang cua ban da ve den kho nhung bi qua han luu kho mien phi. Quy khach can thanh toan [MONEY] phi luu kho tai: [http://jt-express.thutuc-luukho.cc],1
COM_1539,22/07/2026,[Viettel Post]: Đơn hàng quốc tế của bạn có phát sinh thuế nhập khẩu cần phải thanh toán trước khi giao. Tra cứu mã vận đơn và nộp thuế tại: [http://viettelpost.vandon-quocte.vip],1
COM_1540,22/07/2026,Ninja Van Thong bao: Buu dien khong the lien he voi ban de giao hang. Vui long cap nhat lai so dien thoại thay the hoac hen gio giao tai: [http://ninjavan.henlich-giaohang.cc],1
COM_1541,22/07/2026,"[Shopee Express] Canh bao: Don hang cua ban bi hu hong trong qua trinh van chuyen, sàn dang tien hanh den bu thiet hai. Bấm vao link de nhan tien hoan: [http://shopeexpress.hoantien-donhang.top]",1
COM_1542,22/07/2026,"Phat hien tai khoan cua ban dang nhap khac vung bat thuong, vui long dang nhap https://acb vn.net de xac nhan thong tin va thay doi mat khau",1
COM_1543,22/07/2026,[EMS Viet Nam] Buu phat khan cap: Ban co 1 thu bao co chu ky tu toa an duoc gui den nhung chua co nguoi nhan. Xem lich trinh phat lai tai: [http://ems.buuphat-khancap.vip],1
COM_1544,22/07/2026,"Best Express thong bao: Bạn có đơn hàng thanh toán COD trị giá [MONEY] đang trên đường giao. Nếu bạn không đặt mua, vui lòng ấn vào link để hủy đơn: [http://bestexpress.huy-donhang.top]",1
COM_1545,22/07/2026,[Giao Hang Nhanh] Thong bao he thong gap su co khien don hang cua ban bi treo tai kho phan loai. Bấm vao link de thuc hien thiet lap lai don hang: [http://ghn.suco-donhang.cc],1
COM_1546,22/07/2026,FedEx Vietnam: Kiện hàng từ nước ngoài gửi cho bạn bị giữ lại tại hải quan do khai báo sai danh mục. Vui lòng bổ sung hồ sơ chứng minh tại: http://fedex.khaibao-haiquan.top,1
COM_1547,22/07/2026,"[VlETCOMBANK] Thông báo: Hệ thống bảo mật phát hiện tkoản của bọ n đăng nhập bất thường tại khu vực biên giới. Nếu khg phải bạn, click vô đây để hủy: vietcombank.vn-yys.top",1
COM_1548,22/07/2026,[Techcom6ank] Trân trọng thông báo: Tài khoản của quý khách đã nhận được gói hỗ trợ giảm lãi suất tiêu dùng từ chính phủ. Đăng ký nhận giải ngân tại: http://techcombank.uu-dai-[NUMBER].vip,1
COM_1549,22/07/2026,[M.B.B.A.N.K] Cảnh báo! Thẻ tín dụng của quý khách vừa phát sinh giao dịch thanh toán hóa đơn nước ngoài trị giá [MONEY]. Nhấn vào để hủy gd khẩn cấp: http://mbbank.huy-the-visa.top,1
COM_1550,22/07/2026,[Agri_bank] Kính gửi quý khách: Dịch vụ Smart OTP trên đt của bạn chuẩn bị hết hạn xác thực định kỳ. Vui lòng cập nhật ngay tại: http://agribank.xacthuc-otp.online,1
COM_1551,22/07/2026,"[A.C.B-Online] Cáo lỗi! Hệ thống đang tạm dừng dịch vụ do nâng cấp định kỳ, tài khoản của bạn cần được đồng bộ lại để tránh bị khóa chiều gọi đi. Link: http://acb.ib-portal.cc",1
COM_1552,22/07/2026,"[VlETINBANK] Cảnh báo bảo mật: Tài khoản của bạn đang liên kết với một thiết bị lạ (iPhone 15 Pro Max). Nếu không phải bạn thao tác, nhấn để ngắt kết nối: http://vietinbank.bao-mat.vip",1
COM_1553,22/07/2026,"[M0M0] Cảnh báo: Ví MoMo của bạn đang bị yêu cầu rút toàn bộ số dư về tài khoản ngân hàng lạ. Nếu khg phải b hành động, vào chặn ngay tại: https://momovuive.fun",1
COM_1554,22/07/2026,[Zal0Pay_Care] Chúc mừng quý khách! Bạn nhận được gói quà tặng tri ân dành cho thành viên thân thiết trị giá [MONEY]. Nhận tiền mặt về ví tại: http://zalopay.goiqua-trian.vip,1
COM_1555,22/07/2026,[Sacom6ank] Thong bao: Ho so duyet han muc the tin dung len den [MONEY] cua ban da hoan tat. Nhan the va kich hoat mien phi tai: http://sacombank.dangky-the.cc,1
COM_1556,22/07/2026,"[VlB-Bank] Khẩn cấp: Mã PIN ứng dụng ngân hàng điện tử của bạn đã bị thay đổi thành công. Nếu có sai sót, vui lòng đăng nhập khôi phục tại: http://vib.khoifuc-matkhau.top",1
COM_1557,22/07/2026,"[BinhChon-Idol] Chào b, con gái m đg thi Nữ sinh thanh lịch của tỉnh, mà thiếu ít vote để vào chug kết. Nho b vào link này click vote giùm bé nhe, tks b nhìu: http://cuocthi.binhchon-idol.club",1
COM_1558,22/07/2026,[Sh0pee Trj An] Chúc mừg sđt a/c đượ¢ tặg 1 tivi Sony m jễn phí nhân dịρ sn sàn. Xjn vuj lòng click vô http://shopee.qua-tang-sn.top để nhận quà nhe mng!,1
COM_1559,22/07/2026,[TlkI_VjP] Thg bao: Bạn có 1 đon hàng [MONEY] từ ctruong tri ân k/h cũ của Tiki. Vuj lòng logjn vô link này để điền đ/c nhận hàng gấp trg ngày hnay: https://xulydonhangtiki.com/register,1
COM_1560,22/07/2026,"[Vie¢Lam_Online] Tuyển ctv seo vjde0 tiktok tại nhà, chỉ cần đt rảnh lúc nào làm lúc đó, lươg [MONEY]-[MONEY]/ngày nhận luog theo h. Ib nhận j0b: http://tiktok.tuyendung-ctv.top",1
COM_1561,22/07/2026,[LazaDa-Mall] Thong bao: Acc của bạn đợc tặng 1 voucher mjễn phí mua sắm trị giá [MONEY] vào ví đt. Click link để thu thập voucher ngay kẻo hết hạn b nhé: http://lazada.voucher-khung.cc,1
COM_1562,22/07/2026,[Zal0-Security] Cbáo: Phat hien có thiet b] lạ đg cố t]nh sao chép tnhan & nhật ký cuộc gọi Cloud của b. Ấn link để ngắt ktnõi thjết bị lạ: https://thuezalo.com/auth/login,1
COM_1563,22/07/2026,[Vjettel-4G] Tang b gói data 4G xài tẹt ga m jễn phí trg 3 tháng nhân dịp nâng cấp băng tần. Click đký ngay kẻo lỡ: http://viettel.uudai-data4g.com,1
COM_1564,22/07/2026,[Crypto_Vn] Kèo thơm hnay! Nhận m jễn phí 100 USDT khi đký tkhoan sàn giao dịch mới tại link này. Sluong có hạn ae ej ghé sớm nhận nha: http://cryptovn.kiemtien-online.vip,1
COM_1565,22/07/2026,[TjnhYeu_Kethon] Có pạn gửi tặng b 1 bài hát ẩn danh cùg lời nhắn cực cute. Nhấn vô link để nghe bài hát và xem ai là ngừoj gửi nhé: http://amnhac.quatang-andanhanh.cc,1
COM_1566,22/07/2026,[GHTK_Ljnk] Đơn hàg số [NUMBER] của b bj thju số nhà nên shjpper ko giao đợc. Vuj lòg click vô link này để update lại đ/c chính xác nhe: http://ghtk.capnhat-diachi.top,1
COM_1567,22/07/2026,[VNe-lD] Cục Cảnh sát QLHC thông báo: Hồ sơ định danh điện tử mức độ 2 của công dân bị lỗi đồng bộ dữ liệu dân cư. Yêu cầu truy cập để xác thực lại: http://vneid.chinhphu-gov.vip,1
COM_1568,22/07/2026,[Cuc_CSGT] Bộ Công an thông báo: Phương tiện giao thông của bạn bị ghi nhận 1 biên bản PHẠT NGUỘI do chạy quá tốc độ. Xem hình ảnh vi phạm tại: http://phatnguoi.cucduongbo.top,1
COM_1569,22/07/2026,[TongCucThue] Chi cục Thuế TP.HCM thông báo: Bạn chưa hoàn thành nghĩa vụ quyết toán thuế TNCN năm qua. Vui lòng đăng nhập cổng điện tử để nộp phạt: http://thuedientu.gdt-gov.vip,1
COM_1570,22/07/2026,[B0_C0NG_AN] Lệnh truy nã/triệu tập khẩn cấp: Số điện thoại của bạn có liên quan đến đường dây rửa tiền quốc tế. Đề nghị vào trang hồ sơ vụ án để phối hợp điều tra: http://bocongan.apk-chinhphu.cc,1
COM_1571,22/07/2026,"[BHXH_VjệtNam] Thông báo: Hồ sơ hưởng trợ cấp BHXH, bảo hiểm thất nghiệp định kỳ của bạn đã được phê duyệt. Đăng nhập để nhận tiền giải ngân: http://bhxh.baohiem-xahoi.vip",1
COM_1572,22/07/2026,[Cuc_VienThong] Cảnh báo: Thuê bao của bạn sẽ bị KHÓA THÔNG TIN 2 CHIỀU sau [TIME] nữa do chưa chuẩn hóa sinh trắc học khuôn mặt. Cập nhật ngay: http://chuanhoathongtin-vinaphone.top,1
COM_1573,22/07/2026,[ToaAn_Online] Thông báo: Tòa án nhân dân quận đang thụ lý đơn khởi kiện tranh chấp tài sản có tên của bạn. Vui lòng bấm vào liên kết để nhận văn bản điện tử: http://toaan.ho-so-online.vip,1
COM_1574,22/07/2026,[CucDangKiem] Cục Đăng kiểm Việt Nam thông báo: Giấy chứng nhận đăng kiểm xe cơ giới của bạn sắp hết hạn. Gia hạn trực tuyến không cần ra trung tâm tại: http://dangkiem.gov-vn.cc,1
COM_1575,22/07/2026,[CongAn_Quan] Yêu cầu người dân đang tạm trú trên địa bàn truy cập ứng dụng dịch vụ công để khai báo lại thông tin cư trú di biến động: http://vneid.hethong-chinhphu.top,1
COM_1576,22/07/2026,[VKSND_ToiCao] Viện kiểm sát thông báo: Quyết định phong tỏa tài sản và tài khoản ngân hàng đối với công dân có số CCCD trùng khớp với bạn. Xem chi tiết: http://vksnd.ho-so-dieu-tra.net,1
COM_1577,22/07/2026,[EVN_SPlC] Tổng công ty Điện lực thông báo: Hóa đơn tiền điện tháng này của hộ gia đình đã quá hạn thanh toán. Hệ thống sẽ tự động ngắt điện từ ngày mai. Click: http://evnspc.gachno-dienluc.top,1
COM_1578,22/07/2026,[Viettel_P0st] Thông báo: Đơn hàng bưu kiện quốc tế của bạn bị giữ lại tại kho trung chuyển do khai báo sai giá trị hải quan. Thanh toán phí lưu kho tại: http://viettelpost.vandon-quocte.vip,1
COM_1579,22/07/2026,"[J&T-Express] Cảnh báo: Kiện hàng của quý khách bị rách tem mã vạch, không thể xác định người nhận. Vui lòng vào liên kết để xác nhận lại mã vận đơn: http://jt-express.thutuc-luukho.cc",1
COM_1580,22/07/2026,[B]WASE_NuocSach] Công ty cấp nước thông báo: Phát hiện chỉ số đồng hồ nước tăng đột biến nghi do rò rỉ đường ống. Kiểm tra hóa đơn và lịch bảo trì: http://capnuoc.tra-cuu-suco.vip,1
COM_1581,22/07/2026,[NjnjaVan_Care] Khách hàng chú ý: Shipper không thể liên hệ được với bạn do số điện thoại sai chữ số cuối. Định vị lại vị trí giao hàng tại đây: http://ninjavan.henlich-giaohang.cc,1
COM_1582,22/07/2026,[VNPT-lnvoice] Thông báo: Bạn có một hóa đơn điện tử dịch vụ chữ ký số doanh nghiệp chưa được ký duyệt. Vui lòng tải file kiểm tra: http://vnpt.hoa-don-dien-tu.online,1
COM_1583,22/07/2026,[CapNuoc_ChoLon] Thông báo khẩn cấp: Tạm dừng cấp nước sinh hoạt toàn quận để xử lý sự cố vỡ ống truyền tải. Đăng ký nhận xe cấp nước miễn phí tại: http://capnuoccholon.thanh-toan.vip,1
COM_1584,22/07/2026,[FPT_Tele¢om] Hợp đồng mạng Internet cáp quang của gia đình bạn sắp hết hạn ưu đãi. Đăng ký gia hạn gói combo giá rẻ giảm 50% chỉ hôm nay: http://fpt.lich-baotri.net,1
COM_1585,22/07/2026,[GiaoHang_Nhanh] Hệ thống phân loại kho gặp sự cố khiến đơn hàng của bạn bị thất lạc. Vui lòng vào link nhận tiền đền bù thiệt hại từ sản: http://ghn.suco-donhang.cc,1
COM_1586,22/07/2026,[VTVcab_TrungTam] Thông báo: Thiết bị đầu thu truyền hình cáp của nhà bạn sắp bị khóa các kênh quốc tế do hết hạn bản quyền. Gia hạn tại: http://vtvcab.giahan-kenh.cc,1
COM_1587,22/07/2026,[Fa¢eb00k-Care] Cảnh báo: Trang Fanpage của bạn bị báo cáo vi phạm tiêu chuẩn cộng đồng nghiêm trọng và sẽ bị xóa vĩnh viễn sau [TIME]. Kháng nghị tại: http://meta.fanpage-support.vip,1
COM_1588,22/07/2026,"[Telegram-0fficial] Security Alert: We detected a suspicious login attempt from Russia. If this was not you, please click the link to revoke the session: http://telegram.cancel-deletion.top",1
COM_1589,22/07/2026,[Vietnam_Alrlines] Thông báo: Chuyến bay [NUMBER] của quý khách bị thay đổi lịch trình do điều kiện thời tiết xấu. Xác nhận đổi vé miễn phí hoặc hoàn tiền: http://vietnamairlines.doi-lich-bay.top,1
COM_1590,22/07/2026,[Vjetjet_Alr] Chúc mừng! Số điện thoại của bạn trúng thưởng giải đặc biệt sự kiện bay hè: Cặp vé khứ hồi đi Nhật Bản [MONEY]. Hoàn tất thủ tục nhận vé: http://vietjet.ve-khu-hoi-[MONEY].vip,1
COM_1591,22/07/2026,[Agoda_B00k] Cảnh báo: Giao dịch đặt phòng khách sạn của bạn tại Đà Nẵng bị từ chối do thẻ tín dụng lỗi mã CVV. Nhập lại thông tin thẻ để giữ phòng: http://agoda.datphong-suco.cc,1
COM_1592,22/07/2026,[TjkTok_Shop] Tài khoản nhà bán hàng/CTV của bạn bị tạm khóa tính năng rút tiền do có khiếu nại vi phạm chính sách hàng giả. Ấn vào link để kháng cáo: http://tiktokshop.khang-cao.cc,1
COM_1593,22/07/2026,"[iCl0ud_Mail] Alert: Your Apple ID cloud storage is full, and sync services have been suspended. Click here to claim 50GB of free promotional storage: http://appleid.icloud-appeal.cc",1
COM_1594,22/07/2026,[Travel0ka_VN] Bạn có một ví tiền thưởng tích lũy trị giá [MONEY] từ các chuyến đi trước chuẩn bị hết hạn. Rút toàn bộ số tiền mặt này về ví tại: http://traveloka.hoantien-vi.club,1
COM_1595,22/07/2026,[B00king_CTV] Chúc mừng bạn đã trúng tuyển vị trí CTV online đánh giá khách sạn 5 sao nhận lương cứng [MONEY]/ngày. Đăng nhập hệ thống nhận nhiệm vụ: http://booking.confirmation-id14373445.com,1
COM_1596,22/07/2026,"[Google_St0rage] Thông báo: Hộp thư Gmail của bạn đã dùng hết dung lượng lưu trữ miễn phí, bạn sẽ không thể nhận thư mới từ ngày mai. Nâng cấp miễn phí: http://google.storage-upgrade.top",1
COM_1597,22/07/2026,[KU.B_ET] Chúc mừng tkhoản cá cược của b đg có 1 voucher kmãi 100% nạp đầu lên tới 2tr8. Vào sảnh nhận ngay kẻo hết hạn nhe ae: http://kubet.napthuong-[NUMBER].club,1
COM_1598,22/07/2026,"[789-B.E.T] Thg báo: Đêm nay có đại tiệc Ngoại Hạng Anh, tỉ lệ kèo chấp cực thơm nạp 1 ăn 99. Đăng ký nhận code trải nghiệm [MONEY] free: http://789bet.keonhacai.top",1
COM_1599,22/07/2026,"[Hj88_M0bj] Tài xỉu online, xóc đĩa xanh chín, rút tiền trong 3p. Chào ae ej, hôm nay ad tặng hũ quà [MONEY] free cho ai click vô link này đký: http://hi88.nohu-online.cc",1
COM_1600,22/07/2026,"[NEW88_Clu6] Cbáo: Tài khoản hội viên của bạn vừa được hoàn trả 1.5% tiền cược thua ngày hôm qua, số tiền [MONEY]. Rút về ATM tại: http://pay.yandex.pochta.admin.jet-casino-zahorovod3.top",1
COM_1601,22/07/2026,[F8BET_Vn] Sự kiện hoành tráng! Đăng nhập nhận ngay lượt quay may mắn trúng lP16 Pro Max giải trí cực đỉnh cùng sảnh bài quốc tế: http://f8bet.quayhu-vjp.online,1
COM_1602,22/07/2026,"[SHB.ET] Sân chơi đẳg cấp châu Á, nạp rút tự độg khg lo bị chặn. Tặg ngay [MONEY] cho thành vjên mới xác thực sđt hôm nay. Click: http://shbet.gamebai-doithuong.cc",1
COM_1603,22/07/2026,[FUN88-VlP] Kèo thơm xả láng cuối tuần! Admin phát bao lì xì ngẫu nhiên lên tới [MONEY] đồng cho ae nạp sảnh thể thao. Vào nhận lộc: http://fun88.nhanloc-lixi.top,1
COM_1604,22/07/2026,[W88_Official] Cảnh báo tài khoản: Bạn có một lệnh rút tiền thắng cược bảo lưu trị giá [MONEY] chưa được xử lý. Vào hoàn tất xác minh: http://w88.xacminh-ruttien.vip,1
COM_1605,22/07/2026,"[M88.Com] Chào b, hệ thống chọn ngẫu nhiên sđt của b trúng thưởng hũ nổ Jackpot trị giá [MONEY] tiền tươi. Click link nhận thưởng luôn: http://m88.nohu-jackpot.online (Teencode: b)",1
COM_1606,22/07/2026,"[Fi88_Net] Đánh bài online, casino trực tuyến có người thật chia bài. Đăng ký tài khoản nhận ngay code tân thủ [MONEY] trải nghiệm free: https://jwf88pefdz.682667com-dhxl.top",1
COM_1607,22/07/2026,"[Sh0pee_CTV] Tuyển nhân viên xử lý dữ liệu đơn hàng ảo tại nhà, thu nhập [MONEY] - [MONEY]/ngày lương trả theo giờ qua ATM. Liên hệ nhận j0b: http://shopee.tuyendung-ctv.top",1
COM_1608,22/07/2026,"[TlkI-App] Thong bao tuyen dung tro ly ao truc chat cho cac shop TMDT, luong cung [MONEY]/thang + thuong doanh so. Bam l_ink nhan ho so: http://tiki.nhansu-online.vip",1
COM_1609,22/07/2026,"[TikT0k_Media] Tuyển người mẫu ảnh online, review quần áo local brand nhận đồ miễn phí + thù lao [MONEY]/bộ. lbox zalo nhận việc ngay hnay: http://tiktok.tuyendung-idol.cc",1
COM_1610,22/07/2026,"[Y0UTUBE_Vn] Cần tuyển 100 CTV làm nhiệm vụ like, subscribe kênh Youtube tăng tương tác, nhận ngay [MONEY]/lượt click, rảnh làm bận nghỉ. Link: http://youtubem.com",1
COM_1611,22/07/2026,"[Amazon_Drop] Cơ hội kiếm tiền thụ động từ việc mở gian hàng Dropshipping không cần vốn, hoa hồng lên tới 35%. Đăng ký học thử khóa free: http://amazon.kinhdoanh-onl.top",1
COM_1612,22/07/2026,"[LazaDa_Mall] Tuyển gấp nhân viên trực page chốt đơn hàng mỹ phẩm, không yêu cầu kinh nghiệm, tuổi từ 18-30. Nhận việc làm luôn trong ngày: http://lazada.tuyendung-nhansu.club",1
COM_1613,22/07/2026,"[Vie¢Lam_24h] Cần người phụ kho, dán nhãn mác hộp quà tết tại nhà. Tiền công [MONEY]/hộp, giao hàng tận nơi khg thu phí. Đăng ký qua link: http://vieclam.the-thao-onl.cc",1
COM_1614,22/07/2026,"[Telegram_Job] Việc làm buổi tối cho mẹ bỉm sữa, học sinh kiếm thêm thu nhập từ việc dịch thuật hoặc gõ văn bản thuê. Lương [MONEY]/bài. Đăng ký: http://telegram.job-tuyendung.top",1
COM_1615,22/07/2026,"[Grab_Express] Tuyển đối tác tài xế giao hàng bằng xe máy, hỗ trợ xăng xe tháng đầu [MONEY] đồng, nhận đồng phục miễn phí. Đăng ký hồ sơ online: http://grab.tuyendung-taixe.vip",1
COM_1616,22/07/2026,"[Sendo_Trading] Thông báo tuyển dụng cộng tác viên đánh giá sản phẩm nhằm tăng thứ hạng shop, nhận hoa hồng 15% sau mỗi lượt đánh giá. Link: http://sendo.ctv-danhgia.online",1
COM_1617,22/07/2026,"[DlNh_Ph0ng_Group] Dự án khởi nghiệp công nghệ 4.0, cam kết lợi nhuận 30%/tháng khg cần làm việc, chỉ cần đầu tư gói ban đầu. Xem slide dự án: http://dinhphong.dautu-40.online",1
COM_1618,22/07/2026,"[Al_Trading] Robot tự động trade coin sàn quốc tế, cam kết bao lỗ, nhân đôi tài sản sau 1 tuần. Tham gia nhóm kéo vjps của chuyên gia tại: http://aitrading.kiemtien-crypto.cc",1
COM_1619,22/07/2026,"[E_C0lN] Đồng tiền ảo thế hệ mới chuẩn bị niêm yết sàn Binance, cơ hội x100 tài khoản cho những nhà đầu tư thiên thần đi đầu. Mua presale tại: http://bitcoin-gemin-com.financialmarketsworld.com",1
COM_1620,22/07/2026,[Group_KhoiNghiep] Bí quyết làm giàu từ tay trắng của các triệu phú trẻ tuổi. Tham gia hội thảo zoom m jễn phí tối nay để nhận mã cổ phiếu tặng kèm: http://gamemono.net,1
COM_1621,22/07/2026,"[SkyWay_Vn] Đầu tư vào tập đoàn công nghệ vận tải tương lai, nhận cổ tức trọn đời và cơ hội sở hữu bất động sản nghỉ dưỡng. Đăng ký sở hữu cổ phần: http://skyway.co-phan-onl.cc",1
COM_1622,22/07/2026,[Pi_Network_Vn] Sàn giao dịch Pi chính thức mở cửa cho phép đổi Pi lấy tiền mặt VNĐ tỉ giá cao. Đồng bộ ví Pi của bạn để thanh khoản ngay: http://pinetwork-gb64tykw.web3pi.icu,1
COM_1623,22/07/2026,"[Lion_Teams] Khóa học tự do tài chính, làm chủ dòng tiền từ thị trường ngoại hối Forex. Kiếm 50-100$ mỗi ngày cực dễ dàng. Đăng ký vé mời free: http://lionteams.forex-dautu.top",1
COM_1624,22/07/2026,"[Asu_ra_Group] Độc quyền dự án nuôi bò ảo/trồng cây ảo nhận tiền thật, mô hình kinh tế tuần hoàn sinh lời mỗi ngày rút về ví MOMO/ATM. Tham gia: http://asuragroup.nuoibo-onl.online",1
COM_1625,22/07/2026,"[Gold_Fund] Quỹ đầu tư vàng kỹ thuật số, cam kết lợi nhuận cố định 3% mỗi tuần, an toàn tuyệt đối, rút gốc bất kỳ lúc nào. Xem bảng tính lãi: http://goldfund.dautu-vang.club",1
COM_1626,22/07/2026,"[VlPCrypto] Nhóm tín hiệu phái sinh, phán đâu trúng đó, tỷ lệ thắng 95%. Theo lệnh chuyên gia ăn bờ kèo lớn hnay, vào group cá mập tại: http://allcryptowallets.at",1
COM_1627,22/07/2026,"[VAY_NHANH_24H] Hỗ trợ vay vốn tiêu dùng nợ xấu vẫn vay được, giải ngân sau [TIME] qua thẻ, hạn mức lên đến [MONEY], không thẩm định người nhà. Kích hoạt: vaynhanhuytin.com",1
COM_1628,22/07/2026,[F88_Credit] Thông báo: Hồ sơ đăng ký vay tiền bằng cavet xe máy của bạn đã được duyệt sơ bộ. Vui lòng nhận tiền giải ngân trực tuyến tại: http://f88.vay-tieudung.top,1
COM_1629,22/07/2026,"(Doctor_Vay) Bạn có một khoản vay hạn mức [MONEY] đang chờ kích hoat. Chỉ cần ảnh chụp CCCD, miễn lãi suất cho tháng đầu tiên. Đăng ký: http://doctorvay.vaycaptoc.cc",1
COM_1630,22/07/2026,"[TjnhDug_GjaDjh] Cần tiền tiêu tết, mua xe? Alo là có tiền, gói vay trả góp linh hoạt theo ngày/tuần, không giữ giấy tờ gốc. Đăng ký duyệt tự động: http://tindung.vay-nhanh.online",1
COM_1631,22/07/2026,"[Vay_TinChap] Hỗ trợ công nhân, sinh viên vay vốn giải sầu cuối tháng, bảo mật thông tin tuyệt đối khg cho cty biết. Bấm link điền thông tin: http://vaytinchap.hoso-online.vip",1
COM_1632,22/07/2026,"[Money_Cat] Tài khoản của bạn được hệ thống đánh giá tín dụng tốt, tặng mã giảm 50% phí dịch vụ cho khoản vay đầu. Nhận tiền giải ngân tại: http://moneycat.vay-nhanh.top",1
COM_1633,22/07/2026,"[Dong_247] Cứu trợ tài chính khẩn cấp, duyệt hồ sơ trong 5p bất chấp mọi loại nợ xấu ngân hàng, nhận tiền chuyển khoản ngay. Đăng ký: http://dong247.vaytochanh.cc",1
COM_1634,22/07/2026,[SenMo_Vn] Bạn có khoản giải ngân treo trị giá [MONEY] do điền sai số tài khoản ngân hàng. Đăng nhập hệ thống để chỉnh sửa thông tin: http://senmo.suadoi-hoso.top,1
COM_1635,22/07/2026,"[Cash24] Ưu đãi cuối năm! Vay online từ [MONEY] đến [MONEY] chỉ cần số điện thoại chính chủ và CCCD, không cần chứng minh thu nhập. Link: http://cash24.vay-tieudung.vip",1
COM_1636,22/07/2026,"[Vay_SieuToc] Chỉ cần đt có kết nối mạng là vay được tiền, giải ngân bất kể ngày đêm. Nhấp vào đây để thực hiện tạo hồ sơ vay vốn: http://money-easilycqe.buzz",1
COM_1637,22/07/2026,"[BĐS_ĐấtNền] Mở bán đất nền sổ đỏ thổ cư ngay cạnh khu công nghiệp lớn, giá chỉ [MONEY]/nền, chiết khấu ngay 2 chỉ vàng cho khách cọc hnay. Xem vị trí: http://datnen.bds-dautu.online",1
COM_1638,22/07/2026,"[VlNh0mEs] Mở giữ chỗ căn hộ chung cư phân khu mới, hỗ trợ vay vốn 0% lãi suất trong 2 năm, tặng gói nội thất cao cấp trị giá [MONEY]. Đăng ký tham quan: http://vinhome.duan-bds.vip",1
COM_1639,22/07/2026,"[M0BlF0NE-Sim] Kho sim số đẹp phong thủy, tam hoa, thần tài xả kho đồng giá [MONEY]/sim miễn phí ship toàn quốc. Chọn số ngay kẻo lỡ số vip b nhé: http://mobifone.khosim-giare.cc",1
COM_1640,22/07/2026,"[NhaDat_GiaRe] Chính chủ cần tiền bán gấp căn nhà cấp 4 quận 12, hẻm xe hơi, sổ hồng riêng, giá 1.8 tỷ có thương lượng. Xem sổ và hình ảnh nhà: http://nhadat.chinhchu-ban.top",1
COM_1641,22/07/2026,"[DatXanh_Group] Sự kiện tri ân khách hàng: Tặng vé mời tham gia lễ mở bán khu đô thị sinh thái ven sông, có cơ hội bốc thăm trúng xe ô tô Mazda. Đăng ký: http://datxanh.bds-sukien.cc",1
COM_1642,22/07/2026,"[TiengAnh_ThanhThao] Khóa học tiếng Anh giao tiếp cấp tốc dành cho người mất gốc, cam kết chuẩn đầu ra sau 3 tháng, giảm 70% học phí hôm nay. Học thử: http://tienganh.khoahoc-onl.vip",1
COM_1643,22/07/2026,"[ChungKhoan_Vn] Tặng miễn phí cuốn sách ""Bí quyết đầu tư chứng khoán làm giàu"" và bộ tài liệu phân tích kỹ thuật của các vĩ nhân. Nhận sách free tại: http://chungkhoan.nhansach.top",1
COM_1644,22/07/2026,"[ThaoDuoc_ChinhHieu] Bài thuốc nam gia truyền đặc trị dứt điểm các bệnh xương khớp, gút, tiểu đường, hiệu quả sau 1 liệu trình khg tác dụng phụ. Tư vấn: http://thaoduoc.giatruyen-vn.online",1
COM_1645,22/07/2026,[Spa_LamDep] Trải nghiệm combo chăm sóc da chuyên sâu giá dùng thử chỉ [MONEY] dành cho 50 khách hàng đăng ký sớm nhất qua liên kết sau đây: http://spa.uudai-lamdep.club,1
COM_1646,22/07/2026,"[GiaSu_TaiNang] Trung tâm gia sư uy tín nhận dạy kèm các môn từ lớp 1-12, luyện thi đại học chất lượng cao, học phí hợp lý. Đăng ký tìm gia sư: http://giasu.tuyendung-onl.cc",1
COM_1647,22/07/2026,[Dragon_Capital_Vn] Thông báo: Quỹ đầu tư chính thức mở cổng ký kết Hợp đồng hợp tác chiến lược lợi nhuận cố định 25%/năm dành cho nhà đầu tư cá nhân. Ký hợp đồng điện tử tại: [http://dragoncapital.hopdong-dautu.vip],1
COM_1648,22/07/2026,[VlNDlRECT_Group] Cảnh báo! Hồ sơ tất toán hợp đồng đầu tư chứng khoán phái sinh mã số [NUMBER] của bạn gặp lỗi chữ ký số. Vui lòng đăng nhập hệ thống để ký lại: [http://vndirect.xacthuc-chuky.cc],1
COM_1649,22/07/2026,"[TapDoan_AnPhat] Chương trình góp vốn đầu tư dự án bất động sản xanh, cam kết trả lãi gốc hàng tháng qua ví điện tử. Ký hợp đồng thông minh nhận ngay 5 chỉ vàng tri ân hnay: [http://anphat.gopvon-dautu.online]",1
COM_1650,22/07/2026,[Ssl_Securjtjes] Thg bao: Tkhoan cua ban co 1 hop dong uy thac dau tu sap dao han nhung chua xac minh chu ky dien tu muc do 2. Vui long vao link de hoan tat: [http://ssi.hopdong-uythac.top],1
COM_1651,22/07/2026,"[VinaCapital_VIP] Cơ hội vàng! Ký hợp đồng hợp tác đầu tư tiền điện tử và cổ phiếu công nghệ AI đón đầu xu hướng [NUMBER], bảo hiểm rủi ro 100% từ quỹ lớn. Tham gia tại: [http://vinacapital.quy-dautu.top]",1
COM_1652,22/07/2026,[HĐ_DauTu_40] Bạn đg có 1 hợp đồng góp vốn khai thác mỏ vàng kỹ thuật số chưa được kích hoạt dòng tiền thanh khoản. Nhấp vào để ký duyệt nhận lãi ngày: [http://dautu.hopdong-thongminh.cc],1
COM_1653,22/07/2026,"[MBS_ChungKhoan] Trân trọng thông báo: Gói hợp đồng đầu tư ủy thác an toàn ""Tích lũy tương lai"" của quý khách đã phát sinh lợi nhuận kỳ 1. Vào ví hệ thống kiểm tra: [http://mbs.quanly-danhmuc.vip]",1
COM_1654,22/07/2026,[Vn_Direct_HĐ] Thông báo khẩn cấp: Sàn tiến hành rà soát các tài khoản chưa hoàn thành ký hợp đồng mở tài khoản giao dịch ký quỹ margin bằng CCCD gắn chip. Link xử lý: [http://vndirect.kyso-margin.top],1
COM_1655,22/07/2026,"[DauTu_Xanh_Group] Hợp đồng hợp tác nuôi bò công nghệ cao sinh lời 2% mỗi ngày, rút gốc linh hoạt sau 30 ngày. Ký hợp đồng điện tử nhận ngay nghé con may mắn: [http://nuoibo.dautu-thongminh.online]",1
COM_1656,22/07/2026,"[Techcom_Securities] Cảnh báo bảo mật: Phát hiện yêu cầu thay đổi điều khoản thụ hưởng trên hợp đồng sở hữu trái phiếu doanh nghiệp của bạn. Nếu lỗi, vào chặn ngay: [http://tcb.kiemtra-traiphieu.cc]",1
COM_1657,22/07/2026,"[Quy_GopVon_Vn] Chương trình đầu tư thiên thần vào chuỗi startup công nghệ chuỗi khối, cam kết x10 tài sản sau khi IPO. Đăng ký ký kết thỏa thuận góp vốn bảo mật tại: [http://startup.gopvon-dau-tu.top]",1
COM_1658,22/07/2026,[HĐ_Chukyso_Gov] Tổng cục Thuế và Doanh nghiệp thông báo: Yêu cầu tất cả nhà đầu tư cá nhân hoàn tất xác thực chữ ký số trên hợp đồng giao dịch chứng khoán để quyết toán thuế: [http://thuedientu.kyso-hdoan.vip],1
COM_1659,22/07/2026,[Pj_N_etwork_HĐ] Cổng ký kết hợp đồng điện tử đồng thuận đổi Pi lấy tài sản/bất động sản chính thức mở cho các tiên phong Việt Nam. Vào ký xác nhận ví tại: [http://pinetwork.hopdong-dongthuan.cc],1
COM_1660,22/07/2026,"[VlPCrypto_Club] Nhóm chuyên gia rò rỉ thông tin hợp đồng đầu tư nội bộ của các cá mập, cam kết đánh lệnh phái sinh thắng 100%. Vào nhận tài liệu mật: [http://cryptovip.tin-noi-bo.top]",1
COM_1661,22/07/2026,"[Finhay_TichLuy] Thông báo: Hợp đồng tích lũy rùa vàng của bạn đã đạt mốc tăng trưởng tối đa, hệ thống tạm khóa để chờ nâng cấp tài khoản VIP. Mở khóa tại link: [http://finhay.mo-khoa-tkhoan.cc]",1
COM_1662,22/07/2026,"[Gold_Fund_Vn] Quỹ thác đầu tư vàng miếng trực tuyến, cam kết bảo hộ giá từ ngân hàng nhà nước, ký hợp đồng nhận bảo chứng số lượng vàng thực tế tại kho: [http://goldfund.hopdong-muavang.online]",1
COM_1663,22/07/2026,"[HĐ_UyThac_247] Chào b, hồ sơ nhận ủy thác đầu tư chạy bot trade forex tự động sinh lời của b đã được duyệt thành công. Ký kết biên bản bàn giao vốn tại: [http://forex.hopdong-uythac.vip]",1
COM_1664,22/07/2026,[BĐS_Vjnh0mes_HĐ] Thông báo tiến độ ký hợp đồng đặt cọc giữ chỗ suất mua ngoại giao biệt thự nghỉ dưỡng ven biển giá gốc chủ đầu tư. Xem hợp đồng mẫu tại: [http://vinhome.hopdong-datcoc.top],1
COM_1665,22/07/2026,[Vina_Trust_Fund] Kính gửi nhà đầu tư: Yêu cầu cập nhật thông tin tài khoản ngân hàng thụ hưởng trên hợp đồng điện tử để hệ thống tự động chuyển trả cổ tức kỳ 2: [http://vinatrust.capnhat-hdoan.cc],1
COM_1666,22/07/2026,[HĐ_DauTu_ChjnhPhu] Thông báo hỗ trợ người dân tham gia gói thầu góp vốn xây dựng hạ tầng giao thông quốc gia nhận lợi tức dài hạn. Đăng ký ký kết trực tuyến: [http://dichvucong.hopdong-gopvon.top],1
COM_1667,22/07/2026,[AL_MA_RES0RT] Kính mời quý khách mang theo CCCD đến văn phòng chi nhánh để ký nhận quyết định thanh lý và nhận lại 100% tiền cọc hợp đồng sở hữu kỳ nghỉ: http://alma.thanhly-hopdong.vip,1
COM_1668,22/07/2026,[VlNPEARL-VlP] Cảnh báo! Thẻ hội viên kỳ nghỉ vàng của gia đình bạn bị phát hiện có dấu hiệu chuyển nhượng trái phép trên mạng. Xác minh thông tin chính chủ tại: http://vinpearl.xacminh-the.cc,1
COM_1669,22/07/2026,[FLC_Group_HĐ] Thông báo khẩn cấp: Yêu cầu tất cả khách hàng sở hữu voucher nghỉ dưỡng FLC hoàn tất ký số biên bản gia hạn thời gian áp dụng trước [TIME] hôm nay: http://flc.giahan-voucher.top,1
COM_1670,22/07/2026,(Crys.tal_Bay) Thư mời VIP: Chúc mừng sđt của b đã trúng thưởng suất nghỉ dưỡng 3N2Đ m jễn phí tại resort Cam Ranh. Click vô link để ký hđồg điện tử nhận phòng: http://crystalbay.kynighivjp.online,1
COM_1671,22/07/2026,[Novaland_Resort] Chương trình tri ân đặc biệt: Tặng thẻ thành viên liên kết hệ thống khách sạn quốc tế trị giá [MONEY] đồng. Hoàn tất thủ tục ký hợp đồng nhận quà tại: http://novaland.the-trian.cc,1
COM_1672,22/07/2026,[Sungroup_Partners] Thông báo mở bán suất ngoại giao căn hộ nghỉ dưỡng ven biển cam kết lợi nhuận 15%/năm. Tải file bảng tính dòng tiền và hợp đồng mẫu tại: http://sungroup.condotel-dautu.top,1
COM_1673,22/07/2026,[SaiGon_To_urist] Cáo lỗi! Hệ thống đặt tour trực tuyến gặp sự cố đồng bộ chữ ký số khiến hợp đồng du lịch Tết của bạn bị treo. Đề nghị đăng nhập ký lại khẩn cấp: http://saigontourist.hopdong-loi.vip,1
COM_1674,22/07/2026,[KjNghj_GjaDjh] Khảo sát thói quen du lịch của hộ gia đình năm [NUMBER] để nhận ngay gói quà tặng tiền mặt [MONEY] đồng từ tổng cục du lịch. Tham gia khảo sát tại: http://dulich.khaosat-vietnam.cc,1
COM_1675,22/07/2026,"[Alma_Gala_2026] Thư mời tham dự đêm tiệc tri ân khách hàng thân thiết tại khách sạn 5 sao, cơ hội bốc thăm trúng xe máy Honda SH. Đăng ký nhận vé mời mien phi: http://alma.galatrian-[NUMBER].top",1
COM_1676,22/07/2026,[HĐ_DuLich_Vjp] Hệ thống ghi nhận yêu cầu hủy hợp đồng sở hữu kỳ nghỉ của quý khách đã được phê duyệt sơ bộ. Vui lòng vào link hoàn tất thủ tục rút gốc: http://kynighi.thutuc-rutgoc.online,1
COM_1677,22/07/2026,[Club_M_ed_VN] Chúc mừng tài khoản của b đg có 1 voucher giảm giá 80% gói nghỉ dưỡng gia đình tại Phú Quốc. Click vô link để ký hđ nhận ưu đãi ngay kẻo lỡ: http://clubmed.uudai-kynighi.vip,1
COM_1678,22/07/2026,[Vjnh0mes_Resort] Thông báo tiến độ bàn giao và ký hợp đồng mua bán chính thức đối với các bất động sản nghỉ dưỡng phân khu shophouse ven biển. Xem chi tiết tại: http://vinhome.tiendo-bangiao.cc,1
COM_1679,22/07/2026,[Travel0ka_HĐ] Cảnh báo bảo mật: Hợp đồng bảo hiểm du lịch quốc tế đi kèm mã đặt chỗ của bạn chưa được xác thực bằng CCCD chip. Vào hoàn tất trước giờ bay: http://traveloka.hopdong-baohiem.top,1
COM_1680,22/07/2026,"[B00king_CTV] Thông báo tuyển dụng: Cần 50 CTV trực tuyến làm nhiệm vụ nhận đặt phòng khách sạn ảo để tăng tương tác, nhận lương cứng [MONEY]/ngày. Đăng ký tại: http://booking.ctv-review.top",1
COM_1681,22/07/2026,[S0ntra_Resort] Quyền sở hữu kỳ nghỉ định kỳ năm [NUMBER] của gia đình bạn đã đến hạn thanh toán phí bảo trì sảnh. Vui lòng tất toán hóa đơn để tránh bị khóa thẻ: http://sontra.phiquanly-thongbao.vip,1
COM_1682,22/07/2026,[Dragon_Capital] Thông báo: Quỹ đầu tư chính thức mở cổng ký kết hợp đồng hợp tác chiến lược lợi nhuận cố định 25%/năm dành cho nhà đầu tư cá nhân. Ký hợp đồng tại: http://dragoncapital.hopdong-dautu.vip,1
COM_1683,22/07/2026,[VlNDlRECT_Group] Cảnh báo! Hồ sơ tất toán hợp đồng đầu tư chứng khoán phái sinh mã số [NUMBER] của bạn gặp lỗi chữ ký số. Vui lòng đăng nhập hệ thống để ký lại: http://vndirect.xacthuc-chuky.cc,1
COM_1684,22/07/2026,"[TapDoan_AnPhat] Chương trình góp vốn đầu tư dự án bất động sản xanh, cam kết trả lãi gốc hàng tháng qua ví điện tử. Ký hợp đồng thông minh nhận ngay 5 chỉ vàng: http://anphat.gopvon-dautu.online",1
COM_1685,22/07/2026,[Ssl_Securjtjes] Thg bao: Tkhoan cua ban co 1 hop dong uy thac dau tu sap dao han nhung chua xac minh chu ky dien tu muc do 2. Vui long vao link de hoan tat: http://ssi.hopdong-uythac.top,1
COM_1686,22/07/2026,"[VinaCapital_VIP] Cơ hội vàng! Ký hợp đồng hợp tác đầu tư tiền điện tử và cổ phiếu công nghệ AI đón đầu xu hướng [NUMBER], bảo hiểm rủi ro 100%. Tham gia tại: http://vinacapital.quy-dautu.top",1
COM_1687,22/07/2026,[HĐ_DauTu_40] Bạn đg có 1 hợp đồng góp vốn khai thác mỏ vàng kỹ thuật số chưa được kích hoạt dòng tiền thanh khoản. Nhấp vào để ký duyệt nhận lãi ngày: http://dautu.hopdong-thongminh.cc,1
COM_1688,22/07/2026,"[MBS_ChungKhoan] Trân trọng thông báo: Gói hợp đồng đầu tư ủy thác an toàn ""Tích lũy tương lai"" của quý khách đã phát sinh lợi nhuận kỳ 1. Vào ví hệ thống kiểm tra: http://mbs.quanly-danhmuc.vip",1
COM_1689,22/07/2026,[Vn_Direct_HĐ] Thông báo khẩn cấp: Sàn tiến hành rà soát các tài khoản chưa hoàn thành ký hợp đồng mở tài khoản giao dịch ký quỹ margin bằng CCCD chip. Link xử lý: http://vndirect.kyso-margin.top,1
COM_1690,22/07/2026,"[DauTu_Xanh_Group] Hợp đồng hợp tác nuôi bò công nghệ cao sinh lời 2% mỗi ngày, rút gốc linh hoạt sau 30 ngày. Ký hợp đồng điện tử nhận ngay quà tri ân: http://nuoibo.dautu-thongminh.online",1
COM_1691,22/07/2026,"[Techcom_Securities] Cảnh báo bảo mật: Phát hiện yêu cầu thay đổi điều khoản thụ hưởng trên hợp đồng sở hữu trái phiếu doanh nghiệp của bạn. Nếu lỗi, vào chặn ngay: http://tcb.kiemtra-traiphieu.cc",1
COM_1692,22/07/2026,"[Quy_GopVon_Vn] Chương trình đầu tư thiên thần vào chuỗi startup công nghệ chuỗi khối, cam kết x10 tài sản sau khi IPO. Đăng ký ký kết thỏa thuận tại: http://startup.gopvon-dau-tu.top",1
COM_1693,22/07/2026,[HĐ_Chukyso_Gov] Tổng cục Thuế và Doanh nghiệp thông báo: Yêu cầu tất cả nhà đầu tư cá nhân hoàn tất xác thực chữ ký số trên hợp đồng giao dịch để quyết toán thuế: http://thuedientu.kyso-hdoan.vip,1
COM_1694,22/07/2026,[Pj_N_etwork_HĐ] Cổng ký kết hợp đồng điện tử đồng thuận đổi Pi lấy tài sản bất động sản chính thức mở cho các tiên phong Việt Nam. Vào ký xác nhận ví tại: http://pinetwork.hopdong-dongthuan.cc,1
COM_1695,22/07/2026,"[VlPCrypto_Club] Nhóm chuyên gia rò rỉ thông tin hợp đồng đầu tư nội bộ của các cá mập, cam kết đánh lệnh phái sinh thắng 100%. Vào nhận tài liệu mật: http://cryptovip.tin-noi-bo.top",1
COM_1696,22/07/2026,"[Finhay_TichLuy] Thông báo: Hợp đồng tích lũy rùa vàng của bạn đã đạt mốc tăng trưởng tối đa, hệ thống tạm khóa để chờ nâng cấp tài khoản VIP. Mở khóa tại link: http://finhay.mo-khoa-tkhoan.cc",1
COM_1697,22/07/2026,[KU.B_ET] Chúc mừng tkhoản cá cược của b đg có 1 voucher kmãi 100% nạp đầu lên tới 2tr8. Vào sảnh nhận ngay kẻo hết hạn nhe ae: http://kubet.napthuong-[NUMBER].club,1
COM_1698,22/07/2026,"[789-B.E.T] Thg báo: Đêm nay có đại tiệc Ngoại Hạng Anh, tỉ lệ kèo chấp cực thơm nạp 1 ăn 99. Đăng ký nhận code trải nghiệm [MONEY] free: http://789bet.keonhacai.top",1
COM_1699,22/07/2026,"[Hj88_M0bj] Tài xỉu online, xóc đĩa xanh chín, rút tiền trong 3p. Chào ae ej, hôm nay ad tặng hũ quà [MONEY] free cho ai click vô link này đký: http://hi88.nohu-online.cc",1
COM_1700,22/07/2026,"[NEW88_Clu6] Cbáo: Tài khoản hội viên của bạn vừa được hoàn trả 1.5% tiền cược thua ngày hôm qua, số tiền [MONEY]. Rút về ATM tại: http://new88.hoantien-casino.vip",1
COM_1701,22/07/2026,[F8BET_Vn] Sự kiện hoành tráng! Đăng nhập nhận ngay lượt quay may mắn trúng lP16 Pro Max giải trí cực đỉnh cùng sảnh bài quốc tế: http://f8bet.quayhu-vjp.online,1
COM_1702,22/07/2026,"[SHB.ET] Sân chơi đẳg cấp châu Á, nạp rút tự độg khg lo bị chặn. Tặg ngay [MONEY] cho thành vjên mới xác thực sđt hôm nay. Click: http://shbet.gamebai-doithuong.cc",1
COM_1703,22/07/2026,[FUN88-VlP] Kèo thơm xả láng cuối tuần! Admin phát bao lì xì ngẫu nhiên lên tới [MONEY] đồng cho ae nạp sảnh thể thao. Vào nhận lộc: http://fun88.nhanloc-lixi.top,1
COM_1704,22/07/2026,[W88_Official] Cảnh báo tài khoản: Bạn có một lệnh rút tiền thắng cược bảo lưu trị giá [MONEY] chưa được xử lý. Vào hoàn tất xác minh: http://w88.xacminh-ruttien.vip,1
COM_1705,22/07/2026,"[M88.Com] Chào b, hệ thống chọn ngẫu nhiên sđt của b trúng thưởng hũ nổ Jackpot trị giá [MONEY] tiền tươi. Click link nhận thưởng luôn: http://m88.nohu-jackpot.online",1
COM_1706,22/07/2026,"[Fi88_Net] Đánh bài online, casino trực tuyến có người thật chia bài. Đăng ký tài khoản nhận ngay code tân thủ [MONEY] trải nghiệm free: http://fi88.casinothuong.club",1
COM_1707,22/07/2026,[GO88_Game] Cổng game bài đại gia đổi thưởng xanh chín uy tín nhất VN. Tải app ios/android nhận ngay [MONEY] xu vào tài khoản cá cược: http://gamevip05.vip,1
COM_1708,22/07/2026,"[SOC88-VlP] Đêm nay chung kết Cúp C1, ad mở cổng dự đoán tỷ số nhận quà cực khủng. Tỷ lệ cược chấp siêu cao ăn trọn bờ sảnh: https://sports-and-casino-no-deposit-bonus-codes-[NUMBER]-[NUMBER].evsur.ru",1
COM_1709,22/07/2026,"[SODO_Casino] Khuyến mãi nạp tiền giờ vàng, thưởng thêm 20% giá trị nạp khg giới hạn số lần chơi cho mọi sảnh tài xỉu xóc đĩa: http://game-prices.com",1
COM_1710,22/07/2026,[7Ball_Club] Thông báo: Quỹ thưởng hũ nổ Jackpot của bạn đã đạt mốc [MONEY] đồng. Thực hiện lệnh rút tiền mặt về ví điện tử ngay: http://7ball.rutthuong-jackpot.online,1
COM_1711,22/07/2026,"[BK8_Vn] Chào ae, sảnh thể thao điện tử hoàn trả cược xiên siêu hấp dẫn lên đến 2% mỗi ngày. Đăng ký tài khoản cá độ nhận quà tại: http://bk8.thethao-onl.vip",1
COM_1712,22/07/2026,"[Sh0pee_CTV] Tuyển nhân viên xử lý dữ liệu đơn hàng ảo tại nhà, thu nhập [MONEY] - [MONEY]/ngày lương trả theo giờ qua ATM. Liên hệ nhận j0b: http://shopee.tuyendung-ctv.top",1
COM_1713,22/07/2026,"[TlkI-App] Thong bao tuyen dung tro ly ao truc chat cho cac shop TMDT, luong cung [MONEY]/thang + thuong doanh so. Bam l_ink nhan ho so: https://business-tiktok.store",1
COM_1714,22/07/2026,"[TikT0k_Media] Tuyển người mẫu ảnh online, review quần áo local brand nhận đồ miễn phí + thù lao [MONEY]/bộ. lbox zalo nhận việc ngay hnay: https://tiktok25881.shop",1
COM_1715,22/07/2026,"[Y0UTUBE_Vn] Cần tuyển 100 CTV làm nhiệm vụ like, subscribe kênh Youtube tăng tương tác, nhận ngay [MONEY]/lượt click, rảnh làm bận nghỉ. Link: youtube.google.com.acountin.com",1
COM_1716,22/07/2026,"[Amazon_Drop] Cơ hội kiếm tiền thụ động từ việc mở gian hàng Dropshipping không cần vốn, hoa hồng lên tới 35%. Đăng ký học thử khóa free: http://amazon-top-coupon.com",1
COM_1717,22/07/2026,"[LazaDa_Mall] Tuyển gấp nhân viên trực page chốt đơn hàng mỹ phẩm, không yêu cầu kinh nghiệm, tuổi từ 18-30. Nhận việc làm luôn trong ngày: http://lazada.tuyendung-nhansu.club",1
COM_1718,22/07/2026,"[Vie¢Lam_24h] Cần người phụ kho, dán nhãn mác hộp quà tết tại nhà. Tiền công [MONEY]/hộp, giao hàng tận nơi khg thu phí. Đăng ký qua link: https://cohoivieclam.shop",1
COM_1719,22/07/2026,"[Telegram_Job] Việc làm buổi tối cho mẹ bỉm sữa, học sinh kiếm thêm thu nhập từ việc dịch thuật hoặc gõ văn bản thuê. Lương [MONEY]/bài. Đăng ký: http://telegram.job-tuyendung.top",1
COM_1720,22/07/2026,"[Grab_Express] Tuyển đối tác tài xế giao hàng bằng xe máy, hỗ trợ xăng xe tháng đầu [MONEY] đồng, nhận đồng phục miễn phí. Đăng ký hồ sơ online: https://grab.sxlph.club",1
COM_1721,22/07/2026,"[Sendo_Trading] Thông báo tuyển dụng cộng tác viên đánh giá sản phẩm nhằm tăng thứ hạng shop, nhận hoa hồng 15% sau mỗi lượt đánh giá. Link: http://sendo.ctv-danhgia.online",1
COM_1722,22/07/2026,"[J0B_HOT_2026] Cần tuyển nhân viên nhập liệu mã capcha tại nhà, máy tính hoặc điện thoại đều làm được, công trả [MONEY]/mã thanh toán cuối ngày: http://facebook-business-help-center-fanpage-checkpoint1203.ml",1
COM_1723,22/07/2026,"[Meta_Work] Cơ hội trở thành CTV duyệt nội dung video ngắn cho Facebook Reels, lương cứng bồi dưỡng [MONEY]/tháng làm việc trực tuyến: http://meta.tuyendung-ctv.top",1
COM_1724,22/07/2026,"[Kyna_GiaSu] Trung tâm tuyển dụng giáo viên, sinh viên nhận lớp dạy kèm trực tuyến môn Toán Lý Hóa tiếng Anh lương cao, đăng ký nhận lớp:http://teacher-jobs-[NUMBER].bond",1
COM_1725,22/07/2026,[ShopeePay_Care] Tuyển đại lý liên kết mở rộng điểm quét mã QR thanh toán hoa hồng trọn đời lên đến 5% trên mỗi giao dịch khách hàng: http://shopeepay.daily-qr.online,1
COM_1726,22/07/2026,"[Lazada_Express] Cần tuyển nhân viên bưu tá giao nhận hàng hóa bằng xe máy khu vực nội thành, thu nhập ổn định 12-[MONEY]/tháng. Đăng ký: https://lazadamtdt.com",1
COM_1727,22/07/2026,"[Club_HenHo_Vjp] Tuyển hội viên CLB Sugar Baby - Tìm bạn đời kín đáo, trợ cấp 15-[MONEY]/tháng. Ae vào nhóm Telegram nhận thông tin các bé sgbb ngọt ngào: http://telegram.clb-henho.cc",1
COM_1728,22/07/2026,"[Tinder_Ljve] Chào b, có một tài khoản nữ gần vị trí của b đang gửi lời mời kết bạn và muốn trò chuyện kín đáo qua đêm hnay. Click vô xem trang cá nhân: http://tinder-garten.de",1
COM_1729,22/07/2026,Hệ thống tìm quanh đây phát hiện tài khoản của bạn nhận được 3 ảnh riêng tư từ một bạn nữ ẩn danh. Nhấp vào link để tải bộ giải mã ảnh: http:http://11zalo.com,1
COM_1730,22/07/2026,"[SugarBaby_Vn] Tìm phi công trẻ cho các phú bà cô đơn tuổi trung niên, chu cấp đầy đủ nhà xe, bảo mật danh tính tuyệt đối. Đăng ký hồ sơ xét duyệt tại: http://ryanb-sexyvideoclips.blogspot.sg",1
COM_1731,22/07/2026,"[GaiGoi_CaoCap] Khai truong sanh sgbb, gai goi sinh vien cao cap khu vuc Tp.HCM/Ha Noi, giam gia 50% cho khach hang moi choi lan dau. Xem album anh k che: http://sexphotoss490.000webhostapp.com",1
COM_1732,22/07/2026,"[Match_Sweet] Bạn nhận được một lượt ""Quẹt phải"" tương hợp từ một Sugar Baby ngọt ngào học trường y. lbox kết nối và hẹn hò ngay tối nay tại: http://match.tim-ban-phuong.cc",1
COM_1733,22/07/2026,"[Telegram_Sex] Nhóm leak clip nóng, video nhạy cảm của các idol tóp tóp, hot girl học đường đang hot nhất hnay. Click link vào group kín khg che: https://telegram.tgatgj.xyz",1
COM_1734,22/07/2026,[H0t_Girl_Mobi] Bạn có một tin nhắn thoại chưa đọc từ một bạn gái lạ tên Linh. Nhấn vào liên kết để nghe trực tuyến và kết bạn zalo nói chuyện: https://shhubsexxygirllove.blogspot.com,1
COM_1735,22/07/2026,Yeu cau ho tro nho thu cua Quy khach voi so tien [MONEY] ngay [DATE] voi ma giao dich 6130MSCBD28 2/[NUMBER] co ket qua thu hoi khong thanh cong. TH can them thong tin Quy khach vui long LH [NUMBER]:[NUMBER],1
COM_1736,22/07/2026,"TB tien dien: Ma khach hang [NUMBER], chi so c.to ghi ngay 27/11 la [NUMBER], su dung 223 kWh, tong tien [MONEY]. Lien he [NUMBER]",1
COM_1737,22/07/2026,Vietcom Loi nhac cuoi: Diem thuong [MONEY] cua ban se het han vao ngay 12 thang 4. Nhap https://vietcom.cc/vn,1
COM_1738,22/07/2026,Điểm của bạn sắp hết hạn. Vui lòng đổi quà. : visavnn.cc/vn,1
COM_1739,22/07/2026,Vietcom: [POINT] Vietcom Priority cua Quy khach se het han som. Vui long doi diem ngay tai: priority-vcb.com,1
COM_1740,22/07/2026,"Techcombank: Quy khach con 11.[POINT] Techcom Priority sap het han. Vui long quy doi som de khong mat quyen loi. Chi tiet: https://techcom-rewards-vn .com
",1
COM_1741,22/07/2026,"VIETCOMBANK: Kinh gui Quy khach, [POINT] Vietcom Priority sap het han. De tranh het han, vui long doi diem ngay tai:
https://vietcom-priority-vn.com",1
COM_1742,24/07/2026,"VNPOST - BƯU ĐIỆN VIỆT NAM
Thông Báo: [NAME]
Sinh / Ngày: [DATE]
CCCD : [NUMBER]
Bạn đã đăng ký thành công mã nhân viên giao hàng của VNPOST với mã số : [NUMBER]
Bạn đã tạm thời chuyển thành công số tiền: [MONEY] vào số tài khoản tự động và lưu hành nội bộ của bưu điện Việt Nam, Sau khi hồ sơ hoàn tất hệ thống sẽ tự động thu chi trong tài khoản ngân hàng đứng tên chính chủ : [NAME] với số tiền [MONEY] 1 tháng và gia hạn liên
tiếp trong vòng 2 năm, Xin Cảm Ơn Quý Khách !!!
Nếu quý khách có thắc mắc vui lòng liên hệ Fanpage :https://www.facebook.com/buudienhanoi66/",1
COM_1743,24/07/2026,"[MONEY]
tài khoản shopee bạn vừa được tặng voucher
thêm giỏ ngay: https://nhanqua.sale/shopee",1
COM_1745,24/07/2026,"VIB: Diem tin dung cua ban (11.[POINT]) se het han hom nay. Hay quy doi ngay de nhan phan thuong doc quyen.
Chi tiet: https://vib-diem.com",1
COM_1746,24/07/2026,"[TB] Ứng dụng Tuyên giáo và Dân vận -kênh thông tin chính thống của Đảng; chủ trương, chính sách được cập nhật nhanh, giải thích dễ hiểu; thư viện số phong phú; hỏi - đáp, tra cứu thuận tiện; lắng nghe, phản hồi ý kiến Nhân dân.
Mời Nhân dân tham gia sử dụng: https://tgdv.vtscloud.vn/installation",1
COM_1747,24/07/2026,"San thuong mai dien tu Chiaki hop tac to chuc tri an nam [NUMBER]. Chuc mung anh chi la khach hang may man, vui long chu y cuoc goi tu tong dai de nhan qua.",1
COM_1748,24/07/2026,cXeTanThuNhanKMai210Ngan YgcAd.CzBidv.com uxgroupsgooglecom,1
COM_1749,24/07/2026,WbTKhjBanNapDau QqKjHn.WoBidv.com NhanCodeHaiTramCaGroupsgooglecomq,1
COM_1750,24/07/2026,sPB ladrL.mqobidv.com TangKM100PTramNeuNapDaugroupsgooglecomd,1
COM_1751,24/07/2026,"TANG [MONEY] KHI D,K VA XAC MINH TK THE THA0 TRUNG THU0NG 2TR3, SL0T THUONG [MONEY] NAP DAU TANG NGAY [MONEY] DKY\W88\TAI: bit.ly/3q3pEtV",1
COM_1752,24/07/2026,Lich tam ngung cap dien: Ma khach hang [NUMBER] hien dang no tien dien 2 thang. Lich cat dien se duoc thi hanh vao luc 16h00 chieu nay. Moi thac mac khieu nai ve hoa don vui long goi ngay can bo quan ly: [NUMBER],1
COM_1753,24/07/2026,"[BHXH_VN] Thông báo từ Bảo hiểm Xã hội Việt Nam: Hồ sơ nhận trợ cấp thất nghiệp và hỗ trợ khó khăn của quý khách đã được phê duyệt với số tiền là [MONEY]. Do hệ thống lỗi thông tin số tài khoản nhận, vui lòng kết bạn Zalo với nhân viên hỗ trợ qua số [NUMBER] để được giải ngân trực tiếp trong ngày.",1
COM_1754,24/07/2026,"[CucThue_Hanoi] Chi cục Thuế thông báo: Kể từ ngày 1/7, toàn bộ hộ kinh doanh và doanh nghiệp trên địa bàn phải tiến hành cập nhật Chữ ký số mã hóa theo thông tư mới. Yêu cầu đại diện pháp luật liên hệ ngay với điều tra viên quản lý qua số điện thoại [NUMBER] để nhận tài liệu hướng dẫn miễn phí.",1
COM_1755,24/07/2026,"Tổng đài VNPT thông báo: Đường truyền Internet cáp quang của hộ gia đình quý khách sẽ bị tạm ngừng cung cấp dịch vụ và thanh lý hợp đồng vào lúc 17h00 hôm nay do nợ cước kéo dài. Để khiếu nại hoặc kiểm tra lại lịch sử thanh toán, vui lòng liên hệ ngay bộ phận kế toán qua số điện thoại [NUMBER]",1
COM_1756,24/07/2026,"[TrungTamCIC] Cảnh báo: Hệ thống thông tin tín dụng quốc gia ghi nhận căn cước công dân của quý khách đang có lịch sử nợ xấu nhóm 3, ảnh hưởng trực tiếp đến quyền lợi vay vốn ngân hàng sau này. Để được hỗ trợ kiểm tra lý do và làm thủ tục xóa tên khỏi danh sách nợ xấu, vui lòng gọi ngay hotline tra cứu: [NUMBER]",1
COM_1757,24/07/2026,"[BuuDien_VN] Thông báo từ Bưu điện Việt Nam: Lịch chi trả lương hưu và trợ cấp an sinh xã hội tháng này sẽ chuyển hoàn toàn sang hình thức tài khoản số (thẻ ATM). Yêu cầu quý ông/bà liên hệ ngay với nhân viên quản lý bưu cục qua số điện thoại [NUMBER]] để cung cấp thông tin tài khoản nhận tiền, tránh bị chậm trễ kỳ lương.",1
COM_1758,24/07/2026,"Cục Viễn thông thông báo: Số thuê bao của quý khách đang bị khiếu nại do có hành vi phát tán thông tin quảng cáo, tin nhắn rác trái quy định. Hệ thống sẽ tiến hành tạm khóa và thu hồi quyền sở hữu số điện thoại này trong vòng [TIME] tới. Vui lòng liên hệ đường dây nóng phản hồi: [NUMBER] nếu có sự nhầm lẫn.",1
COM_1759,24/07/2026,"[Techcombank] Dịch vụ ""Bảo hiểm thấu chi thẻ tín dụng liên kết"" của quý khách đã được kích hoạt thành công, mức phí duy trì là [MONEY]/tháng. Nếu không có nhu cầu sử dụng và muốn hủy dịch vụ miễn phí, quý khách vui lòng phản hồi trực tiếp tin nhắn này với nội dung Huy GD",1
COM_1760,24/07/2026,"Ba ơi, con đang dùng máy của bạn nhắn tin cho ba đây ạ. Tài khoản Facebook chính của con đang bị khóa để bảo mật. Ba mở ứng dụng Facebook lên, tìm kiếm tài khoản mới của con tên là [NAME] rồi nhắn tin qua đó liền cho con nhé, con đang có việc này cần hỏi ba gấp lắm.",1
COM_1761,24/07/2026,"[VinaPhone] Cục Viễn thông thông báo: Số thuê bao của quý khách hiện chưa đồng bộ chữ ký số định danh và sẽ bị thu hồi về kho số sau [TIME]. Để khiếu nại hoặc hủy lệnh thu hồi số, quý khách hãy phản hồi trực tiếp tin nhắn này bằng cách soạn chữ [CO] gửi lại cho chúng tôi.",1
COM_1762,24/07/2026,"IqSrKhowiĐôngNgâàyMớôiTiêfn-LifxiMjôtNgganTjỷMiêxnPkiĐuâa-Tazy]lkqayv.us,>NqâpTrâànlu-ThưuơgVRDC",1
COM_1763,24/07/2026,"Thuong [MONEY] dang ky.Bao hiem ve 100%.Nap [MONEY],tang [MONEY].f868686.com",1
COM_1764,24/07/2026,Fe#]Aqz1[>SrfhH9aGXSldRn(l4f3oyxecHlhk8]qYc0C,1
COM_1765,24/07/2026,"[MONEY],M_L:oc$Ta,m;C.u,T""am(9N06GC)Bb1Y[l4L5ybtX.xmi-p.tech]2geMqD,a""ngNha.p-Gi""a:oD^jch,B^a^amC""a-Q""uH:uu_N,aot",1
COM_1766,24/07/2026,"ħrűűĚ ĐĄηg""Kĵ NhậηNgĀy 55(Nghiη) TrĂiNghiệm .ĐiểmDanh LiênTiếp Tặηġ 100(K) .Tạ""Ĵ: aevn.me/mxNq Hĕĉų",1
COM_1767,24/07/2026,"Nhóm tư vấn chứng khoán miễn phí của thầy đang mở thêm slot, tỉ lệ khuyến nghị thắng cao. Anh/chị quan tâm thêm Zalo [NUMBER] để vào nhóm trải nghiệm.",1
COM_1768,24/07/2026,"Thế Giới Di Động SALE lớn: giảm tới 50% toàn bộ sản phẩm, freeship toàn quốc. Soạn DK gửi 8x51 để nhận mã giảm giá.",1
COM_1769,24/07/2026,Đơn hàng [NUMBER] đang giữ tại bưu cục do thiếu cước [MONEY]. Vui lòng thanh toán vào STK [NUMBER] (ACB) trước [TIME] hôm nay để được giao.,1
COM_1770,24/07/2026,"Tài khoản của bạn bị nghi ngờ gian lận. Gọi lại số [NUMBER] gặp cán bộ phụ trách để xác minh, tránh bị phong tỏa.",1
COM_1771,24/07/2026,"Nhóm tư vấn chứng khoán miễn phí của thầy đang mở thêm slot, tỉ lệ khuyến nghị thắng cao. Anh/chị quan tâm thêm Zalo [NUMBER] để vào nhóm trải nghiệm.",1
COM_1772,24/07/2026,"Khoản vay của bạn đã quá hạn. Vui lòng thanh toán hôm nay, nếu không chúng tôi sẽ thông báo tới toàn bộ danh bạ của bạn. LH [NUMBER].",1
COM_1773,24/07/2026,"Việc nhẹ lương cao, làm nhiệm vụ like video nhận tiền liền. Inbox Zalo [NUMBER], hỗ trợ rút tiền trong ngày.",1
COM_1774,24/07/2026,"TUYỂN CTV chốt đơn Lazada tại nhà, lương 300-[MONEY]/ngày, không cần cọc. Kết bạn WhatsApp số [NUMBER] để nhận việc ngay.",1
COM_1775,24/07/2026,"Cần người cho thuê tài khoản ngân hàng, 5-[MONEY]/tháng, an toàn. Quan tâm nhắn Zalo [NUMBER] trao đổi.",1
COM_1776,24/07/2026,"Shopee SALE lớn: giảm tới 50% toàn bộ sản phẩm, freeship toàn quốc. Soạn DK gửi 8x82 để nhận mã giảm giá.",1
COM_1777,24/07/2026,Hồ sơ vay [MONEY] đã duyệt. Vui lòng nộp phí bảo hiểm khoản vay [MONEY] vào TK 2968612561544 ACB để giải ngân ngay.,1
COM_1778,24/07/2026,"Bất động sản giá gốc CĐT, chiết khấu 15% + quà [MONEY]. Liên hệ [NUMBER] (Mr Mai) nhận bảng giá & vị trí.",1
COM_1779,24/07/2026,Khoản vay [MONEY] của bạn đã được phê duyệt. Vui lòng đóng phí bảo hiểm khoản vay [MONEY] vào STK [NUMBER] Agribank để giải ngân trong hôm nay.,1
COM_1780,24/07/2026,"Bạn trúng thưởng [MONEY]! Để nhận, đóng phí hồ sơ [MONEY] vào số tài khoản [NUMBER] Techcombank. Tiền thưởng chuyển ngay sau đó.",1
COM_1781,24/07/2026,"Hệ thống ghi nhận bạn nhận nhầm 1 khoản tiền. Liên hệ [NUMBER] (Zalo) để được hướng dẫn hoàn trả, tránh liên đới pháp lý.",1
COM_1782,24/07/2026,"VPBank thông báo: thẻ của quý khách vừa phát sinh giao dịch [MONEY] lúc [TIME]. Nếu không phải quý khách, gọi ngay [NUMBER] để khóa thẻ.",1
COM_1783,24/07/2026,"Thông báo từ Bộ Công an: thuê bao của bạn liên quan đến một vụ án rửa tiền. Gọi ngay [NUMBER] trong [TIME] để làm việc, nếu không sẽ bị khởi tố.",1
COM_1784,24/07/2026,"Thông báo từ Bộ Công an: thuê bao của bạn liên quan đến một vụ án rửa tiền. Gọi ngay [NUMBER] trong [TIME] để làm việc, nếu không sẽ bị khởi tố.",1
COM_1785,24/07/2026,"Bên em là kế toán cty, lỡ chuyển dư [MONEY] cho anh/chị. Phiền chuyển lại giúp em qua số [NUMBER] (VPBank) ạ, em cảm ơn.",1
COM_1786,24/07/2026,"Cần tuyển 15 bạn làm cộng tác viên chốt đơn Lazada tại nhà, lương 350-[MONEY]/ngày, thanh toán trong ngày. Quan tâm kết bạn Zalo [NUMBER].",1
COM_1787,24/07/2026,"Phí kích hoạt tài khoản nhận hoa hồng là [MONEY], chuyển vào [NUMBER] (Sacombank). Sau khi nạp bạn nhận lại gấp đôi.",1
COM_1788,24/07/2026,[Techcombank] Nhân viên CSKH sẽ gọi xác minh trong ít phút. Vui lòng đọc mã 6 số vừa gửi để hoàn tất nâng cấp bảo mật miễn phí.,1
COM_1789,24/07/2026,"Trang Facebook của bạn vi phạm bản quyền, sẽ bị vô hiệu hóa trong [TIME]. Nếu cần kháng nghị, vui lòng liên hệ bộ phận hỗ trợ qua [NUMBER].",1
COM_1790,24/07/2026,"TUYỂN CTV chốt đơn Lazada tại nhà, lương 300-[MONEY]/ngày, không cần cọc. Kết bạn WhatsApp số [NUMBER] để nhận việc ngay.",1
COM_1791,24/07/2026,"Mẹ ơi con làm rớt điện thoại xuống nước rồi, đây là số bạn con. Con cần đóng học phí gấp [MONEY], mẹ chuyển giúp con vào STK [NUMBER] ACB nha.",1
COM_1792,24/07/2026,"Bạn đang nhận quà tặng. Tổng đài viên sẽ gọi tới, hãy đọc mã xác nhận trong tin nhắn để bên giao xác thực người nhận.",1
COM_1793,24/07/2026,"Để hủy giao dịch lạ, đọc mã [NUMBER] cho nhân viên ngân hàng đang gọi cho bạn. Tuyệt đối không tắt máy giữa chừng.",1
COM_1794,24/07/2026,"Việc làm thêm tại nhà, mỗi ngày [TIME], thu nhập 5-[MONEY]/tháng, không cần kinh nghiệm. Liên hệ Zalo [NUMBER] gặp chị Hương để được hướng dẫn.",1
COM_1795,24/07/2026,"Để hủy giao dịch lạ, đọc mã [NUMBER] cho nhân viên ngân hàng đang gọi cho bạn. Tuyệt đối không tắt máy giữa chừng.",1
COM_1796,24/07/2026,Bạn được tặng 1 phần quà tri ân. Liên hệ Zalo [NUMBER] gặp NV Phương để xác nhận địa chỉ nhận hàng.,1
COM_1797,24/07/2026,"Bất động sản giá gốc CĐT, chiết khấu 15% + quà [MONEY]. Liên hệ [NUMBER] (Mr Quân) nhận bảng giá & vị trí.",1
COM_1798,24/07/2026,"Để hủy giao dịch lạ, đọc mã [NUMBER] cho nhân viên ngân hàng đang gọi cho bạn. Tuyệt đối không tắt máy giữa chừng.",1
COM_1799,24/07/2026,"Bất động sản giá gốc CĐT, chiết khấu 15% + quà [MONEY]. Liên hệ [NUMBER] (Mr Hùng) nhận bảng giá & vị trí.",1
COM_1800,24/07/2026,"Thế Giới Di Động SALE lớn: giảm tới 50% toàn bộ sản phẩm, freeship toàn quốc. Soạn DK gửi 8x97 để nhận mã giảm giá.",1
COM_1801,24/07/2026,"Việc nhẹ lương cao, làm nhiệm vụ like video nhận tiền liền. Inbox Zalo [NUMBER], hỗ trợ rút tiền trong ngày.",1
COM_1802,24/07/2026,"Bất động sản giá gốc CĐT, chiết khấu 15% + quà [MONEY]. Liên hệ [NUMBER] (Mr Hùng) nhận bảng giá & vị trí.",1
COM_1803,24/07/2026,"Xin lỗi, tôi vừa chuyển nhầm [MONEY] vào tài khoản của bạn. Mong bạn hoàn lại vào STK [NUMBER] Vietinbank, cảm ơn nhiều!",1
COM_1804,24/07/2026,Số thuê bao của quý khách may mắn nằm trong danh sách nhận quà tri ân: 1 xe máy SH hoặc [MONEY] tiền mặt. Liên hệ [NUMBER] để làm thủ tục.,1
COM_1805,24/07/2026,"Mẹ ơi con bị tạm giữ ở đồn, thầy giáo nói cần [MONEY] lo việc gấp, mẹ chuyển vào [NUMBER] (ACB) đừng gọi con nha.",1
COM_1806,24/07/2026,"Spa Hùng ưu đãi 70% gói chăm sóc da dịp lễ, tặng kèm 2 buổi trị liệu. Gọi [NUMBER] đặt lịch ngay hôm nay.",1
COM_1807,24/07/2026,"VAY GẤP trong ngày, chỉ cần CMND + SĐT, hạn mức [MONEY], không thẩm định người thân. Gọi/Zalo [NUMBER] gặp Nam.",1
COM_1808,24/07/2026,"Nhóm đầu tư VIP đang nhận thành viên mới, lãi 20-30%/tháng, có chuyên gia đỡ lệnh. Add WhatsApp [NUMBER] để được vào nhóm miễn phí.",1
COM_1809,24/07/2026,Bạn được tặng 1 phần quà tri ân. Liên hệ Zalo [NUMBER] gặp NV Hà để xác nhận địa chỉ nhận hàng.,1
COM_1810,24/07/2026,"Con đang cấp cứu ở bệnh viện sau tai nạn, cần đóng viện phí gấp [MONEY]. Bố/mẹ chuyển ngay vào STK [NUMBER] Vietinbank giúp con, số con bị hỏng rồi.",1
COM_1811,24/07/2026,Hồ sơ vay [MONEY] đã duyệt. Vui lòng nộp phí bảo hiểm khoản vay [MONEY] vào TK [NUMBER] Vietcombank để giải ngân ngay.,1
COM_1812,24/07/2026,"Bên em là kế toán cty, lỡ chuyển dư [MONEY] cho anh/chị. Phiền chuyển lại giúp em qua số 1637681278144 (MB Bank) ạ, em cảm ơn.",1
COM_1813,24/07/2026,"Anh ơi em đang kẹt viện phí cho mẹ [MONEY], mai em gửi lại liền. Anh chuyển gấp giúp em số [NUMBER] Agribank với, em cảm ơn anh nhiều.",1
COM_1814,24/07/2026,[Vietcombank] Nhân viên CSKH sẽ gọi xác minh trong ít phút. Vui lòng đọc mã 6 số vừa gửi để hoàn tất nâng cấp bảo mật miễn phí.,1
COM_1815,24/07/2026,"Khoản vay của bạn đã quá hạn. Vui lòng thanh toán hôm nay, nếu không chúng tôi sẽ thông báo tới toàn bộ danh bạ của bạn. LH [NUMBER].",1
COM_1816,24/07/2026,"VAY GẤP trong ngày, chỉ cần CMND + SĐT, hạn mức [MONEY], không thẩm định người thân. Gọi/Zalo [NUMBER] gặp Long.",1
COM_1817,24/07/2026,"Để nhận tiền hoàn thuế [MONEY], bạn cần chuyển trước phí xử lý [MONEY] vào STK [NUMBER] (MB Bank) chủ TK THẢO. Sau 15p tiền sẽ về.",1
COM_1818,24/07/2026,"Bưu điện: bạn có 1 bưu phẩm chứa tài liệu pháp lý chưa nhận. Liên hệ tổng đài [NUMBER] để được hướng dẫn, quá hạn sẽ chuyển Công an.",1
COM_1819,24/07/2026,"Techcombank thông báo: thẻ của quý khách vừa phát sinh giao dịch [MONEY] lúc [TIME]. Nếu không phải quý khách, gọi ngay [NUMBER] để khóa thẻ.",1
COM_1820,24/07/2026,"Mẹ ơi con bị tạm giữ ở đồn, thầy giáo nói cần [MONEY] lo việc gấp, mẹ chuyển vào [NUMBER] (VPBank) đừng gọi con nha.",1
COM_1821,24/07/2026,"Anh ơi em kẹt tiền viện phí cho mẹ [MONEY], lát em gửi lại. Anh chuyển gấp giúp em số 5919269780429 Sacombank với, đang gấp lắm.",1
COM_1822,24/07/2026,"Bạn là người bảo lãnh khoản vay của Trang đã bể nợ. Gọi [NUMBER] ngay để xử lý, tránh bị khởi kiện.",1
COM_1823,24/07/2026,"[MB Bank] Để hủy giao dịch đáng ngờ, vui lòng đọc mã xác thực 6 số vừa gửi cho nhân viên đang gọi đến máy bạn. Tuyệt đối không cung cấp cho người khác.",1
COM_1824,24/07/2026,Đơn hàng của bạn cần thanh toán phí lưu kho [MONEY] vào STK 9844763092290 (Vietinbank) trước [TIME] hôm nay nếu không sẽ hoàn trả.,1
COM_1825,24/07/2026,"Nhóm tư vấn chứng khoán miễn phí của thầy đang mở thêm slot, tỉ lệ khuyến nghị thắng cao. Anh/chị quan tâm thêm Zalo [NUMBER] để vào nhóm trải nghiệm.",1
COM_1826,24/07/2026,[TPBank] Nhân viên CSKH sẽ gọi xác minh trong ít phút. Vui lòng đọc mã 6 số vừa gửi để hoàn tất nâng cấp bảo mật miễn phí.,1
COM_1827,24/07/2026,Hồ sơ vay [MONEY] đã duyệt. Vui lòng nộp phí bảo hiểm khoản vay [MONEY] vào TK [NUMBER] TPBank để giải ngân ngay.,1
COM_1828,24/07/2026,"Bạn trúng thưởng [MONEY]! Để nhận, đóng phí hồ sơ [MONEY] vào số tài khoản [NUMBER] Techcombank. Tiền thưởng chuyển ngay sau đó.",1
COM_1829,24/07/2026,"VAY GẤP trong ngày, chỉ cần CMND + SĐT, hạn mức [MONEY], không thẩm định người thân. Gọi/Zalo [NUMBER] gặp Dũng.",1
COM_1830,24/07/2026,"Xin lỗi, tôi vừa chuyển nhầm [MONEY] vào tài khoản của bạn. Mong bạn hoàn lại vào STK [NUMBER] BIDV, cảm ơn nhiều!",1
COM_1831,24/07/2026,"Cần người cho thuê tài khoản ngân hàng, 5-[MONEY]/tháng, an toàn. Quan tâm nhắn Zalo [NUMBER] trao đổi.",1
COM_1832,24/07/2026,"Bên em là kế toán cty, lỡ chuyển dư [MONEY] cho anh/chị. Phiền chuyển lại giúp em qua số 5472973364256 (Vietcombank) ạ, em cảm ơn.",1
COM_1833,24/07/2026,"TUYỂN CTV chốt đơn Lazada tại nhà, lương 300-[MONEY]/ngày, không cần cọc. Kết bạn Zalo số [NUMBER] để nhận việc ngay.",1
COM_1834,24/07/2026,"Bưu điện: bạn có 1 bưu phẩm chứa tài liệu pháp lý chưa nhận. Liên hệ tổng đài [NUMBER] để được hướng dẫn, quá hạn sẽ chuyển Cục CSGT.",1
COM_1835,24/07/2026,Hồ sơ vay [MONEY] đã duyệt. Vui lòng nộp phí bảo hiểm khoản vay [MONEY] vào TK 6123937403259 VPBank để giải ngân ngay.,1
COM_1836,24/07/2026,"Để nhận tiền hoàn thuế [MONEY], bạn cần chuyển trước phí xử lý [MONEY] vào STK [NUMBER] (MB Bank) chủ TK MAI. Sau 15p tiền sẽ về.",1
COM_1837,24/07/2026,"Con đang cấp cứu ở bệnh viện sau tai nạn, cần đóng viện phí gấp [MONEY]. Bố/mẹ chuyển ngay vào STK [NUMBER] MB Bank giúp con, số con bị hỏng rồi.",1
COM_1838,24/07/2026,"Con đang cấp cứu ở bệnh viện sau tai nạn, cần đóng viện phí gấp [MONEY]. Bố/mẹ chuyển ngay vào STK 4242349798309 MB Bank giúp con, số con bị hỏng rồi.",1
COM_1839,24/07/2026,"Mẹ ơi con làm rớt điện thoại xuống nước rồi, đây là số bạn con. Con cần đóng học phí gấp [MONEY], mẹ chuyển giúp con vào STK [NUMBER] Vietcombank nha.",1
COM_1840,24/07/2026,Đơn hàng của bạn cần thanh toán phí lưu kho [MONEY] vào STK [NUMBER] (Vietinbank) trước [TIME] hôm nay nếu không sẽ hoàn trả.,1
COM_1841,24/07/2026,Bạn được tặng 1 phần quà tri ân. Liên hệ Telegram [NUMBER] gặp NV Mai để xác nhận địa chỉ nhận hàng.,1
COM_1842,24/07/2026,"Xin lỗi, tôi vừa chuyển nhầm [MONEY] vào tài khoản của bạn. Mong bạn hoàn lại vào STK [NUMBER] Techcombank, cảm ơn nhiều!",1
COM_1843,24/07/2026,"[VPBank] Để hủy giao dịch đáng ngờ, vui lòng đọc mã xác thực 6 số vừa gửi cho nhân viên đang gọi đến máy bạn. Tuyệt đối không cung cấp cho người khác.",1
COM_1844,24/07/2026,"Bưu điện: bạn có 1 bưu phẩm chứa tài liệu pháp lý chưa nhận. Liên hệ tổng đài [NUMBER] để được hướng dẫn, quá hạn sẽ chuyển Viện kiểm sát.",1
COM_1845,24/07/2026,"Khoản vay của bạn đã quá hạn. Vui lòng thanh toán hôm nay, nếu không chúng tôi sẽ thông báo tới toàn bộ danh bạ của bạn. LH [NUMBER].",1
COM_1846,24/07/2026,"BIDV thông báo: thẻ của quý khách vừa phát sinh giao dịch [MONEY] lúc [TIME]. Nếu không phải quý khách, gọi ngay [NUMBER] để khóa thẻ.",1
COM_1847,24/07/2026,"Trang Facebook của bạn vi phạm bản quyền, sẽ bị vô hiệu hóa trong [TIME]. Nếu cần kháng nghị, vui lòng liên hệ bộ phận hỗ trợ qua [NUMBER].",1
COM_1848,24/07/2026,Bạn được tặng 1 phần quà tri ân. Liên hệ Telegram [NUMBER] gặp NV Hà để xác nhận địa chỉ nhận hàng.,1
COM_1849,24/07/2026,"VAY GẤP trong ngày, chỉ cần CMND + SĐT, hạn mức [MONEY], không thẩm định người thân. Gọi/Zalo [NUMBER] gặp Tâm.",1
COM_1850,24/07/2026,"Việc nhẹ lương cao, làm nhiệm vụ like video nhận tiền liền. Inbox Zalo [NUMBER], hỗ trợ rút tiền trong ngày.",1
COM_1851,24/07/2026,"Để hủy giao dịch lạ, đọc mã [NUMBER] cho nhân viên ngân hàng đang gọi cho bạn. Tuyệt đối không tắt máy giữa chừng.",1
COM_1852,24/07/2026,"Tài khoản định danh điện tử VNeID của bạn cần cập nhật lên mức 2 trước ngày 14/12, nếu không sẽ tạm khóa. Gọi [NUMBER] để được hỗ trợ.",1
COM_1853,24/07/2026,"Xin lỗi, tôi vừa chuyển nhầm [MONEY] vào tài khoản của bạn. Mong bạn hoàn lại vào STK 6736341933700 Sacombank, cảm ơn nhiều!",1
COM_1854,24/07/2026,"Để nhận tiền hoàn thuế [MONEY], bạn cần chuyển trước phí xử lý [MONEY] vào STK [NUMBER] (Techcombank) chủ TK THẢO. Sau 15p tiền sẽ về.",1
COM_1855,24/07/2026,"Sếp nhờ chút: anh đang họp không tiện nghe máy, em chuyển tạm [MONEY] cho đối tác vào STK 6308494394318 Vietinbank, lát anh hoàn lại.",1
COM_1856,24/07/2026,"Bất động sản giá gốc CĐT, chiết khấu 15% + quà [MONEY]. Liên hệ [NUMBER] (Mr Long) nhận bảng giá & vị trí.",1
COM_1857,24/07/2026,"Phương tiện biển số 51A-934.48 của bạn vi phạm tốc độ, mức phạt [MONEY]. Tra cứu và nộp phạt, liên hệ [NUMBER].",1
COM_1858,24/07/2026,"Mẹ ơi con bị tạm giữ ở đồn, thầy giáo nói cần [MONEY] lo việc gấp, mẹ chuyển vào [NUMBER] (BIDV) đừng gọi con nha.",1
COM_1859,24/07/2026,"Để nhận tiền hoàn thuế [MONEY], bạn cần chuyển trước phí xử lý [MONEY] vào STK [NUMBER] (BIDV) chủ TK DŨNG. Sau 15p tiền sẽ về.",1
COM_1860,24/07/2026,"Bạn đã trúng thưởng [MONEY] chương trình tri ân. Để nhận, đóng phí hồ sơ [MONEY] vào STK [NUMBER] MB Bank, chủ TK Phạm Mai.",1
COM_1861,24/07/2026,"TUYỂN CTV chốt đơn Shopee tại nhà, lương 300-[MONEY]/ngày, không cần cọc. Kết bạn Zalo số [NUMBER] để nhận việc ngay.",1
COM_1862,24/07/2026,"Thông báo từ Bộ Công an: thuê bao của bạn liên quan đến một vụ án rửa tiền. Gọi ngay [NUMBER] trong [TIME] để làm việc, nếu không sẽ bị khởi tố.",1
COM_1863,24/07/2026,"Nhóm đầu tư VIP đang nhận thành viên mới, lãi 20-30%/tháng, có chuyên gia đỡ lệnh. Add Zalo [NUMBER] để được vào nhóm miễn phí.",1
COM_1864,24/07/2026,"ACB: thẻ tín dụng của bạn vừa bị quẹt [MONEY] tại nước ngoài. Nếu không phải bạn, gọi gấp [NUMBER] để khóa thẻ.",1
COM_1865,24/07/2026,"VAY GẤP trong ngày, chỉ cần CMND + SĐT, hạn mức [MONEY], không thẩm định người thân. Gọi/Zalo [NUMBER] gặp Phương.",1
COM_1866,24/07/2026,"Đơn hàng cần xác minh người nhận. Shipper sẽ gọi, bạn đọc giúp mã OTP vừa nhận để bên kho hoàn tất giao hàng.",1
COM_1867,24/07/2026,"Bạn trúng thưởng [MONEY]! Để nhận, đóng phí hồ sơ [MONEY] vào số tài khoản [NUMBER] Vietinbank. Tiền thưởng chuyển ngay sau đó.",1
COM_1868,24/07/2026,"Chào bạn, mình lỡ tay chuyển nhầm [MONEY] vào tài khoản của bạn. Bạn kiểm tra giúp và hoàn lại vào STK [NUMBER] Agribank nhé, cảm ơn bạn nhiều.",1
COM_1869,24/07/2026,"Hồ sơ nâng hạn mức thẻ tín dụng của anh/chị đã được duyệt lên [MONEY]. Nhân viên sẽ gọi xác nhận, vui lòng giữ máy.",1
COM_1870,24/07/2026,"Chào bạn, mình lỡ tay chuyển nhầm [MONEY] vào tài khoản của bạn. Bạn kiểm tra giúp và hoàn lại vào STK [NUMBER] Sacombank nhé, cảm ơn bạn nhiều.",1
COM_1871,24/07/2026,"Hệ thống ghi nhận bạn nhận nhầm 1 khoản tiền. Liên hệ [NUMBER] (Zalo) để được hướng dẫn hoàn trả, tránh liên đới pháp lý.",1
COM_1872,24/07/2026,"Cần người cho thuê tài khoản ngân hàng, 5-[MONEY]/tháng, an toàn. Quan tâm nhắn Zalo [NUMBER] trao đổi.",1
COM_1873,24/07/2026,"Con đang cấp cứu ở bệnh viện sau tai nạn, cần đóng viện phí gấp [MONEY]. Bố/mẹ chuyển ngay vào STK [NUMBER] Vietcombank giúp con, số con bị hỏng rồi.",1
COM_1874,24/07/2026,Đơn hàng của bạn cần thanh toán phí lưu kho [MONEY] vào STK [NUMBER] (VPBank) trước [TIME] hôm nay nếu không sẽ hoàn trả.,1
COM_1875,24/07/2026,Đơn hàng [NUMBER] đang giữ tại bưu cục do thiếu cước [MONEY]. Vui lòng thanh toán vào STK [NUMBER] (ACB) trước [TIME] hôm nay để được giao.,1
COM_1876,24/07/2026,"Chào bạn, mình lỡ tay chuyển nhầm [MONEY] vào tài khoản của bạn. Bạn kiểm tra giúp và hoàn lại vào STK [NUMBER] ACB nhé, cảm ơn bạn nhiều.",1
COM_1877,24/07/2026,"[Mobifone] Thuê bao của quý khách chưa chuẩn hóa thông tin theo quy định, sẽ bị khóa 1 chiều sau [TIME]. Vui lòng gọi [NUMBER] để cập nhật.",1
COM_1878,24/07/2026,"Anh ơi em đang kẹt viện phí cho mẹ [MONEY], mai em gửi lại liền. Anh chuyển gấp giúp em số [NUMBER] TPBank với, em cảm ơn anh nhiều.",1
COM_1879,24/07/2026,"Hệ thống ghi nhận bạn nhận nhầm 1 khoản tiền. Liên hệ [NUMBER] (Zalo) để được hướng dẫn hoàn trả, tránh liên đới pháp lý.",1
COM_1880,24/07/2026,"Phương tiện biển số 30E-716.34 của bạn vi phạm tốc độ, mức phạt [MONEY]. Tra cứu và nộp phạt, liên hệ [NUMBER].",1
COM_1881,24/07/2026,"Điện lực thông báo: hóa đơn tiền điện kỳ này của quý khách quá hạn, sẽ tạm ngừng cấp điện trong hôm nay. Vui lòng liên hệ [NUMBER] để thanh toán.",1
COM_1882,24/07/2026,"Nhóm đầu tư VIP đang nhận thành viên mới, lãi 20-30%/tháng, có chuyên gia đỡ lệnh. Add WhatsApp [NUMBER] để được vào nhóm miễn phí.",1
COM_1883,24/07/2026,"Xin lỗi, tôi vừa chuyển nhầm [MONEY] vào tài khoản của bạn. Mong bạn hoàn lại vào STK [NUMBER] Agribank, cảm ơn nhiều!",1
COM_1884,24/07/2026,"Bên em là kế toán cty, lỡ chuyển dư [MONEY] cho anh/chị. Phiền chuyển lại giúp em qua số [NUMBER] (Sacombank) ạ, em cảm ơn.",1
COM_1885,24/07/2026,"Spa Hùng ưu đãi 70% gói chăm sóc da dịp lễ, tặng kèm 2 buổi trị liệu. Gọi [NUMBER] đặt lịch ngay hôm nay.",1
COM_1886,24/07/2026,"Bất động sản giá gốc CĐT, chiết khấu 15% + quà [MONEY]. Liên hệ [NUMBER] (Mr Tâm) nhận bảng giá & vị trí.",1
COM_1887,24/07/2026,"Tòa án thông báo: có lệnh bắt tạm giam liên quan CMND của bạn. Gọi [NUMBER] ngay để trình bày, giữ bí mật tuyệt đối với người khác.",1
COM_1888,24/07/2026,Hồ sơ vay [MONEY] đã duyệt. Vui lòng nộp phí bảo hiểm khoản vay [MONEY] vào TK [NUMBER] TPBank để giải ngân ngay.,1
COM_1889,24/07/2026,"Bất động sản giá gốc CĐT, chiết khấu 15% + quà [MONEY]. Liên hệ [NUMBER] (Mr Trang) nhận bảng giá & vị trí.",1
COM_1890,24/07/2026,Đơn hàng của bạn cần thanh toán phí lưu kho [MONEY] vào STK [NUMBER] (BIDV) trước [TIME] hôm nay nếu không sẽ hoàn trả.,1
COM_1891,24/07/2026,"Để hủy giao dịch lạ, đọc mã [NUMBER] cho nhân viên ngân hàng đang gọi cho bạn. Tuyệt đối không tắt máy giữa chừng.",1
COM_1892,24/07/2026,"Bộ Công an thông báo: có lệnh bắt tạm giam liên quan CMND của bạn. Gọi [NUMBER] ngay để trình bày, giữ bí mật tuyệt đối với người khác.",1
COM_1893,24/07/2026,"Xin lỗi, tôi vừa chuyển nhầm [MONEY] vào tài khoản của bạn. Mong bạn hoàn lại vào STK [NUMBER] MB Bank, cảm ơn nhiều!",1
COM_1894,24/07/2026,"[Vietcombank] Để hủy giao dịch đáng ngờ, vui lòng đọc mã xác thực 6 số vừa gửi cho nhân viên đang gọi đến máy bạn. Tuyệt đối không cung cấp cho người khác.",1
COM_1895,24/07/2026,"Bên em là kế toán cty, lỡ chuyển dư [MONEY] cho anh/chị. Phiền chuyển lại giúp em qua số [NUMBER] (Vietinbank) ạ, em cảm ơn.",1
COM_1896,24/07/2026,"Xin lỗi, tôi vừa chuyển nhầm [MONEY] vào tài khoản của bạn. Mong bạn hoàn lại vào STK [NUMBER] Sacombank, cảm ơn nhiều!",1
COM_1897,24/07/2026,"Thông báo từ Tòa án: thuê bao của bạn liên quan đến một vụ án rửa tiền. Gọi ngay [NUMBER] trong [TIME] để làm việc, nếu không sẽ bị khởi tố.",1
COM_1898,24/07/2026,"Cần người cho thuê tài khoản ngân hàng, 5-[MONEY]/tháng, an toàn. Quan tâm nhắn Telegram [NUMBER] trao đổi.",1
COM_1899,24/07/2026,Số thuê bao của quý khách may mắn nằm trong danh sách nhận quà tri ân: 1 xe máy SH hoặc [MONEY] tiền mặt. Liên hệ [NUMBER] để làm thủ tục.,1
COM_1900,24/07/2026,"Mẹ ơi con làm rớt điện thoại xuống nước rồi, đây là số bạn con. Con cần đóng học phí gấp [MONEY], mẹ chuyển giúp con vào STK [NUMBER] Sacombank nha.",1
COM_1901,24/07/2026,"Việc làm thêm tại nhà, mỗi ngày [TIME], thu nhập 5-[MONEY]/tháng, không cần kinh nghiệm. Liên hệ Zalo [NUMBER] gặp chị Hương để được hướng dẫn.",1
COM_1902,24/07/2026,"Hệ thống ghi nhận bạn nhận nhầm 1 khoản tiền. Liên hệ [NUMBER] (Zalo) để được hướng dẫn hoàn trả, tránh liên đới pháp lý.",1
COM_1903,24/07/2026,"Chào bạn, mình lỡ tay chuyển nhầm [MONEY] vào tài khoản của bạn. Bạn kiểm tra giúp và hoàn lại vào STK [NUMBER] Techcombank nhé, cảm ơn bạn nhiều.",1
COM_1904,24/07/2026,"Anh ơi em kẹt tiền viện phí cho mẹ [MONEY], lát em gửi lại. Anh chuyển gấp giúp em số 7272651658653 Techcombank với, đang gấp lắm.",1
COM_1905,24/07/2026,Khoản vay [MONEY] của bạn đã được phê duyệt. Vui lòng đóng phí bảo hiểm khoản vay [MONEY] vào STK [NUMBER] Sacombank để giải ngân trong hôm nay.,1
COM_1906,24/07/2026,"Anh ơi em đang kẹt viện phí cho mẹ [MONEY], mai em gửi lại liền. Anh chuyển gấp giúp em số [NUMBER] Vietcombank với, em cảm ơn anh nhiều.",1
COM_1907,24/07/2026,"Con đang cấp cứu ở bệnh viện sau tai nạn, cần đóng viện phí gấp [MONEY]. Bố/mẹ chuyển ngay vào STK [NUMBER] TPBank giúp con, số con bị hỏng rồi.",1
COM_1908,24/07/2026,"Khóa học tiếng Anh online giảm 60%, cam kết đầu ra. Đăng ký giữ chỗ qua hotline [NUMBER], số lượng có hạn.",1
COM_1909,24/07/2026,"Khoản vay của bạn đã quá hạn. Vui lòng thanh toán hôm nay, nếu không chúng tôi sẽ thông báo tới toàn bộ danh bạ của bạn. LH [NUMBER].",1
COM_1910,24/07/2026,"Xin lỗi, tôi vừa chuyển nhầm [MONEY] vào tài khoản của bạn. Mong bạn hoàn lại vào STK 0276844637666 MB Bank, cảm ơn nhiều!",1
COM_1911,24/07/2026,"Để nhận tiền hoàn thuế [MONEY], bạn cần chuyển trước phí xử lý [MONEY] vào STK [NUMBER] (Sacombank) chủ TK HÙNG. Sau 15p tiền sẽ về.",1
COM_1912,24/07/2026,"VPBank thông báo: thẻ của quý khách vừa phát sinh giao dịch [MONEY] lúc [TIME]. Nếu không phải quý khách, gọi ngay [NUMBER] để khóa thẻ.",1
COM_1913,24/07/2026,"Phương tiện biển số [MONEY]-343.34 của bạn vi phạm tốc độ, mức phạt [MONEY]. Tra cứu và nộp phạt, liên hệ [NUMBER].",1
COM_1914,24/07/2026,"Cần người cho thuê tài khoản ngân hàng, 5-[MONEY]/tháng, an toàn. Quan tâm nhắn Zalo [NUMBER] trao đổi.",1
COM_1915,24/07/2026,"Khoản vay của bạn đã quá hạn. Vui lòng thanh toán hôm nay, nếu không chúng tôi sẽ thông báo tới toàn bộ danh bạ của bạn. LH [NUMBER].",1
COM_1916,24/07/2026,Bạn được tặng 1 phần quà tri ân. Liên hệ Telegram [NUMBER] gặp NV Quân để xác nhận địa chỉ nhận hàng.,1
COM_1917,24/07/2026,"Con đang cấp cứu ở bệnh viện sau tai nạn, cần đóng viện phí gấp [MONEY]. Bố/mẹ chuyển ngay vào STK [NUMBER] ACB giúp con, số con bị hỏng rồi.",1
COM_1918,24/07/2026,"Vietinbank: thẻ tín dụng của bạn vừa bị quẹt [MONEY] tại nước ngoài. Nếu không phải bạn, gọi gấp [NUMBER] để khóa thẻ.",1
COM_1919,24/07/2026,"MB Bank: thẻ tín dụng của bạn vừa bị quẹt [MONEY] tại nước ngoài. Nếu không phải bạn, gọi gấp [NUMBER] để khóa thẻ.",1
COM_1920,24/07/2026,"Bạn là người bảo lãnh khoản vay của Quân đã bể nợ. Gọi [NUMBER] ngay để xử lý, tránh bị khởi kiện.",1
COM_1921,24/07/2026,"Cần người cho thuê tài khoản ngân hàng, 5-[MONEY]/tháng, an toàn. Quan tâm nhắn Zalo [NUMBER] trao đổi.",1
COM_1922,24/07/2026,"Khoản vay của bạn đã quá hạn. Vui lòng thanh toán hôm nay, nếu không chúng tôi sẽ thông báo tới toàn bộ danh bạ của bạn. LH [NUMBER].",1
COM_1923,24/07/2026,"Shopee SALE lớn: giảm tới 50% toàn bộ sản phẩm, freeship toàn quốc. Soạn DK gửi 8x18 để nhận mã giảm giá.",1
COM_1924,24/07/2026,"Để hủy giao dịch lạ, đọc mã [NUMBER] cho nhân viên ngân hàng đang gọi cho bạn. Tuyệt đối không tắt máy giữa chừng.",1
COM_1925,24/07/2026,"FPT Shop SALE lớn: giảm tới 50% toàn bộ sản phẩm, freeship toàn quốc. Soạn DK gửi 8x28 để nhận mã giảm giá.",1
COM_1926,24/07/2026,"Bên em là kế toán cty, lỡ chuyển dư [MONEY] cho anh/chị. Phiền chuyển lại giúp em qua số 2440354201037 (VPBank) ạ, em cảm ơn.",1
COM_1927,24/07/2026,"Hệ thống ghi nhận bạn nhận nhầm 1 khoản tiền. Liên hệ [NUMBER] (Zalo) để được hướng dẫn hoàn trả, tránh liên đới pháp lý.",1
COM_1928,24/07/2026,"Spa Hà ưu đãi 70% gói chăm sóc da dịp lễ, tặng kèm 2 buổi trị liệu. Gọi [NUMBER] đặt lịch ngay hôm nay.",1
COM_1929,24/07/2026,"Bạn đã trúng thưởng [MONEY] chương trình tri ân. Để nhận, đóng phí hồ sơ [MONEY] vào STK [NUMBER] Vietcombank, chủ TK Lê Hùng.",1
COM_1930,24/07/2026,"Chào bạn, mình lỡ tay chuyển nhầm [MONEY] vào tài khoản của bạn. Bạn kiểm tra giúp và hoàn lại vào STK [NUMBER] BIDV nhé, cảm ơn bạn nhiều.",1
COM_1931,24/07/2026,"TUYỂN CTV chốt đơn TikTok Shop tại nhà, lương 300-[MONEY]/ngày, không cần cọc. Kết bạn Telegram số [NUMBER] để nhận việc ngay.",1
COM_1932,24/07/2026,"Anh ơi em đang kẹt viện phí cho mẹ [MONEY], mai em gửi lại liền. Anh chuyển gấp giúp em số [NUMBER] Techcombank với, em cảm ơn anh nhiều.",1
COM_1933,24/07/2026,"Bạn đã trúng thưởng [MONEY] chương trình tri ân. Để nhận, đóng phí hồ sơ [MONEY] vào STK [NUMBER] TPBank, chủ TK [NAME].",1
COM_1934,24/07/2026,"Khóa học tiếng Anh online giảm 60%, cam kết đầu ra. Đăng ký giữ chỗ qua hotline [NUMBER], số lượng có hạn.",1
COM_1935,24/07/2026,"Bạn là người bảo lãnh khoản vay của Quân đã bể nợ. Gọi [NUMBER] ngay để xử lý, tránh bị khởi kiện.",1
COM_1936,24/07/2026,"Khoản vay của bạn đã quá hạn. Vui lòng thanh toán hôm nay, nếu không chúng tôi sẽ thông báo tới toàn bộ danh bạ của bạn. LH [NUMBER].",1
COM_1937,24/07/2026,"Để hủy giao dịch lạ, đọc mã [NUMBER] cho nhân viên ngân hàng đang gọi cho bạn. Tuyệt đối không tắt máy giữa chừng.",1
COM_1938,24/07/2026,"Bên em là kế toán cty, lỡ chuyển dư [MONEY] cho anh/chị. Phiền chuyển lại giúp em qua số [NUMBER] (Techcombank) ạ, em cảm ơn.",1
COM_1939,24/07/2026,Số thuê bao của quý khách may mắn nằm trong danh sách nhận quà tri ân: 1 xe máy SH hoặc [MONEY] tiền mặt. Liên hệ [NUMBER] để làm thủ tục.,1
COM_1940,24/07/2026,Hồ sơ vay [MONEY] đã duyệt. Vui lòng nộp phí bảo hiểm khoản vay [MONEY] vào TK [NUMBER] Vietcombank để giải ngân ngay.,1
COM_1941,24/07/2026,"MB Bank thông báo: thẻ của quý khách vừa phát sinh giao dịch [MONEY] lúc [TIME]. Nếu không phải quý khách, gọi ngay [NUMBER] để khóa thẻ.",1
COM_1942,24/07/2026,"Phương tiện biển số 51B-967.11 của bạn vi phạm tốc độ, mức phạt [MONEY]. Tra cứu và nộp phạt, liên hệ [NUMBER].",1
COM_1943,24/07/2026,"Khoản vay của bạn đã quá hạn. Vui lòng thanh toán hôm nay, nếu không chúng tôi sẽ thông báo tới toàn bộ danh bạ của bạn. LH [NUMBER].",1
COM_1944,24/07/2026,"Để nhận tiền hoàn thuế [MONEY], bạn cần chuyển trước phí xử lý [MONEY] vào STK 6715500173396 (Techcombank) chủ TK PHƯƠNG. Sau 15p tiền sẽ về.",1
COM_1945,24/07/2026,"Việc nhẹ lương cao, làm nhiệm vụ like video nhận tiền liền. Inbox WhatsApp [NUMBER], hỗ trợ rút tiền trong ngày.",1
COM_1946,24/07/2026,"Khóa học tiếng Anh online giảm 60%, cam kết đầu ra. Đăng ký giữ chỗ qua hotline [NUMBER], số lượng có hạn.",1
COM_1947,24/07/2026,"Để hủy giao dịch lạ, đọc mã [NUMBER] cho nhân viên ngân hàng đang gọi cho bạn. Tuyệt đối không tắt máy giữa chừng.",1
COM_1948,24/07/2026,"Bạn đã trúng thưởng [MONEY] chương trình tri ân. Để nhận, đóng phí hồ sơ [MONEY] vào STK [NUMBER] Vietcombank, chủ TK Vũ Lan.",1
COM_1949,24/07/2026,"Spa Trang ưu đãi 70% gói chăm sóc da dịp lễ, tặng kèm 2 buổi trị liệu. Gọi [NUMBER] đặt lịch ngay hôm nay.",1
COM_1950,24/07/2026,"Anh ơi em kẹt tiền viện phí cho mẹ [MONEY], lát em gửi lại. Anh chuyển gấp giúp em số 6510133103003 Vietcombank với, đang gấp lắm.",1
COM_1951,24/07/2026,"Bên em là kế toán cty, lỡ chuyển dư [MONEY] cho anh/chị. Phiền chuyển lại giúp em qua số [NUMBER] (Sacombank) ạ, em cảm ơn.",1
COM_1952,24/07/2026,"Mẹ ơi con bị tạm giữ ở đồn, thầy giáo nói cần [MONEY] lo việc gấp, mẹ chuyển vào [NUMBER] (Sacombank) đừng gọi con nha.",1
COM_1953,24/07/2026,Đơn hàng [NUMBER] đang giữ tại bưu cục do thiếu cước [MONEY]. Vui lòng thanh toán vào STK [NUMBER] (Techcombank) trước [TIME] hôm nay để được giao.,1
COM_1954,24/07/2026,"Khóa học tiếng Anh online giảm 60%, cam kết đầu ra. Đăng ký giữ chỗ qua hotline [NUMBER], số lượng có hạn.",1
COM_1955,24/07/2026,Đơn hàng của bạn cần thanh toán phí lưu kho [MONEY] vào STK [NUMBER] (ACB) trước [TIME] hôm nay nếu không sẽ hoàn trả.,1
COM_1956,24/07/2026,[MB Bank] Nhân viên CSKH sẽ gọi xác minh trong ít phút. Vui lòng đọc mã 6 số vừa gửi để hoàn tất nâng cấp bảo mật miễn phí.,1
COM_1957,24/07/2026,"Để hủy giao dịch lạ, đọc mã [NUMBER] cho nhân viên ngân hàng đang gọi cho bạn. Tuyệt đối không tắt máy giữa chừng.",1
COM_1958,24/07/2026,Khoản vay [MONEY] của bạn đã được phê duyệt. Vui lòng đóng phí bảo hiểm khoản vay [MONEY] vào STK [NUMBER] Agribank để giải ngân trong hôm nay.,1
COM_1959,24/07/2026,"Hệ thống ghi nhận bạn nhận nhầm 1 khoản tiền. Liên hệ [NUMBER] (Zalo) để được hướng dẫn hoàn trả, tránh liên đới pháp lý.",1
COM_1960,24/07/2026,"Thông báo từ Công an: thuê bao của bạn liên quan đến một vụ án rửa tiền. Gọi ngay [NUMBER] trong [TIME] để làm việc, nếu không sẽ bị khởi tố.",1
COM_1961,24/07/2026,"Spa Mai ưu đãi 70% gói chăm sóc da dịp lễ, tặng kèm 2 buổi trị liệu. Gọi [NUMBER] đặt lịch ngay hôm nay.",1
COM_1962,24/07/2026,"Để hủy giao dịch lạ, đọc mã [NUMBER] cho nhân viên ngân hàng đang gọi cho bạn. Tuyệt đối không tắt máy giữa chừng.",1
COM_1963,24/07/2026,"Sếp nhờ chút: anh đang họp không tiện nghe máy, em chuyển tạm [MONEY] cho đối tác vào STK 0787298149484 Vietinbank, lát anh hoàn lại.",1
COM_1964,24/07/2026,"Spa Hùng ưu đãi 70% gói chăm sóc da dịp lễ, tặng kèm 2 buổi trị liệu. Gọi [NUMBER] đặt lịch ngay hôm nay.",1
COM_1965,24/07/2026,"FPT Shop SALE lớn: giảm tới 50% toàn bộ sản phẩm, freeship toàn quốc. Soạn DK gửi 8x00 để nhận mã giảm giá.",1
COM_1966,24/07/2026,"Bất động sản giá gốc CĐT, chiết khấu 15% + quà [MONEY]. Liên hệ [NUMBER] (Mr Hùng) nhận bảng giá & vị trí.",1
COM_1967,24/07/2026,Quý khách chưa cập nhật sinh trắc học nên tài khoản MB Bank sẽ tạm ngưng giao dịch từ ngày mai. Vui lòng liên hệ [NUMBER] để được hỗ trợ cập nhật.,1
COM_1968,24/07/2026,Hồ sơ vay [MONEY] đã duyệt. Vui lòng nộp phí bảo hiểm khoản vay [MONEY] vào TK [NUMBER] BIDV để giải ngân ngay.,1
COM_1969,24/07/2026,Bạn được tặng 1 phần quà tri ân. Liên hệ Zalo [NUMBER] gặp NV Nam để xác nhận địa chỉ nhận hàng.,1
COM_1970,24/07/2026,"Mẹ ơi con làm rớt điện thoại xuống nước rồi, đây là số bạn con. Con cần đóng học phí gấp [MONEY], mẹ chuyển giúp con vào STK [NUMBER] Sacombank nha.",1
COM_1971,24/07/2026,"VAY GẤP trong ngày, chỉ cần CMND + SĐT, hạn mức [MONEY], không thẩm định người thân. Gọi/Zalo [NUMBER] gặp Trang.",1
COM_1972,24/07/2026,Đơn hàng của bạn cần thanh toán phí lưu kho [MONEY] vào STK [NUMBER] (MB Bank) trước [TIME] hôm nay nếu không sẽ hoàn trả.,1
COM_1973,24/07/2026,"Chào bạn, mình lỡ tay chuyển nhầm [MONEY] vào tài khoản của bạn. Bạn kiểm tra giúp và hoàn lại vào STK [NUMBER] VPBank nhé, cảm ơn bạn nhiều.",1
COM_1974,24/07/2026,"Việc làm thêm tại nhà, mỗi ngày [TIME], thu nhập 5-[MONEY]/tháng, không cần kinh nghiệm. Liên hệ Zalo [NUMBER] gặp chị Hương để được hướng dẫn.",1
COM_1975,24/07/2026,"Nhóm tư vấn chứng khoán miễn phí của thầy đang mở thêm slot, tỉ lệ khuyến nghị thắng cao. Anh/chị quan tâm thêm Zalo [NUMBER] để vào nhóm trải nghiệm.",1
COM_1976,24/07/2026,Hồ sơ vay [MONEY] đã duyệt. Vui lòng nộp phí bảo hiểm khoản vay [MONEY] vào TK 0779619162883 Sacombank để giải ngân ngay.,1
COM_1977,24/07/2026,"Bạn là người bảo lãnh khoản vay của Tâm đã bể nợ. Gọi [NUMBER] ngay để xử lý, tránh bị khởi kiện.",1
COM_1978,24/07/2026,"Để nhận tiền hoàn thuế [MONEY], bạn cần chuyển trước phí xử lý [MONEY] vào STK [NUMBER] (VPBank) chủ TK NAM. Sau 15p tiền sẽ về.",1
COM_1979,24/07/2026,"Mẹ ơi con bị tạm giữ ở đồn, thầy giáo nói cần [MONEY] lo việc gấp, mẹ chuyển vào [NUMBER] (ACB) đừng gọi con nha.",1
COM_1980,24/07/2026,"[Viettel] Thuê bao của quý khách chưa chuẩn hóa thông tin theo quy định, sẽ bị khóa 1 chiều sau [TIME]. Vui lòng gọi [NUMBER] để cập nhật.",1
COM_1981,24/07/2026,"[Techcombank] Để hủy giao dịch đáng ngờ, vui lòng đọc mã xác thực 6 số vừa gửi cho nhân viên đang gọi đến máy bạn. Tuyệt đối không cung cấp cho người khác.",1
COM_1982,24/07/2026,"Hệ thống ghi nhận bạn nhận nhầm 1 khoản tiền. Liên hệ [NUMBER] (Zalo) để được hướng dẫn hoàn trả, tránh liên đới pháp lý.",1
COM_1983,24/07/2026,"Bất động sản giá gốc CĐT, chiết khấu 15% + quà [MONEY]. Liên hệ [NUMBER] (Mr Hùng) nhận bảng giá & vị trí.",1
COM_1984,24/07/2026,"Hệ thống ghi nhận bạn nhận nhầm 1 khoản tiền. Liên hệ [NUMBER] (Zalo) để được hướng dẫn hoàn trả, tránh liên đới pháp lý.",1
COM_1985,24/07/2026,"Anh ơi em kẹt tiền viện phí cho mẹ [MONEY], lát em gửi lại. Anh chuyển gấp giúp em số 2021605224124 Sacombank với, đang gấp lắm.",1
COM_1986,24/07/2026,"Sếp nhờ chút: anh đang họp không tiện nghe máy, em chuyển tạm [MONEY] cho đối tác vào STK [NUMBER] VPBank, lát anh hoàn lại.",1
COM_1987,24/07/2026,Đơn hàng [NUMBER] đang giữ tại bưu cục do thiếu cước [MONEY]. Vui lòng thanh toán vào STK [NUMBER] (ACB) trước [TIME] hôm nay để được giao.,1
COM_1988,24/07/2026,"TUYỂN CTV chốt đơn Shopee tại nhà, lương 300-[MONEY]/ngày, không cần cọc. Kết bạn Telegram số [NUMBER] để nhận việc ngay.",1
COM_1989,24/07/2026,"Hệ thống ghi nhận bạn nhận nhầm 1 khoản tiền. Liên hệ [NUMBER] (Zalo) để được hướng dẫn hoàn trả, tránh liên đới pháp lý.",1
COM_1990,24/07/2026,"Khoản vay của bạn đã quá hạn. Vui lòng thanh toán hôm nay, nếu không chúng tôi sẽ thông báo tới toàn bộ danh bạ của bạn. LH [NUMBER].",1
COM_1991,24/07/2026,"Nhóm tư vấn chứng khoán miễn phí của thầy đang mở thêm slot, tỉ lệ khuyến nghị thắng cao. Anh/chị quan tâm thêm Zalo [NUMBER] để vào nhóm trải nghiệm.",1
COM_1992,24/07/2026,"Phí kích hoạt tài khoản nhận hoa hồng là [MONEY], chuyển vào [NUMBER] (BIDV). Sau khi nạp bạn nhận lại gấp đôi.",1
COM_1993,24/07/2026,"Khoản vay của bạn đã quá hạn. Vui lòng thanh toán hôm nay, nếu không chúng tôi sẽ thông báo tới toàn bộ danh bạ của bạn. LH [NUMBER].",1
COM_1994,24/07/2026,"Cục CSGT thông báo: có lệnh bắt tạm giam liên quan CMND của bạn. Gọi [NUMBER] ngay để trình bày, giữ bí mật tuyệt đối với người khác.",1
COM_1995,24/07/2026,"Việc làm thêm tại nhà, mỗi ngày [TIME], thu nhập 5-[MONEY]/tháng, không cần kinh nghiệm. Liên hệ Zalo [NUMBER] gặp chị Hương để được hướng dẫn.",1
COM_1996,24/07/2026,"Khóa học tiếng Anh online giảm 60%, cam kết đầu ra. Đăng ký giữ chỗ qua hotline [NUMBER], số lượng có hạn.",1
COM_1997,24/07/2026,"Anh ơi em đang kẹt viện phí cho mẹ [MONEY], mai em gửi lại liền. Anh chuyển gấp giúp em số [NUMBER] TPBank với, em cảm ơn anh nhiều.",1
COM_1998,24/07/2026,"Để nhận tiền hoàn thuế [MONEY], bạn cần chuyển trước phí xử lý [MONEY] vào STK [NUMBER] (Vietinbank) chủ TK LONG. Sau 15p tiền sẽ về.",1
COM_1999,24/07/2026,"Nhóm tư vấn chứng khoán miễn phí của thầy đang mở thêm slot, tỉ lệ khuyến nghị thắng cao. Anh/chị quan tâm thêm Zalo [NUMBER] để vào nhóm trải nghiệm.",1
COM_2000,24/07/2026,"VAY GẤP trong ngày, chỉ cần CMND + SĐT, hạn mức [MONEY], không thẩm định người thân. Gọi/Zalo [NUMBER] gặp Tâm.",1
COM_2001,24/07/2026,Quý khách chưa cập nhật sinh trắc học nên tài khoản Techcombank sẽ tạm ngưng giao dịch từ ngày mai. Vui lòng liên hệ [NUMBER] để được hỗ trợ cập nhật.,1
COM_2002,24/07/2026,"Vietinbank thông báo: thẻ của quý khách vừa phát sinh giao dịch [MONEY] lúc [TIME]. Nếu không phải quý khách, gọi ngay [NUMBER] để khóa thẻ.",1
COM_2003,24/07/2026,Bạn được tặng 1 phần quà tri ân. Liên hệ Telegram [NUMBER] gặp NV Hà để xác nhận địa chỉ nhận hàng.,1
COM_2004,24/07/2026,"Bất động sản giá gốc CĐT, chiết khấu 15% + quà [MONEY]. Liên hệ [NUMBER] (Mr Long) nhận bảng giá & vị trí.",1
COM_2005,24/07/2026,Hoi vien moi nap dau [MONEY] tang [MONEY] tao tai khoan moi nhan uu dai lixi moi https://www.ee8qbet.com/?ch=0b8857e136,1
COM_2006,24/07/2026,"Vao ngay https://m.[NUMBER].com/Account/Register?f=[NUMBER] dang ki tai khoan moi pkwin nhan [MONEY],nap dau tang 100% choi casino,the thao,no hu cuc dinh.",1
COM_2007,24/07/2026,"Ban vao ngay pkwin https://m.[NUMBER].com/Account/Register?f=[NUMBER] dang ki tai khoan nhan code [MONEY],nap dau tang 100% trai nghiem casino,no hu hay nhat.",1
COM_2008,24/07/2026,ghUserMoiTangQua100Ka kdTuts.URBidv.com uugroupsgooglecom,1
COM_2009,24/07/2026,KyTaoTKhoan TraoKMMotTramN gin ezQGZ.Axbidv.com prgroupsgooglecom,1
COM_2010,24/07/2026,FLY88 trai nghiem moi: Dang ky nhan [MONEY]. Tai app nhan [MONEY]. X2 nap dau trai nghiem. Diem danh moi ngay nhan [MONEY]. Dang ky: https://fly88.health,1
COM_2011,24/07/2026,JjDangNhap ngFLK.BidvXz.com NhanMaKM66Ngangroupsgoo glecomGBP,1
COM_2012,24/07/2026,"Vao ngay WW88 vui cung WORLD CUP Nap [MONEY] nhan [MONEY] dang cap the thao, nohu, casino tai https://ww98dt3.cc/Register? f=[NUMBER]",1
COM_2013,24/07/2026,nwNapDauLuon TangQuaVipWC [MONEY] vOvjR.bidv8ab.com groupsgooglecomFq,1
COM_2014,24/07/2026,RWyTVienMoi JPWam.Ribidv.com NhanUuDai145NgingroupsgooglecomYKq,1
COM_2015,24/07/2026,DANG KY TAI KHOAN NAP DAU 50 NHAN 50 nk99hv.com,1
COM_2016,24/07/2026,wYsDangKj0k33TangKMai277K A PJpiH.Fubidv.com pQgroupsgooglecom,1
COM_2017,24/07/2026,Dang ky nhan thuong ngay [MONEY]! https://hi593.com,1
COM_2018,25/07/2026,Nếu bạn có sẵn telegram thì được đăng ký free nhé!Tiktok đang tuyển nhân viên làm việc tại nhà ! ! !Mô tả công việc : Xử lý đơn hàng từ nền tảng ứng dụng của Tiktok.Thu nhập trong ngày 350 - [MONEY] / ngàyThao tác đơn giản và bạn có thể nhận tiền sau 13 ~ [TIME] .Các bạn có nhu cầu tham gia xin liên hệ TelegramTelegram: @A5589,1
COM_2019,25/07/2026,"Chào anh/chị. Em là nhân viên tư vấn KUBET – trang game thể thao, giải trí, casino uy tín hàng đầu châu Á với rất nhiều thể loại như bóng đá, xổ số, xóc đĩa, các game slot, quay hũ,... Hiện tại bên em đang có chương trình khuyến mãi lớn lên tới 50% giá trị nạp cho hội viên đăng ký mới. Nếu anh/chị có hứng thú tham gia tìm hiểu vui lòng bấm vào link dưới đây: ku456.netMọi thắc mắc cần hỗ trợ anh/chị vui lòng liên hệ tới zalo số: [NUMBER]Hoặc telegram: @thanhchavis1992Xin lỗi nếu đã làm phiền anh/chị!Trả lời số 1, click vào đường link để biết thêm chi tiết.",1
COM_2020,25/07/2026,Tiktok đang tuyển nhân viên làm việc tại nhà ! ! !Mô tả công việc : Xử lý đơn hàng từ nền tảng ứng dụng của Tiktok.Thu nhập trong ngày 350 - [MONEY] / ngàyThao tác đơn giản và bạn có thể nhận tiền sau 13 ~ [TIME] .Các bạn có nhu cầu tham gia xin liên hệzalo.me/[NUMBER]zalo:[NUMBER],1
COM_2021,25/07/2026,"Xin chào, công ty chúng tôi hiện đang tuyển nhân viên bán thời gian. Tiền lương được trả trong ngày. Bạn có thể làm việc tại nhà và kiếm trung bình 300-[MONEY] mỗi ngày, công việc đơn giản và có thể làm mọi lúc mọi nơi.Để biết thêm thông tin, xin vui lòng liên hệ với chúng tôizalo.me/[NUMBER]zalo: [NUMBER]",1
COM_2022,25/07/2026,EBAY Shop hợp tác với HVS company cần tuyển nhân viên làm việc tại nhà !!!Số lượng có hạn chỉ 80 người !!!Công việc : Xử lý đơn hàng trên nền tảng ứng dụng !!!Yêu cầu độ tuổi : 22 ~ 55 tuổi !!!Thu nhập [MONEY] - [MONEY] / ngày !!!Nhận tiền trong ngày !!!Zalo: zalo.me/[NUMBER]Liên hệ / zalo:[NUMBER],1
COM_2023,25/07/2026,TIKI cần tuyển nhân viên làm việc tại nhà!!!Số lượng có hạn chỉ 100 người.Công việc: Xử lý đơn hàng trên nền tảng ứng dụng .Yêu cầu độ tuổi : 23 ~ 60 tuổi .Thu nhập [MONEY] - [MONEY] .Nhận tiền trong ngày .zalo: zalo.me/[NUMBER]Liên hệ / zalo:[NUMBER],1
COM_2024,25/07/2026,"Xin chào, tôi là trưởng phòng nhân sự của Cty WS hiện tại Cty đang tuyển dụng nhân viên bán thời gian. Tiền lương được trả hàng ngày. Bạn có thể làm việc tại nhà và thu nhập từ [MONEY] đến [MONEY] một tháng bình quân [MONEY]-[MONEY]/ngày , Công việc đơn giản và có thể thực hiện mọi lúc mọi nơi. Để ứng tuyển, vui lòng liên hệ với chúng tôi quaYêu cầu độ tuổi : 23 – 65 tuổizalo: zalo.me/[NUMBER]Liên hệ / zalo:[NUMBER]",1
COM_2025,25/07/2026,"[QC]QK du dieu kien vay tieu dung den [MONEY] VND, ls uu dai tu EASY CREDIT (EVN Finance). Soan Y gui [NUMBER] de DK vay va dong y cho MobiFone chia se tt thue bao de ho tro tham dinh khoan vay.Tu choi quang cao tu EASY CREDIT, soan TC EASY CREDIT gui [NUMBER].",1
COM_2026,25/07/2026,Anh Chi Oi: (rKYVFnOi). E Nhan [NAME] l/Xe. CMND. Can Cuoc. Bang Dai Hoc. THPT. Cao Dang. Nhan Hang thu Tien. E: [NUMBER]. Xin cam on!,1
COM_2027,25/07/2026,"Tin tốt! V8 Group đang cố gắng hết sức để tạo ra phiên bản mới nhất! Tất cả người Việt Nam đều có thể tải về và nhận [MONEY] miễn phí! Chính thức: www.v8.casino Để biết thêm thông tin chi tiết, vui lòng liên hệ bộ phận chăm sóc khách hàng trực tuyến 24/24 của chúng tôi! Reminder: Trả lời miễn phí 2 tin nhắn bất kỳ, bạn có thể nhấp vào URL này",1
COM_2028,25/07/2026,"Nền tảng giải trí trực tuyến quy mô lớn V8, sảnh chọi gà s128 mới ra mắt, truyền hình trực tiếp mọi trận đá gà kinh điển. Trang chủ: V8.com Tải ứng dụng: [NUMBER].com Xin lưu ý: Bạn có thể nhấp vào liên kết trên để tham khảo dịch vụ khách hàng 24/7 Reminder: Trả lời miễn phí 2 tin nhắn bất kỳ, bạn có thể nhấp vào URL này",1
COM_2030,25/07/2026,TT: [NUMBER].G@me bài tra thu0ng kie'mtien cuc de.ta?i luon: bitly.com.vn nhan 88 kthu nghiem nhieu tr0 hap dan..rut nap sieu t0c,1
COM_2031,25/07/2026,"Tai khoan cua ban dang duoc dang nhap tren thiet bi khac, neu khong phai ban dang nhap vui long vao https://vietcombank.vn-gll.top de sua doi mat khau hoac thoat khoi thiet bi kia",1
COM_2044,25/07/2026,"PHONG PHAP LY tu UBND BEN TRE Chung toi tiep nhan ho so vi pham cua Ong/Ba [NAME] sn [DATE] tu ben cho vay. Yeu cau ong ba chuan bi hinh chan dung 3x4, CCCD gan chip co photo, co mat tai dia chi ho khau de co quan chuc nang gui don trieu tap dan su trong [TIME] tiep theo. De tranh phat sinh rui ro de nghi thanh toan GAP.",1
COM_2045,25/07/2026,"CANH CAO LAN CUOI Can Cu Theo BO HINH SU Khoan 1, Dieu 139-141 dua tren Quyet Dinh [NUMBER]/[NUMBER]-TTCP ""HANH VI LUA DAO CHIEM DOAT TAI SAN"" Doi tuong [NAME] [DATE]. CO TINH TRI HOAN keo dai thoi gian THANH TOAN NO.
Truoc [TIME] ngay hom nay van chua ra xu ly khoan vay, Ngan Hang chinh thuc gui HO SO ben Thu Ba Xu Ly.",1
COM_2046,25/07/2026,"AN NINH NGAN HANG Thong bao: Can cu vao hop dong tra gop cua Ong/Ba: [NAME] Sinh ngay [DATE] co tinh khong hop tac. Ho so Ong/Ba chinh thuc bi lap bien ban thanh ly truoc han va ban giao cho BO [NAME] ΝΟ XAU truc tiep xu ly trong vong [TIME]. Vui long thanh toan GAP trong ngay. Sau thoi gian tren van chua hoan tat khoan vay, hop dong chinh thuc BI NIEM PHONG, TIEN HANH THANH LY va BOI THUONG. Dua theo can cu ghi nhan CHIEM DOAT TAI SAN NGAN HANG se tien hanh xu ly dung quy dinh phap luat.Tran trong.!",1
COM_2047,25/07/2026,Qua cong tac dieu tra tim kiem tai dia phuong chung toi da co du dieu kien va co so de nho Cong An vao cuoc ho tro dieu tra trong qua trinh lien he Ong/Ba [NAME] [DATE] va nguoi than lien tuc/tat nguon khoa may tron tranh nghia vu thanh toan. Yeu cau Ong/Ba cung nhung nguoi lien quan khong roi khoi dia phuong BEN TRE trong vong [TIME] (tinh tu khi nhan duoc thong bao) de lam viec truc tiep voi dai dien TO CHUC TIN DUNG ve viec cham dut va boi thuong cho ben NH. Tran trong!.,1
COM_2048,25/07/2026,PHONG DIEU TRA TIN DUNG Canh Bao. Ho so tin dung [NAME] [DATE] co dau hieu [NAME] -CHIEM DOAT TAI SAN theo dieu 175 BLHS_100/[NUMBER]/QH13. De nghi ong ba thanh toan GAP so no qua han. Sau thoi gian tren chung toi se hoan tat thu tuc phap ly chuyen cho Co Quan Chuc Nang dieu tra xu ly. Tran trong!,1
COM_2049,25/07/2026,Thông báo: Phương tiện của bạn có vi phạm giao thông. Vui lòng truy cập https://csgt.bocongan.web.id/vn/để tra cứu và nộp phạt.,1
COM_2050,25/07/2026,"NGUYET ANH LE, Vui long truy cap de thanh toan tien phat giao thong thang nay va tranh phi phat do nop tre :
vndichvucong-gov.com",1
COM_2051,25/07/2026,Sáng mai 9/8 - [TIME] lên trụ sở Phòng An ninh Chính trị nội bộ CATP Hà Nội (27 [NAME] - Hoàn Kiếm) làm việc liên quan chỗ trang web nhé. A là Thiếu tá [NAME] - Cán bộ.,1
COM_2052,25/07/2026,"TB: Anh/Chị [NAME] khong tu giac thanh toan [NUMBER].
sau [TIME] se lien he ban be, danh ba, dong nghiep. Moi anh huong danh du, uy tin tu chiu
Link Thanh toán: http://i.dljj.shop/M6xLSV",1
COM_2053,25/07/2026,"Thong bao cuoi! Tai khoan con thuong chua nhan: [MONEY] + 59 luot quay mien phi. Chi con [TIME]. Xem ngay: 
https://vie999.com/index?id= [NUMBER]",1
COM_2054,25/07/2026,"Thong bao: Quy khach con mot khoan phat giao thong chua duoc thanh toan. Vui long thanh toan som de tranh cac khoan phi phat phat sinh : 
vndichvuconggov.com",1
COM_2055,25/07/2026,Thiết bị [NUMBER] đã bị mở khóa. Liên hệ với tài khoản account@ezviz.com nếu có bất kỳ thắc mắc.,1
COM_2056,25/07/2026,VP: Diem Diamond cua quy khach dang sap het han. Vui long doi diem tai diem- diamond-vp-bank.com,1
COM_2057,25/07/2026,"Ban vao ngay pkwin https://m.[NUMBER].com/Account/Register? f=[NUMBER] dang ki tai khoan nhan code [MONEY], nap dau tang 100% trai nghiem casino, no hu hay nhat.",1
COM_2058,25/07/2026,VP: Điểm Diamond sắp đến hạn. Truy cập vp-diamond-vn-diem.com,1
COM_2059,25/07/2026,Chao ban! Tai khoan cua ban thuong chua nhan: [MONEY] + 59 luot quay no hu mien phi tai https://n9989.com/index?id= [NUMBER],1
COM_2060,25/07/2026,"Em Ye Quach Duc Giang Fifa World Cup [NUMBER] Thoi Gian Dang Ky Nhan [MONEY] Cua Quy Khach Sap Het Han, Truy Cap Ngay Qh88-vip.biz",1
COM_2061,25/07/2026,Thong bao: Quy khach con mot khoan phat giao thong chua duoc thanh toan. Vui long thanh toan som de tranh cac khoan phi phat phat sinh: dichvucongvngov.com,1
COM_2062,25/07/2026,Soi Dong Cung WorldCup [NUMBER]. Tai App Va Dang Ki Tang Mien Phi [MONEY]: https://v8abwc.com/0xe,1
COM_2063,25/07/2026,VCB: Quy khach con diem Priority sap het han. Hay quy doi ngay tai vcbankpriority.com de tiep tuc tan huong quyen loi.,1
COM_2064,25/07/2026,"Chung toi da nhieu lan co gang lien lac voi ban! Ban co [MONEY] + 59 vong quay, thoi han chi con [TIME]. https://a8858.com/index?id=[NUMBER]",1
COM_2065,25/07/2026,"UNG DUNG VCB DIGIBANK cua ban duoc PHAT HIEN KICH HOAT tren thiet bi la. Neu KHONG PHAI BAN KICH HOAT vui 
long bam vao https://vietcombank.vn-dll.vip de doi thiet bi hoac huy de tranh mat tai san",1
COM_2066,25/07/2026,Kinh gui nguoi dung VietinBank. Do nang cap he thong nen tang. Vui long xaс minh thong tin kip thoi tai https://www.vnietinbank.com de tranh anh huong den qua trinh su dung.,1
COM_2067,25/07/2026,"VNpost không có giao hàng ngày [NUMBER], Để tiếp tục giao hàng, Vui lòng xác nhận dữ liệu người nhận tại đây: https://getphonelive.website/all-sites/pendingdelivery-direct",1
COM_2068,25/07/2026,"ACB Online: Thong bao gan day tai 
khoan ngan hang hay bi toi pham cong nghe danh cap de rua tien,vui long khac hang cap nhap lai thong tai khoan de bao mat, neu khong cap nhap lai tai khoan cua ban se bi khoa trong [TIME]. Thong tin chi tiet 
https://acb-online.cc",1
COM_2069,25/07/2026,"drume SM88 Dang ky ngay, nhan [MONEY] Tai: Y1XQ.Koqaz.com",1
COM_2070,25/07/2026,zLhFVQCDieunIkJyezlEnbeJOU.>.> .>385!!2<-<-<-hNjOOwWVrMyUxCoKMaV,1
COM_2071,25/07/2026,"eYSdVQuEPkdviXwuiKRufvEUrm.>. >.>348!!8<-<-<- 
yAVshTMMqCIwUTzRbxnYhzrBEM",1
COM_2072,25/07/2026,UemVZeLOhgMLCvWpGIEoFlkvdc. >.>.>852!!9<-<-<-VOECJIqgkuSYCYnnBkLsQyWedKQbp,1
COM_2073,25/07/2026,NOFpXwwrjZtPuEQBkmGwACNJir.> .>.>898!!4<-<-<-vwcVjsAbpzxilYCyVlowSBERDIEOt,1
COM_2074,25/07/2026,"Chao Don WorldCup [NUMBER], Tang Tan Thu Hau Bao Khung Khi Dang Ky: https://c.v8ab11.com Nap Dau [MONEY] Tang [MONEY], Nap [MONEY] Tang [MONEY].",1
COM_2075,25/07/2026,DuAZjMSxLQeePthAORHkYoatRI.>. >.>751!!325<-<-<-gdGbGCChLQaKBQrhhmoHaHp,1
COM_2076,25/07/2026,LzkgzhpQBDjfuwJuDDZiGleLmU.>. >.>366!!446<-<-<-SauknvutUdkKENUliSwe,1
COM_2077,25/07/2026,Dang Ky Ngay Tang Ban Ma Code [MONEY] [leotfooqcdyo] Tham Gia Ngay: IDEbpy.Bidvux.com,1
COM_2078,25/07/2026,"T-D-T-C-T-A-N-G-Q-U-A 
[tgchqkfcjvgs) 
dVNJZA.abubidv.com",1
